label	species	n_single	n_multi	n_confirmed	family
Phaseolus_vulgaris	Phaseolus vulgaris	107	9	116	Fabaceae
IRL_clade	IRL clade	12	1	13	Fabaceae
Lactuca_sativa	Lactuca sativa	317	22	339	Asteraceae
Arabidopsis_thaliana	Arabidopsis thaliana	1714	91	1805	Brassicaceae
Theobroma_cacao	Theobroma cacao	9	2	11	Malvaceae
Quercus_lobata	Quercus lobata	0	1	1	
Capsicum_annuum	Capsicum annuum	81	31	112	Solanaceae
Aegilops_tauschii	Aegilops tauschii	12	6	18	Poaceae
Mangifera_indica	Mangifera indica	31	10	41	
Zea_mays	Zea mays	882	97	979	Poaceae
Solanum_lycopersicum	Solanum lycopersicum	553	120	673	Solanaceae
BOP_clade	BOP clade	201	7	208	Poaceae
Triticum_aestivum	Triticum aestivum	954	218	1172	Poaceae
Fragaria_vesca	Fragaria vesca	12	3	15	Rosaceae
Cucumis_melo	Cucumis melo	45	35	80	Cucurbitaceae
Solanum_pennellii	Solanum pennellii	6	9	15	Solanaceae
Ananas_comosus	Ananas comosus	0	1	1	
Hevea_brasiliensis	Hevea brasiliensis	0	1	1	Euphorbiaceae
Musa_acuminata	Musa acuminata	73	12	85	Musaceae
NPAAA_clade	NPAAA clade	35	1	36	Fabaceae
Cicer_arietinum	Cicer arietinum	67	52	119	Fabaceae
Solanum_tuberosum	Solanum tuberosum	343	58	401	Solanaceae
Aegilops_tauschii_subsp__tauschii	Aegilops tauschii subsp. tauschii	196	1	197	Poaceae
Brassica_napus	Brassica napus	222	10	232	Brassicaceae
Malus_domestica	Malus domestica	94	15	109	Rosaceae
Prunus_persica	Prunus persica	29	14	43	Rosaceae
Brassica_oleracea	Brassica oleracea	10	6	16	Brassicaceae
Hordeum_vulgare	Hordeum vulgare	162	32	194	Poaceae
Cucumis_sativus	Cucumis sativus	100	11	111	Cucurbitaceae
PACMAD_clade	PACMAD clade	56	1	57	Poaceae
Oryza_sativa	Oryza sativa	249	19	268	Poaceae
Heliantheae_alliance	Heliantheae alliance	15	1	16	Asteraceae
Arabidopsis_lyrata	Arabidopsis lyrata	0	1	1	Brassicaceae
Quercus_suber	Quercus suber	4	1	5	
Populus_alba	Populus alba	1	1	2	
Solanum_subgen__Lycopersicon	Solanum subgen. Lycopersicon	3	4	7	Solanaceae
Cucurbita_moschata	Cucurbita moschata	10	3	13	Cucurbitaceae
Citrus_sinensis	Citrus sinensis	29	6	35	Rutaceae
Daucus_carota	Daucus carota	37	3	40	
Daucus_carota_subsp__sativus	Daucus carota subsp. sativus	0	1	1	
Brassica_rapa	Brassica rapa	25	3	28	Brassicaceae
Pisum_sativum	Pisum sativum	15	1	16	Fabaceae
Beta_vulgaris	Beta vulgaris	19	3	22	
Triticum_dicoccoides	Triticum dicoccoides	32	0	32	Poaceae
Glycine_max	Glycine max	467	5	472	Fabaceae
Camellia_sinensis	Camellia sinensis	27	1	28	
Nicotiana_tabacum	Nicotiana tabacum	129	27	156	Solanaceae
Juglans_regia	Juglans regia	30	0	30	
Brachypodium_distachyon	Brachypodium distachyon	80	0	80	Poaceae
Oryza_sativa_Japonica_Group	Oryza sativa Japonica Group	46	2	48	Poaceae
Ipomoea_triloba	Ipomoea triloba	37	0	37	
Benincasa_hispida	Benincasa hispida	14	0	14	Cucurbitaceae
Morus_notabilis	Morus notabilis	5	0	5	
Raphanus_sativus	Raphanus sativus	6	0	6	Brassicaceae
Vicia_villosa	Vicia villosa	5	0	5	Fabaceae
Asparagus_officinalis	Asparagus officinalis	5	0	5	
Vitis_vinifera	Vitis vinifera	195	32	227	Vitaceae
Lolium_perenne	Lolium perenne	6	0	6	Poaceae
Panicum_virgatum	Panicum virgatum	7	0	7	Poaceae
Carya_illinoinensis	Carya illinoinensis	9	0	9	
Medicago_truncatula	Medicago truncatula	7	0	7	Fabaceae
Sorghum_bicolor	Sorghum bicolor	42	8	50	Poaceae
Physcomitrium_patens	Physcomitrium patens	7	0	7	
Nicotiana_attenuata	Nicotiana attenuata	21	0	21	Solanaceae
Malus_sylvestris	Malus sylvestris	6	0	6	Rosaceae
Cucurbita_maxima	Cucurbita maxima	4	0	4	Cucurbitaceae
Populus_trichocarpa	Populus trichocarpa	5	0	5	
Solanum_verrucosum	Solanum verrucosum	3	0	3	Solanaceae
Rosa_chinensis	Rosa chinensis	6	0	6	Rosaceae
Gossypium_hirsutum	Gossypium hirsutum	86	4	90	Malvaceae
Vitis_riparia	Vitis riparia	8	0	8	Vitaceae
Olea_europaea_var__sylvestris	Olea europaea var. sylvestris	1	0	1	
Nicotiana_tomentosiformis	Nicotiana tomentosiformis	3	0	3	Solanaceae
Glycine_soja	Glycine soja	2	0	2	Fabaceae
Ricinus_communis	Ricinus communis	5	0	5	Euphorbiaceae
Jatropha_curcas	Jatropha curcas	1	0	1	Euphorbiaceae
Setaria_italica	Setaria italica	16	3	19	Poaceae
Panicum_hallii	Panicum hallii	1	0	1	Poaceae
Oryza_glaberrima	Oryza glaberrima	1	0	1	Poaceae
Nicotiana_sylvestris	Nicotiana sylvestris	1	0	1	Solanaceae
Gossypium_arboreum	Gossypium arboreum	1	0	1	Malvaceae
Andrographis_paniculata	Andrographis paniculata	1	0	1	
Manihot_esculenta	Manihot esculenta	11	1	12	Euphorbiaceae
Carica_papaya	Carica papaya	16	0	16	Caricaceae
Helianthus_annuus	Helianthus annuus	18	0	18	Asteraceae
Chenopodium_quinoa	Chenopodium quinoa	20	3	23	
Dendrobium_catenatum	Dendrobium catenatum	4	0	4	
Hibiscus_syriacus	Hibiscus syriacus	2	0	2	Malvaceae
Dioscorea_cayenensis	Dioscorea cayenensis	1	0	1	
Papaver_somniferum	Papaver somniferum	1	0	1	
Cucurbita_pepo	Cucurbita pepo	65	1	66	Cucurbitaceae
Erigeron_canadensis	Erigeron canadensis	1	0	1	Asteraceae
Citrus_clementina	Citrus clementina	4	0	4	Rutaceae
Spinacia_oleracea	Spinacia oleracea	1	0	1	
Solanum_dulcamara	Solanum dulcamara	1	0	1	Solanaceae
Pterocarpus_clade	Pterocarpus clade	1	0	1	Fabaceae
Ipomoea_nil	Ipomoea nil	1	0	1	
Vigna_unguiculata	Vigna unguiculata	59	0	59	Fabaceae
Helianthus_annuus_subsp__annuus	Helianthus annuus subsp. annuus	48	59	107	Asteraceae
Castanea_sativa	Castanea sativa	3	2	5	
Arachis_hypogaea	Arachis hypogaea	56	120	176	Fabaceae
Lathyrus_oleraceus	Lathyrus oleraceus	8	10	18	Fabaceae
Citrullus_lanatus	Citrullus lanatus	16	22	38	Cucurbitaceae
Ipomoea_batatas	Ipomoea batatas	8	13	21	
Lilium_cernuum	Lilium cernuum	0	1	1	
Trifolium_pratense	Trifolium pratense	2	4	6	Fabaceae
Chrysanthemum_x_morifolium	Chrysanthemum x morifolium	58	18	76	Asteraceae
Gossypium_barbadense	Gossypium barbadense	2	7	9	Malvaceae
Actinidia_chinensis	Actinidia chinensis	3	2	5	Actinidiaceae
Vicia_faba_var__minor	Vicia faba var. minor	0	1	1	Fabaceae
Medicago_sativa	Medicago sativa	33	3	36	Fabaceae
Vitis_davidii	Vitis davidii	0	3	3	Vitaceae
Nicotiana_benthamiana	Nicotiana benthamiana	47	6	53	Solanaceae
Cunninghamia_lanceolata	Cunninghamia lanceolata	7	3	10	
Cucurbita_pepo_subsp__pepo	Cucurbita pepo subsp. pepo	10	7	17	Cucurbitaceae
Triticum_polonicum	Triticum polonicum	3	2	5	Poaceae
Prunus_domestica	Prunus domestica	2	3	5	Rosaceae
Citrus_x_paradisi	Citrus x paradisi	2	3	5	Rutaceae
Linum_usitatissimum	Linum usitatissimum	14	8	22	
Pyrus_pyrifolia	Pyrus pyrifolia	7	5	12	Rosaceae
Fragaria_x_ananassa	Fragaria x ananassa	16	2	18	Rosaceae
Vitis_vinifera_x_Vitis_labrusca	Vitis vinifera x Vitis labrusca	0	3	3	Vitaceae
Gerbera_hybrid_cultivar	Gerbera hybrid cultivar	4	1	5	Asteraceae
Tagetes_erecta	Tagetes erecta	18	10	28	Asteraceae
Lilium_brownii	Lilium brownii	8	2	10	
Pseudostellaria_heterophylla	Pseudostellaria heterophylla	7	1	8	
Lilium_hybrid_cultivar	Lilium hybrid cultivar	16	2	18	
Petroselinum_crispum	Petroselinum crispum	0	1	1	
Daucus_carota_subsp__carota	Daucus carota subsp. carota	1	1	2	
Panax_ginseng	Panax ginseng	8	3	11	
Humulus_lupulus	Humulus lupulus	3	6	9	
Pinus_massoniana	Pinus massoniana	1	1	2	
Triticum_turgidum	Triticum turgidum	18	6	24	Poaceae
Hordeum_vulgare_subsp__vulgare	Hordeum vulgare subsp. vulgare	5	2	7	Poaceae
Triticum_turgidum_subsp__durum	Triticum turgidum subsp. durum	18	3	21	Poaceae
Citrus_reticulata	Citrus reticulata	7	2	9	Rutaceae
Lilium_brownii_var__viridulum	Lilium brownii var. viridulum	2	1	3	
Pyrus_x_bretschneideri	Pyrus x bretschneideri	0	1	1	Rosaceae
Brassica_oleracea_var__capitata	Brassica oleracea var. capitata	0	1	1	Brassicaceae
Citrus_trifoliata	Citrus trifoliata	7	1	8	Rutaceae
Raphanus_sativus_var__sativus	Raphanus sativus var. sativus	7	2	9	Brassicaceae
Stylosanthes_guianensis	Stylosanthes guianensis	1	1	2	Fabaceae
Brassica_juncea	Brassica juncea	20	1	21	Brassicaceae
Prunus_avium	Prunus avium	16	0	16	Rosaceae
Avena_sativa	Avena sativa	19	0	19	Poaceae
Zea_mays_subsp__mays	Zea mays subsp. mays	62	0	62	Poaceae
Castanea_dentata	Castanea dentata	9	0	9	
Castanea_mollissima	Castanea mollissima	20	0	20	
Lilium_lancifolium	Lilium lancifolium	6	0	6	
Beta_vulgaris_subsp__vulgaris	Beta vulgaris subsp. vulgaris	9	0	9	
Brassica_rapa_subsp__pekinensis	Brassica rapa subsp. pekinensis	5	0	5	Brassicaceae
Oryza_sativa_Indica_Group	Oryza sativa Indica Group	35	0	35	Poaceae
Musa_acuminata_AAA_Group	Musa acuminata AAA Group	7	0	7	Musaceae
Solanum_chacoense	Solanum chacoense	4	0	4	Solanaceae
Solanum_microdontum	Solanum microdontum	2	0	2	Solanaceae
Kalanchoe_fedtschenkoi	Kalanchoe fedtschenkoi	2	0	2	
Populus_x_canadensis	Populus x canadensis	2	0	2	
Rosa_hybrid_cultivar	Rosa hybrid cultivar	10	0	10	Rosaceae
Dianthus_caryophyllus	Dianthus caryophyllus	16	0	16	
Brassica_rapa_subsp__chinensis	Brassica rapa subsp. chinensis	3	0	3	Brassicaceae
Solanum_pimpinellifolium	Solanum pimpinellifolium	6	0	6	Solanaceae
Allium_cepa	Allium cepa	7	0	7	Amaryllidaceae
Saccharum_officinarum	Saccharum officinarum	6	0	6	Poaceae
Triticum_carthlicum	Triticum carthlicum	2	0	2	Poaceae
Actinidia_deliciosa	Actinidia deliciosa	2	0	2	Actinidiaceae
Olea_europaea	Olea europaea	9	0	9	
Eragrostis_curvula	Eragrostis curvula	1	0	1	Poaceae
Triticum_turgidum_subsp__dicoccum	Triticum turgidum subsp. dicoccum	7	0	7	Poaceae
Citrus_junos	Citrus junos	2	0	2	Rutaceae
Camellia_oleifera	Camellia oleifera	16	0	16	
Lilium_davidii	Lilium davidii	3	0	3	
Secale_cereale	Secale cereale	2	0	2	Poaceae
Lilium_pumilum	Lilium pumilum	11	0	11	
Solanum_melongena	Solanum melongena	1	0	1	Solanaceae
Triticum_turgidum_subsp__durum_x_Triticum_dicoccoides	Triticum turgidum subsp. durum x Triticum dicoccoides	2	0	2	Poaceae
Ziziphus_jujuba	Ziziphus jujuba	2	0	2	
Panax_notoginseng	Panax notoginseng	1	0	1	
Lilium_akkusianum	Lilium akkusianum	1	0	1	
Triticum_urartu	Triticum urartu	1	0	1	Poaceae
Vitis_amurensis	Vitis amurensis	5	0	5	Vitaceae
Zea_mays_subsp__parviglumis	Zea mays subsp. parviglumis	1	0	1	Poaceae
Acer_truncatum	Acer truncatum	1	0	1	
Litchi_chinensis	Litchi chinensis	2	0	2	
Medicago_sativa_subsp__falcata	Medicago sativa subsp. falcata	4	0	4	Fabaceae
Pinus_sylvestris	Pinus sylvestris	5	0	5	
Pinus_contorta	Pinus contorta	1	0	1	
Hordeum_vulgare_subsp__spontaneum	Hordeum vulgare subsp. spontaneum	1	0	1	Poaceae
Triticum_monococcum	Triticum monococcum	1	0	1	Poaceae
Lilium_sp___Yelloween_	Lilium sp. 'Yelloween'	1	0	1	
Pyrus_communis	Pyrus communis	3	0	3	Rosaceae
Citrus_maxima	Citrus maxima	1	0	1	Rutaceae
Vitis_hybrid_cultivar	Vitis hybrid cultivar	1	0	1	Vitaceae
Gerbera_jamesonii	Gerbera jamesonii	1	0	1	Asteraceae
Lolium_arundinaceum	Lolium arundinaceum	1	0	1	Poaceae
Olea_europaea_subsp__europaea	Olea europaea subsp. europaea	1	0	1	
Lilium_longiflorum	Lilium longiflorum	1	0	1	
Lens_culinaris	Lens culinaris	1	0	1	Fabaceae
Vicia_faba	Vicia faba	1	0	1	Fabaceae
Atractylodes_macrocephala	Atractylodes macrocephala	1	0	1	Asteraceae
