stratum	expectation	host	run	biosample	species	reads	coverage	score	all_strata	layout	read_files
borderline	unknown-calibrates-floor	Triticum aestivum	ERR3170198	SAMEA5366320	Blumeria graminis	907	0.01001	0.824	borderline	paired	reads/ERR3170198_1.fastq.gz,reads/ERR3170198_2.fastq.gz
borderline	unknown-calibrates-floor	Triticum aestivum	ERR3170251	SAMEA5366373	Bipolaris sorokiniana	2527	0.01069	0.729	borderline	paired	reads/ERR3170251_1.fastq.gz,reads/ERR3170251_2.fastq.gz
borderline,off_host	unknown-calibrates-floor	Hordeum vulgare	ERR4315351	SAMEA7035993	Puccinia striiformis	6995	0.01443	0.787	off_host,borderline	paired	reads/ERR4315351_1.fastq.gz,reads/ERR4315351_2.fastq.gz
borderline	unknown-calibrates-floor	Triticum aestivum	ERR4315409	SAMEA7036051	Puccinia triticina	7516	0.0139	0.862	congeneric,borderline	paired	reads/ERR4315409_1.fastq.gz,reads/ERR4315409_2.fastq.gz
borderline	unknown-calibrates-floor	Triticum aestivum	ERR4315434	SAMEA7036076	Alternaria alternata	3202	0.0106	0.836	borderline	paired	reads/ERR4315434_1.fastq.gz,reads/ERR4315434_2.fastq.gz
borderline	unknown-calibrates-floor	Triticum aestivum	ERR4315503	SAMEA7036145	Fusarium avenaceum	10485	0.01531	0.869	borderline	paired	reads/ERR4315503_1.fastq.gz,reads/ERR4315503_2.fastq.gz
borderline,congeneric,off_host	unknown-calibrates-floor	Ipomoea batatas	ERR4315616	SAMEA7036259	Puccinia triticina	24838	0.01607	0.815	congeneric,off_host,borderline	paired	reads/ERR4315616_1.fastq.gz,reads/ERR4315616_2.fastq.gz
borderline,off_host	unknown-calibrates-floor	Ipomoea batatas	ERR4315617	SAMEA7036260	Pyrenophora tritici-repentis	6216	0.01647	0.743	off_host,borderline	paired	reads/ERR4315617_1.fastq.gz,reads/ERR4315617_2.fastq.gz
borderline,off_host	unknown-calibrates-floor	Ipomoea batatas	ERR4315617	SAMEA7036260	Zymoseptoria tritici	3814	0.01338	0.795	off_host,borderline	paired	reads/ERR4315617_1.fastq.gz,reads/ERR4315617_2.fastq.gz
borderline	unknown-calibrates-floor	Glycine max	ERR5696211	SAMEA8550307	Phakopsora pachyrhizi	941	0.01002	0.769	borderline	paired	reads/ERR5696211_1.fastq.gz,reads/ERR5696211_2.fastq.gz
borderline	unknown-calibrates-floor	Glycine max	ERR6548377	SAMEA9533757	Phakopsora pachyrhizi	3604	0.01336	0.702	borderline	paired	reads/ERR6548377_1.fastq.gz,reads/ERR6548377_2.fastq.gz
borderline	unknown-calibrates-floor	Hordeum vulgare	SRR10221950	SAMN12884894	Pyrenophora teres	3216	0.01139	0.804	borderline	paired	reads/SRR10221950_1.fastq.gz,reads/SRR10221950_2.fastq.gz
borderline	unknown-calibrates-floor	Populus x canadensis	SRR11216276	SAMN09448926	Colletotrichum fructicola	2489	0.01142	0.866	borderline	single	reads/SRR11216276.fastq.gz
borderline	unknown-calibrates-floor	Populus x canadensis	SRR11216297	SAMN09531621	Colletotrichum fructicola	2449	0.0102	0.862	borderline	single	reads/SRR11216297.fastq.gz
borderline	unknown-calibrates-floor	Malus domestica	SRR12488738	SAMN15870153	Alternaria alternata	2166	0.01494	0.865	off_host,borderline	paired	reads/SRR12488738_1.fastq.gz,reads/SRR12488738_2.fastq.gz
borderline,off_host	unknown-calibrates-floor	Malus domestica	SRR12488739	SAMN15870152	Alternaria alternata	1863	0.01329	0.862	off_host,borderline	paired	reads/SRR12488739_1.fastq.gz,reads/SRR12488739_2.fastq.gz
borderline	unknown-calibrates-floor	Zea mays	SRR15141440	SAMN20205404	Fusarium avenaceum	8320	0.01358	0.863	borderline	paired	reads/SRR15141440_1.fastq.gz,reads/SRR15141440_2.fastq.gz
borderline	unknown-calibrates-floor	Mangifera indica	SRR21195563	SAMN30451167	Colletotrichum gloeosporioides	31388	0.01496	0.701	congeneric,borderline	paired	reads/SRR21195563_1.fastq.gz,reads/SRR21195563_2.fastq.gz
borderline,congeneric	unknown-calibrates-floor	Mangifera indica	SRR21195570	SAMN30451165	Colletotrichum gloeosporioides	18401	0.01155	0.733	congeneric,borderline	paired	reads/SRR21195570_1.fastq.gz,reads/SRR21195570_2.fastq.gz
borderline	unknown-calibrates-floor	Mangifera indica	SRR21195571	SAMN30451165	Fusarium proliferatum	13173	0.01856	0.864	borderline	paired	reads/SRR21195571_1.fastq.gz,reads/SRR21195571_2.fastq.gz
borderline,congeneric	unknown-calibrates-floor	Mangifera indica	SRR21195572	SAMN30451165	Fusarium fujikuroi	14043	0.0111	0.867	congeneric,borderline	paired	reads/SRR21195572_1.fastq.gz,reads/SRR21195572_2.fastq.gz
borderline	unknown-calibrates-floor	Mangifera indica	SRR21195577	SAMN30451163	Colletotrichum siamense	2326	0.01322	0.857	borderline	paired	reads/SRR21195577_1.fastq.gz,reads/SRR21195577_2.fastq.gz
borderline,congeneric	unknown-calibrates-floor	Mangifera indica	SRR21195581	SAMN30451162	Colletotrichum asianum	2645	0.01028	0.848	congeneric,borderline	paired	reads/SRR21195581_1.fastq.gz,reads/SRR21195581_2.fastq.gz
borderline,congeneric	unknown-calibrates-floor	Mangifera indica	SRR21195582	SAMN30451162	Colletotrichum fructicola	1624	0.01166	0.834	congeneric,borderline	paired	reads/SRR21195582_1.fastq.gz,reads/SRR21195582_2.fastq.gz
borderline,congeneric,off_host	unknown-calibrates-floor	Hordeum vulgare	SRR24010233	SAMN33975265	Puccinia triticina	33414	0.01513	0.834	congeneric,off_host,borderline	paired	reads/SRR24010233_1.fastq.gz,reads/SRR24010233_2.fastq.gz
borderline,off_host	unknown-calibrates-floor	Hordeum vulgare	SRR24010242	SAMN33975258	Parastagonospora nodorum	5935	0.01024	0.821	off_host,borderline	paired	reads/SRR24010242_1.fastq.gz,reads/SRR24010242_2.fastq.gz
borderline,off_host	unknown-calibrates-floor	Arabidopsis thaliana	SRR27326679	SAMN39079280	Alternaria alternata	5182	0.01416	0.869	off_host,borderline	paired	reads/SRR27326679_1.fastq.gz,reads/SRR27326679_2.fastq.gz
borderline,off_host	unknown-calibrates-floor	Arabidopsis thaliana	SRR27326787	SAMN39079356	Alternaria alternata	8458	0.01495	0.864	off_host,borderline	paired	reads/SRR27326787_1.fastq.gz,reads/SRR27326787_2.fastq.gz
borderline	unknown-calibrates-floor	Musa acuminata	SRR29076457	SAMN41447186	Fusarium oxysporum	70005	0.019	0.834	borderline	paired	reads/SRR29076457_1.fastq.gz,reads/SRR29076457_2.fastq.gz
borderline,congeneric	unknown-calibrates-floor	Musa acuminata	SRR29076501	SAMN41447188	Fusarium odoratissimum	615	0.0151	0.737	congeneric,borderline	paired	reads/SRR29076501_1.fastq.gz,reads/SRR29076501_2.fastq.gz
borderline,congeneric	unknown-calibrates-floor	Musa acuminata	SRR29076501	SAMN41447188	Fusarium oxysporum	90778	0.01414	0.824	congeneric,borderline	paired	reads/SRR29076501_1.fastq.gz,reads/SRR29076501_2.fastq.gz
borderline,off_host	unknown-calibrates-floor	Hordeum vulgare	SRR33846326	SAMN48898219	Alternaria alternata	2013	0.01143	0.759	off_host,borderline	paired	reads/SRR33846326_1.fastq.gz,reads/SRR33846326_2.fastq.gz
borderline	unknown-calibrates-floor	Eleusine coracana	SRR34026569	SAMN49375724	Pyricularia oryzae	5200	0.01359	0.869	borderline	paired	reads/SRR34026569_1.fastq.gz,reads/SRR34026569_2.fastq.gz
borderline	unknown-calibrates-floor	Eleusine coracana	SRR34026582	SAMN49375712	Pyricularia oryzae	6658	0.01423	0.871	borderline	paired	reads/SRR34026582_1.fastq.gz,reads/SRR34026582_2.fastq.gz
borderline	unknown-calibrates-floor	Brassica napus	SRR3750704	SAMN05363428	Plenodomus lingam	5269	0.01498	0.715	borderline	single	reads/SRR3750704.fastq.gz
borderline	unknown-calibrates-floor	Malus domestica	SRR7753256	SAMN09910614	Penicillium digitatum	4907	0.01051	0.742	borderline	paired	reads/SRR7753256_1.fastq.gz,reads/SRR7753256_2.fastq.gz
borderline,congeneric	unknown-calibrates-floor	Triticum aestivum	SRR7797535	SAMN09927124	Fusarium culmorum	19812	0.01102	0.799	congeneric,borderline	paired	reads/SRR7797535_1.fastq.gz,reads/SRR7797535_2.fastq.gz
borderline	unknown-calibrates-floor	Vitis vinifera	SRR8418341	SAMN10714336	Alternaria alternata	8169	0.01436	0.866	borderline	single	reads/SRR8418341.fastq.gz
borderline	unknown-calibrates-floor	Oryza sativa	SRR8718826	SAMN11111046	Pyricularia oryzae	12615	0.01576	0.755	borderline	paired	reads/SRR8718826_1.fastq.gz,reads/SRR8718826_2.fastq.gz
borderline	unknown-calibrates-floor	Oryza sativa	SRR8718831	SAMN11111100	Pyricularia oryzae	1255	0.0101	0.855	borderline	paired	reads/SRR8718831_1.fastq.gz,reads/SRR8718831_2.fastq.gz
congeneric	collapse-if-cross-map	Triticum aestivum	ERR15005447	SAMEA117593021	Pyrenophora teres	6857	0.02228	0.81	congeneric,mid	paired	reads/ERR15005447_1.fastq.gz,reads/ERR15005447_2.fastq.gz
congeneric	collapse-if-cross-map	Triticum aestivum	ERR15005447	SAMEA117593021	Pyrenophora tritici-repentis	12838	0.03856	0.893	congeneric,mid	paired	reads/ERR15005447_1.fastq.gz,reads/ERR15005447_2.fastq.gz
congeneric	collapse-if-cross-map	Hordeum vulgare	ERR2099114	SAMEA104219916	Puccinia graminis	4196908	0.417	0.861	congeneric,discordant	paired	reads/ERR2099114_1.fastq.gz,reads/ERR2099114_2.fastq.gz
congeneric,off_host,mid	collapse-if-cross-map	Hordeum vulgare	ERR2099114	SAMEA104219916	Puccinia striiformis	25418	0.04583	0.807	congeneric,off_host,mid	paired	reads/ERR2099114_1.fastq.gz,reads/ERR2099114_2.fastq.gz
congeneric	collapse-if-cross-map	Triticum aestivum	ERR2099151	SAMEA104219953	Puccinia striiformis	4395	0.01012	0.741	congeneric,borderline	paired	reads/ERR2099151_1.fastq.gz,reads/ERR2099151_2.fastq.gz
congeneric	collapse-if-cross-map	Ipomoea batatas	ERR3170259	SAMEA5366381	Puccinia triticina	155154	0.14779	0.937	congeneric,off_host	paired	reads/ERR3170259_1.fastq.gz,reads/ERR3170259_2.fastq.gz
congeneric	collapse-if-cross-map	Hordeum vulgare	ERR4315349	SAMEA7035991	Puccinia triticina	1005523	0.2606	0.915	congeneric,off_host	paired	reads/ERR4315349_1.fastq.gz,reads/ERR4315349_2.fastq.gz
congeneric	collapse-if-cross-map	Triticum aestivum	ERR4315517	SAMEA7036159	Puccinia graminis	9087	0.01017	0.731	congeneric,borderline	paired	reads/ERR4315517_1.fastq.gz,reads/ERR4315517_2.fastq.gz
congeneric	collapse-if-cross-map	Triticum aestivum	ERR4315522	SAMEA7036164	Fusarium avenaceum	106125	0.07897	0.909	congeneric,mid	paired	reads/ERR4315522_1.fastq.gz,reads/ERR4315522_2.fastq.gz
congeneric	collapse-if-cross-map	Triticum aestivum	ERR4315522	SAMEA7036164	Fusarium graminearum	18744	0.0103	0.739	congeneric,borderline	paired	reads/ERR4315522_1.fastq.gz,reads/ERR4315522_2.fastq.gz
congeneric,off_host,mid	collapse-if-cross-map	Ipomoea batatas	ERR4315616	SAMEA7036259	Puccinia graminis	12384	0.02776	0.751	congeneric,off_host,mid	paired	reads/ERR4315616_1.fastq.gz,reads/ERR4315616_2.fastq.gz
congeneric,discordant	collapse-if-cross-map	Ipomoea batatas	ERR4315616	SAMEA7036259	Puccinia striiformis	205474	0.15024	0.796	congeneric,off_host,discordant	paired	reads/ERR4315616_1.fastq.gz,reads/ERR4315616_2.fastq.gz
congeneric	collapse-if-cross-map	Triticum aestivum	SRR15357733	SAMN20585433	Puccinia triticina	216222	0.28301	0.949	congeneric	paired	reads/SRR15357733_1.fastq.gz,reads/SRR15357733_2.fastq.gz
congeneric,mid	collapse-if-cross-map	Mangifera indica	SRR21195572	SAMN30451165	Fusarium proliferatum	55494	0.04753	0.893	congeneric,mid	paired	reads/SRR21195572_1.fastq.gz,reads/SRR21195572_2.fastq.gz
congeneric	collapse-if-cross-map	Mangifera indica	SRR21195575	SAMN30451164	Colletotrichum fructicola	5894	0.02489	0.856	congeneric,mid	paired	reads/SRR21195575_1.fastq.gz,reads/SRR21195575_2.fastq.gz
congeneric,mid	collapse-if-cross-map	Mangifera indica	SRR21195582	SAMN30451162	Colletotrichum siamense	7323	0.02384	0.874	congeneric,mid	paired	reads/SRR21195582_1.fastq.gz,reads/SRR21195582_2.fastq.gz
congeneric	collapse-if-cross-map	Zea mays	SRR22142919	SAMN31559019	Alternaria alternata	590963	0.30851	0.88	congeneric,discordant	paired	reads/SRR22142919_1.fastq.gz,reads/SRR22142919_2.fastq.gz
congeneric	collapse-if-cross-map	Zea mays	SRR22142919	SAMN31559019	Alternaria panax	942	0.01103	0.783	congeneric,borderline	paired	reads/SRR22142919_1.fastq.gz,reads/SRR22142919_2.fastq.gz
congeneric	collapse-if-cross-map	Zea mays	SRR22142919	SAMN31559019	Bipolaris maydis	91438	0.18331	0.915	congeneric	paired	reads/SRR22142919_1.fastq.gz,reads/SRR22142919_2.fastq.gz
congeneric	collapse-if-cross-map	Zea mays	SRR22142919	SAMN31559019	Bipolaris zeicola	13016	0.17314	0.74	congeneric,discordant	paired	reads/SRR22142919_1.fastq.gz,reads/SRR22142919_2.fastq.gz
congeneric	collapse-if-cross-map	Zea mays	SRR22142978	SAMN31558965	Bipolaris zeicola	3249	0.06232	0.711	congeneric,mid	paired	reads/SRR22142978_1.fastq.gz,reads/SRR22142978_2.fastq.gz
congeneric	collapse-if-cross-map	Zea mays	SRR31839224	SAMN45964850	Fusarium culmorum	15561	0.0102	0.753	congeneric,borderline	paired	reads/SRR31839224_1.fastq.gz,reads/SRR31839224_2.fastq.gz
congeneric,off_host	collapse-if-cross-map	Zea mays	SRR31839224	SAMN45964850	Fusarium pseudograminearum	64626	0.01121	0.759	congeneric,off_host,borderline	paired	reads/SRR31839224_1.fastq.gz,reads/SRR31839224_2.fastq.gz
congeneric	collapse-if-cross-map	Triticum aestivum	SRR6242045	SAMN07836896	Puccinia triticina	14538	0.01065	0.82	congeneric,borderline	paired	reads/SRR6242045_1.fastq.gz,reads/SRR6242045_2.fastq.gz
congeneric	collapse-if-cross-map	Triticum aestivum	SRR7797543	SAMN09927118	Fusarium pseudograminearum	85721	0.01069	0.728	congeneric,borderline	paired	reads/SRR7797543_1.fastq.gz,reads/SRR7797543_2.fastq.gz
congeneric	collapse-if-cross-map	Zea mays	SRR8204116	SAMN10438637	Fusarium fujikuroi	2639	0.01143	0.853	congeneric,borderline	paired	reads/SRR8204116_1.fastq.gz,reads/SRR8204116_2.fastq.gz
congeneric	collapse-if-cross-map	Zea mays	SRR8204118	SAMN10438643	Cercospora beticola	25787	0.05673	0.906	congeneric,mid	paired	reads/SRR8204118_1.fastq.gz,reads/SRR8204118_2.fastq.gz
congeneric	collapse-if-cross-map	Zea mays	SRR8204118	SAMN10438643	Cercospora zeae-maydis	13752	0.08454	0.715	congeneric,mid	paired	reads/SRR8204118_1.fastq.gz,reads/SRR8204118_2.fastq.gz
congeneric	collapse-if-cross-map	Zea mays	SRR8204123	SAMN10438658	Bipolaris victoriae	4103	0.04679	0.7	congeneric,mid	paired	reads/SRR8204123_1.fastq.gz,reads/SRR8204123_2.fastq.gz
congeneric,off_host	collapse-if-cross-map	Zea mays	SRR8204128	SAMN10438656	Fusarium graminearum	3350	0.01079	0.863	congeneric,off_host,borderline	paired	reads/SRR8204128_1.fastq.gz,reads/SRR8204128_2.fastq.gz
congeneric	collapse-if-cross-map	Zea mays	SRR8204137	SAMN10438652	Bipolaris sorokiniana	2585	0.01163	0.78	congeneric,borderline	paired	reads/SRR8204137_1.fastq.gz,reads/SRR8204137_2.fastq.gz
discordant	unknown-criteria-conflict	Hordeum vulgare	ERR12013054	SAMEA114317573	Puccinia graminis	1682054	0.26297	0.864	discordant	paired	reads/ERR12013054_1.fastq.gz,reads/ERR12013054_2.fastq.gz
discordant	unknown-criteria-conflict	Triticum aestivum	ERR13150779	SAMEA115652381	Fusarium graminearum	2583708	0.1373	0.782	discordant	paired	reads/ERR13150779_1.fastq.gz,reads/ERR13150779_2.fastq.gz
discordant	unknown-criteria-conflict	Hordeum vulgare	ERR1607817	SAMEA4415735	Puccinia striiformis	210422	0.13411	0.858	off_host,discordant	paired	reads/ERR1607817_1.fastq.gz,reads/ERR1607817_2.fastq.gz
discordant	unknown-criteria-conflict	Hordeum vulgare	ERR3500512	SAMEA5920104	Pyrenophora teres	38206	0.11348	0.86	discordant	paired	reads/ERR3500512_1.fastq.gz,reads/ERR3500512_2.fastq.gz
discordant	unknown-criteria-conflict	Hordeum vulgare	ERR3500535	SAMEA5920110	Pyrenophora teres	536812	0.47176	0.883	discordant	paired	reads/ERR3500535_1.fastq.gz,reads/ERR3500535_2.fastq.gz
discordant	unknown-criteria-conflict	Ipomoea batatas	ERR4315220	SAMEA7035862	Puccinia striiformis	1261878	0.29451	0.852	off_host,discordant	paired	reads/ERR4315220_1.fastq.gz,reads/ERR4315220_2.fastq.gz
discordant	unknown-criteria-conflict	Triticum aestivum	ERR4315227	SAMEA7035869	Blumeria graminis	14621	0.10032	0.891	discordant	paired	reads/ERR4315227_1.fastq.gz,reads/ERR4315227_2.fastq.gz
discordant	unknown-criteria-conflict	Triticum aestivum	ERR4315431	SAMEA7036073	Puccinia striiformis	7591448	0.49499	0.858	discordant	paired	reads/ERR4315431_1.fastq.gz,reads/ERR4315431_2.fastq.gz
discordant	unknown-criteria-conflict	Triticum aestivum	ERR4315522	SAMEA7036164	Fusarium culmorum	92513	0.19135	0.882	congeneric,discordant	paired	reads/ERR4315522_1.fastq.gz,reads/ERR4315522_2.fastq.gz
discordant	unknown-criteria-conflict	Triticum aestivum	ERR4315648	SAMEA7036291	Fusarium avenaceum	194618	0.1002	0.867	discordant	paired	reads/ERR4315648_1.fastq.gz,reads/ERR4315648_2.fastq.gz
discordant	unknown-criteria-conflict	Oryza sativa	ERR5928154	SAMEA8755880	Pyricularia oryzae	111428	0.10989	0.878	discordant	paired	reads/ERR5928154_1.fastq.gz,reads/ERR5928154_2.fastq.gz
discordant	unknown-criteria-conflict	Oryza sativa	ERR5928169	SAMEA8755880	Pyricularia oryzae	331047	0.17699	0.844	discordant	paired	reads/ERR5928169_1.fastq.gz,reads/ERR5928169_2.fastq.gz
discordant	unknown-criteria-conflict	Glycine max	ERR6548345	SAMEA9533651	Phakopsora pachyrhizi	23480	0.10279	0.899	discordant	paired	reads/ERR6548345_1.fastq.gz,reads/ERR6548345_2.fastq.gz
discordant	unknown-criteria-conflict	Ipomoea batatas	ERR6847876	SAMEA9973409	Puccinia graminis	847876	0.17127	0.836	congeneric,off_host,discordant	paired	reads/ERR6847876_1.fastq.gz,reads/ERR6847876_2.fastq.gz
discordant	unknown-criteria-conflict	Hordeum vulgare	ERR789113	SAMEA3304733	Zymoseptoria tritici	863978	0.14113	0.826	off_host,discordant	single	reads/ERR789113.fastq.gz
discordant	unknown-criteria-conflict	Glycine max	SRR10189447	SAMN12856172	Sclerotinia sclerotiorum	8985446	0.81219	0.771	discordant	paired	reads/SRR10189447_1.fastq.gz,reads/SRR10189447_2.fastq.gz
discordant	unknown-criteria-conflict	Triticum aestivum	SRR10582639	SAMN13474948	Bipolaris sorokiniana	249918	0.35694	0.862	discordant	paired	reads/SRR10582639_1.fastq.gz,reads/SRR10582639_2.fastq.gz
discordant	unknown-criteria-conflict	Populus x canadensis	SRR11216262	SAMN02981487	Colletotrichum fructicola	431416	0.29585	0.844	discordant	single	reads/SRR11216262.fastq.gz
discordant	unknown-criteria-conflict	Solanum lycopersicum	SRR11497261	SAMN14548767	Botrytis cinerea	636660	0.11301	0.861	off_host,discordant	single	reads/SRR11497261.fastq.gz
discordant	unknown-criteria-conflict	Solanum lycopersicum	SRR14871470	SAMN19797457	Phytophthora infestans	205402	0.29552	0.727	discordant	paired	reads/SRR14871470_1.fastq.gz,reads/SRR14871470_2.fastq.gz
discordant	unknown-criteria-conflict	Zea mays	SRR15141327	SAMN20205854	Exserohilum turcicum	130661	0.30288	0.759	discordant	paired	reads/SRR15141327_1.fastq.gz,reads/SRR15141327_2.fastq.gz
discordant	unknown-criteria-conflict	Brassica napus	SRR1793865	SAMN03333097	Sclerotinia sclerotiorum	162576	0.24337	0.756	discordant	paired	reads/SRR1793865_1.fastq.gz,reads/SRR1793865_2.fastq.gz
discordant	unknown-criteria-conflict	Brassica napus	SRR1793909	SAMN03333100	Sclerotinia sclerotiorum	130777	0.17301	0.746	discordant	paired	reads/SRR1793909_1.fastq.gz,reads/SRR1793909_2.fastq.gz
discordant	unknown-criteria-conflict	Vitis vinifera	SRR1975200	SAMN03486539	Botrytis cinerea	7779298	0.43694	0.868	discordant	single	reads/SRR1975200.fastq.gz
discordant	unknown-criteria-conflict	Lactuca sativa	SRR25969032	SAMN37295912	Botrytis cinerea	1877398	0.33417	0.83	discordant	paired	reads/SRR25969032_1.fastq.gz,reads/SRR25969032_2.fastq.gz
discordant	unknown-criteria-conflict	Lactuca sativa	SRR25969038	SAMN37295906	Botrytis cinerea	323308	0.17696	0.81	discordant	paired	reads/SRR25969038_1.fastq.gz,reads/SRR25969038_2.fastq.gz
discordant	unknown-criteria-conflict	Eleusine coracana	SRR34026568	SAMN49375725	Pyricularia oryzae	1005724	0.14907	0.868	discordant	paired	reads/SRR34026568_1.fastq.gz,reads/SRR34026568_2.fastq.gz
discordant	unknown-criteria-conflict	Eleusine coracana	SRR34026571	SAMN49375722	Pyricularia oryzae	832194	0.14384	0.88	discordant	paired	reads/SRR34026571_1.fastq.gz,reads/SRR34026571_2.fastq.gz
discordant	unknown-criteria-conflict	Cucumis sativus	SRR36292451	SAMN53546096	Botrytis cinerea	290074	0.19912	0.715	discordant	paired	reads/SRR36292451_1.fastq.gz,reads/SRR36292451_2.fastq.gz
discordant	unknown-criteria-conflict	Cucumis sativus	SRR36292481	SAMN53546069	Botrytis cinerea	1485834	0.28432	0.726	discordant	paired	reads/SRR36292481_1.fastq.gz,reads/SRR36292481_2.fastq.gz
discordant	unknown-criteria-conflict	Cucurbita pepo	SRR36367282	SAMN53798023	Botrytis cinerea	824244	0.29031	0.718	discordant	paired	reads/SRR36367282_1.fastq.gz,reads/SRR36367282_2.fastq.gz
discordant	unknown-criteria-conflict	Cucurbita pepo	SRR36367336	SAMN53797974	Botrytis cinerea	1155219	0.36046	0.738	discordant	paired	reads/SRR36367336_1.fastq.gz,reads/SRR36367336_2.fastq.gz
discordant	unknown-criteria-conflict	Glycine max	SRR36910264	SAMN54710551	Botrytis cinerea	706609	0.28848	0.797	discordant	paired	reads/SRR36910264_1.fastq.gz,reads/SRR36910264_2.fastq.gz
discordant	unknown-criteria-conflict	Solanum lycopersicum	SRR36993194	SAMN54895270	Phytophthora infestans	1626444	0.47883	0.76	discordant	paired	reads/SRR36993194_1.fastq.gz,reads/SRR36993194_2.fastq.gz
discordant	unknown-criteria-conflict	Glycine max	SRR37491908	SAMN56311738	Botrytis cinerea	141088	0.10858	0.717	discordant	paired	reads/SRR37491908_1.fastq.gz,reads/SRR37491908_2.fastq.gz
discordant	unknown-criteria-conflict	Brassica napus	SRR3750734	SAMN05363416	Plenodomus lingam	52896	0.11203	0.866	discordant	single	reads/SRR3750734.fastq.gz
discordant	unknown-criteria-conflict	Solanum lycopersicum	SRR4240592	SAMN05717951	Sclerotinia sclerotiorum	10278800	0.77525	0.78	discordant	single	reads/SRR4240592.fastq.gz
mid	unknown-mid-range	Ipomoea batatas	ERR12013042	SAMEA114317561	Zymoseptoria tritici	25637	0.06122	0.84	off_host,mid	paired	reads/ERR12013042_1.fastq.gz,reads/ERR12013042_2.fastq.gz
mid	unknown-mid-range	Hordeum vulgare	ERR12013050	SAMEA114317569	Puccinia graminis	282804	0.09117	0.814	mid	paired	reads/ERR12013050_1.fastq.gz,reads/ERR12013050_2.fastq.gz
mid	unknown-mid-range	Triticum aestivum	ERR1607824	SAMEA4415742	Stemphylium lycopersici	35837	0.04343	0.887	mid	paired	reads/ERR1607824_1.fastq.gz,reads/ERR1607824_2.fastq.gz
mid	unknown-mid-range	Ipomoea batatas	ERR3856845	SAMEA6512711	Puccinia triticina	29843	0.02053	0.836	congeneric,off_host,mid	paired	reads/ERR3856845_1.fastq.gz,reads/ERR3856845_2.fastq.gz
mid	unknown-mid-range	Hordeum vulgare	ERR4315335	SAMEA7035977	Parastagonospora nodorum	55778	0.02429	0.819	off_host,mid	paired	reads/ERR4315335_1.fastq.gz,reads/ERR4315335_2.fastq.gz
mid	unknown-mid-range	Ipomoea batatas	ERR4315555	SAMEA7036198	Puccinia striiformis	51434	0.07183	0.829	off_host,mid	paired	reads/ERR4315555_1.fastq.gz,reads/ERR4315555_2.fastq.gz
mid	unknown-mid-range	Glycine max	ERR5696276	SAMEA8550318	Phakopsora pachyrhizi	1701	0.0214	0.857	mid	paired	reads/ERR5696276_1.fastq.gz,reads/ERR5696276_2.fastq.gz
mid	unknown-mid-range	Glycine max	ERR5696293	SAMEA8550321	Phakopsora pachyrhizi	5127	0.06566	0.898	mid	paired	reads/ERR5696293_1.fastq.gz,reads/ERR5696293_2.fastq.gz
mid	unknown-mid-range	Populus x canadensis	SRR11216279	SAMN09448926	Colletotrichum fructicola	8578	0.0309	0.894	mid	single	reads/SRR11216279.fastq.gz
mid	unknown-mid-range	Solanum lycopersicum	SRR11497263	SAMN14548765	Botrytis cinerea	215445	0.07652	0.905	off_host,mid	single	reads/SRR11497263.fastq.gz
mid	unknown-mid-range	Zea mays	SRR15274850	SAMN20439856	Fusarium fujikuroi	45979	0.05418	0.801	congeneric,mid	paired	reads/SRR15274850_1.fastq.gz,reads/SRR15274850_2.fastq.gz
mid	unknown-mid-range	Arabidopsis thaliana	SRR1773573	SAMN03288051	Alternaria alternata	37081	0.05096	0.906	off_host,mid	paired	reads/SRR1773573_1.fastq.gz,reads/SRR1773573_2.fastq.gz
mid	unknown-mid-range	Nicotiana tabacum	SRR20324129	SAMN29390821	Rhizoctonia solani	819801	0.02679	0.806	mid	paired	reads/SRR20324129_1.fastq.gz,reads/SRR20324129_2.fastq.gz
mid	unknown-mid-range	Mangifera indica	SRR21195565	SAMN30451167	Colletotrichum asianum	12410	0.02193	0.837	congeneric,mid	paired	reads/SRR21195565_1.fastq.gz,reads/SRR21195565_2.fastq.gz
mid	unknown-mid-range	Mangifera indica	SRR21195567	SAMN30451166	Colletotrichum fructicola	4581	0.02053	0.85	congeneric,mid	paired	reads/SRR21195567_1.fastq.gz,reads/SRR21195567_2.fastq.gz
mid	unknown-mid-range	Mangifera indica	SRR21195579	SAMN30451162	Colletotrichum siamense	17684	0.03524	0.885	congeneric,mid	paired	reads/SRR21195579_1.fastq.gz,reads/SRR21195579_2.fastq.gz
mid	unknown-mid-range	Hordeum vulgare	SRR24010246	SAMN33975262	Parastagonospora nodorum	119494	0.05117	0.851	off_host,mid	paired	reads/SRR24010246_1.fastq.gz,reads/SRR24010246_2.fastq.gz
mid	unknown-mid-range	Lactuca sativa	SRR26081708	SAMN37295918	Botrytis cinerea	103058	0.09675	0.755	mid	paired	reads/SRR26081708_1.fastq.gz,reads/SRR26081708_2.fastq.gz
mid	unknown-mid-range	Arabidopsis thaliana	SRR27326806	SAMN39079166	Alternaria alternata	14222	0.02027	0.863	off_host,mid	paired	reads/SRR27326806_1.fastq.gz,reads/SRR27326806_2.fastq.gz
mid	unknown-mid-range	Musa acuminata	SRR29076503	SAMN41447190	Fusarium oxysporum	368474	0.03863	0.858	mid	paired	reads/SRR29076503_1.fastq.gz,reads/SRR29076503_2.fastq.gz
mid	unknown-mid-range	Musa acuminata	SRR29076542	SAMN41447193	Fusarium oxysporum	1188717	0.05715	0.74	mid	paired	reads/SRR29076542_1.fastq.gz,reads/SRR29076542_2.fastq.gz
mid	unknown-mid-range	Musa acuminata	SRR29077176	SAMN41447201	Fusarium odoratissimum	37579	0.08252	0.738	mid	paired	reads/SRR29077176_1.fastq.gz,reads/SRR29077176_2.fastq.gz
mid	unknown-mid-range	Eleusine coracana	SRR34026579	SAMN49375715	Pyricularia oryzae	86767	0.05661	0.91	mid	paired	reads/SRR34026579_1.fastq.gz,reads/SRR34026579_2.fastq.gz
mid	unknown-mid-range	Eleusine coracana	SRR34026593	SAMN49375702	Pyricularia oryzae	14046	0.02775	0.89	mid	paired	reads/SRR34026593_1.fastq.gz,reads/SRR34026593_2.fastq.gz
mid	unknown-mid-range	Glycine max	SRR37491910	SAMN56311736	Botrytis cinerea	117230	0.09872	0.708	mid	paired	reads/SRR37491910_1.fastq.gz,reads/SRR37491910_2.fastq.gz
mid	unknown-mid-range	Brassica napus	SRR3750699	SAMN05363424	Plenodomus lingam	18530	0.04881	0.83	mid	single	reads/SRR3750699.fastq.gz
mid	unknown-mid-range	Brassica napus	SRR3750715	SAMN05363438	Plenodomus lingam	7350	0.02269	0.766	mid	single	reads/SRR3750715.fastq.gz
mid	unknown-mid-range	Malus domestica	SRR6041852	SAMN07655943	Alternaria alternata	5206	0.0256	0.881	off_host,mid	paired	reads/SRR6041852_1.fastq.gz,reads/SRR6041852_2.fastq.gz
mid	unknown-mid-range	Oryza sativa	SRR8718803	SAMN11111069	Pyricularia oryzae	14384	0.05707	0.905	mid	paired	reads/SRR8718803_1.fastq.gz,reads/SRR8718803_2.fastq.gz
off_host,discordant	reject	Hordeum vulgare	DRR342061	SAMD00439263	Pyricularia oryzae	926469	0.2108	0.88	off_host,discordant	single	reads/DRR342061.fastq.gz
off_host	reject	Ipomoea batatas	ERR12013042	SAMEA114317561	Puccinia triticina	142797	0.11307	0.928	congeneric,off_host	paired	reads/ERR12013042_1.fastq.gz,reads/ERR12013042_2.fastq.gz
off_host,mid	reject	Ipomoea batatas	ERR4315174	SAMEA7035816	Puccinia striiformis	29016	0.04259	0.76	off_host,mid	paired	reads/ERR4315174_1.fastq.gz,reads/ERR4315174_2.fastq.gz
off_host,mid	reject	Hordeum vulgare	ERR4315192	SAMEA7035834	Zymoseptoria tritici	11460	0.0221	0.822	off_host,mid	paired	reads/ERR4315192_1.fastq.gz,reads/ERR4315192_2.fastq.gz
off_host	reject	Hordeum vulgare	ERR4315333	SAMEA7035975	Parastagonospora nodorum	22109	0.01383	0.829	off_host,borderline	paired	reads/ERR4315333_1.fastq.gz,reads/ERR4315333_2.fastq.gz
off_host,mid	reject	Hordeum vulgare	ERR4315338	SAMEA7035980	Pyrenophora tritici-repentis	39388	0.08591	0.903	off_host,mid	paired	reads/ERR4315338_1.fastq.gz,reads/ERR4315338_2.fastq.gz
off_host	reject	Triticum aestivum	ERR4315607	SAMEA7036250	Pyricularia oryzae	2168	0.01367	0.82	off_host,borderline	paired	reads/ERR4315607_1.fastq.gz,reads/ERR4315607_2.fastq.gz
off_host,mid	reject	Ipomoea batatas	ERR4315617	SAMEA7036260	Alternaria alternata	23158	0.02955	0.872	off_host,mid	paired	reads/ERR4315617_1.fastq.gz,reads/ERR4315617_2.fastq.gz
off_host	reject	Triticum aestivum	ERR4761830	SAMEA7490592	Botrytis cinerea	19270	0.03472	0.882	off_host,mid	paired	reads/ERR4761830_1.fastq.gz,reads/ERR4761830_2.fastq.gz
off_host	reject	Solanum lycopersicum	SRR11497317	SAMN14548747	Botrytis cinerea	595355	0.12923	0.895	off_host,discordant	single	reads/SRR11497317.fastq.gz
off_host	reject	Solanum lycopersicum	SRR11497364	SAMN14548801	Botrytis cinerea	222756	0.04339	0.787	off_host,mid	single	reads/SRR11497364.fastq.gz
off_host	reject	Zea mays	SRR22142919	SAMN31559019	Pyrenophora tritici-repentis	10202	0.0104	0.829	off_host,borderline	paired	reads/SRR22142919_1.fastq.gz,reads/SRR22142919_2.fastq.gz
off_host	reject	Zea mays	SRR22142919	SAMN31559019	Stemphylium lycopersici	1277	0.0157	0.767	off_host,borderline	paired	reads/SRR22142919_1.fastq.gz,reads/SRR22142919_2.fastq.gz
off_host	reject	Zea mays	SRR22142977	SAMN31558966	Fusarium graminearum	19106	0.0363	0.898	congeneric,off_host,mid	paired	reads/SRR22142977_1.fastq.gz,reads/SRR22142977_2.fastq.gz
off_host	reject	Hordeum vulgare	SRR24010223	SAMN33975273	Puccinia striiformis	7883753	0.2786	0.719	off_host,discordant	paired	reads/SRR24010223_1.fastq.gz,reads/SRR24010223_2.fastq.gz
off_host,discordant	reject	Hordeum vulgare	SRR24010223	SAMN33975273	Pyrenophora tritici-repentis	619242	0.12034	0.864	off_host,discordant	paired	reads/SRR24010223_1.fastq.gz,reads/SRR24010223_2.fastq.gz
off_host	reject	Hordeum vulgare	SRR24010242	SAMN33975258	Puccinia triticina	25784	0.01739	0.838	congeneric,off_host,borderline	paired	reads/SRR24010242_1.fastq.gz,reads/SRR24010242_2.fastq.gz
off_host	reject	Arabidopsis thaliana	SRR27326517	SAMN39079311	Alternaria alternata	15371	0.019	0.841	off_host,borderline	paired	reads/SRR27326517_1.fastq.gz,reads/SRR27326517_2.fastq.gz
off_host,mid	reject	Hordeum vulgare	SRR33846329	SAMN48898229	Pyricularia oryzae	8845	0.03536	0.828	off_host,mid	paired	reads/SRR33846329_1.fastq.gz,reads/SRR33846329_2.fastq.gz
off_host	reject	Hordeum vulgare	SRR33846332	SAMN48898215	Alternaria alternata	4633	0.01872	0.774	off_host,borderline	paired	reads/SRR33846332_1.fastq.gz,reads/SRR33846332_2.fastq.gz
off_host,mid	reject	Malus domestica	SRR6041850	SAMN07655933	Alternaria alternata	4357	0.02248	0.877	off_host,mid	paired	reads/SRR6041850_1.fastq.gz,reads/SRR6041850_2.fastq.gz
off_host,mid	reject	Vitis vinifera	SRR8418333	SAMN10714344	Stemphylium lycopersici	40637	0.02712	0.805	off_host,mid	single	reads/SRR8418333.fastq.gz
off_host	reject	Triticum aestivum	SRR9127599	SAMN11860563	Pyricularia oryzae	3478275	0.14391	0.738	off_host,discordant	single	reads/SRR9127599.fastq.gz
strong	confirm	Hordeum vulgare	ERR12013050	SAMEA114317569	Zymoseptoria tritici	816792	0.29621	0.923	off_host,strong	paired	reads/ERR12013050_1.fastq.gz,reads/ERR12013050_2.fastq.gz
strong	confirm	Triticum aestivum	ERR13107171	SAMEA115577692	Fusarium graminearum	158087	0.11449	0.927	strong	paired	reads/ERR13107171_1.fastq.gz,reads/ERR13107171_2.fastq.gz
strong,off_host	confirm	Triticum aestivum	ERR1360192	SAMEA3931309	Cercospora beticola	1701628	0.19068	0.906	off_host,strong	paired	reads/ERR1360192_1.fastq.gz,reads/ERR1360192_2.fastq.gz
strong	confirm	Triticum aestivum	ERR15005512	SAMEA117592989	Pyrenophora tritici-repentis	33642	0.1087	0.923	strong	paired	reads/ERR15005512_1.fastq.gz,reads/ERR15005512_2.fastq.gz
strong	confirm	Triticum aestivum	ERR15005513	SAMEA117592990	Puccinia triticina	241283	0.3245	0.951	strong	paired	reads/ERR15005513_1.fastq.gz,reads/ERR15005513_2.fastq.gz
strong	confirm	Triticum aestivum	ERR1607752	SAMEA4415670	Zymoseptoria tritici	50022	0.10048	0.905	strong	paired	reads/ERR1607752_1.fastq.gz,reads/ERR1607752_2.fastq.gz
strong	confirm	Hordeum vulgare	ERR3500507	SAMEA5920103	Pyrenophora teres	258058	0.35877	0.904	strong	paired	reads/ERR3500507_1.fastq.gz,reads/ERR3500507_2.fastq.gz
strong	confirm	Hordeum vulgare	ERR3500508	SAMEA5920103	Pyrenophora teres	255248	0.35715	0.904	strong	paired	reads/ERR3500508_1.fastq.gz,reads/ERR3500508_2.fastq.gz
strong	confirm	Hordeum vulgare	ERR3500519	SAMEA5920106	Pyrenophora teres	295211	0.41157	0.903	strong	paired	reads/ERR3500519_1.fastq.gz,reads/ERR3500519_2.fastq.gz
strong	confirm	Triticum aestivum	ERR4315607	SAMEA7036250	Parastagonospora nodorum	68129	0.10387	0.924	strong	paired	reads/ERR4315607_1.fastq.gz,reads/ERR4315607_2.fastq.gz
strong	confirm	Triticum aestivum	ERR4315610	SAMEA7036253	Parastagonospora nodorum	264655	0.24951	0.95	strong	paired	reads/ERR4315610_1.fastq.gz,reads/ERR4315610_2.fastq.gz
strong	confirm	Vitis vinifera	ERR4349055	SAMEA7064383	Botrytis cinerea	180333	0.13071	0.926	strong	single	reads/ERR4349055.fastq.gz
strong	confirm	Triticum aestivum	ERR4761816	SAMEA7490578	Blumeria graminis	21784	0.12652	0.9	strong	paired	reads/ERR4761816_1.fastq.gz,reads/ERR4761816_2.fastq.gz
strong	confirm	Glycine max	ERR5696228	SAMEA8550310	Phakopsora pachyrhizi	14459	0.1246	0.917	strong	paired	reads/ERR5696228_1.fastq.gz,reads/ERR5696228_2.fastq.gz
strong	confirm	Glycine max	ERR5696270	SAMEA8550317	Phakopsora pachyrhizi	12278	0.12292	0.917	strong	paired	reads/ERR5696270_1.fastq.gz,reads/ERR5696270_2.fastq.gz
strong	confirm	Glycine max	ERR5696307	SAMEA8550323	Phakopsora pachyrhizi	15704	0.16433	0.925	strong	paired	reads/ERR5696307_1.fastq.gz,reads/ERR5696307_2.fastq.gz
strong	confirm	Oryza sativa	ERR5928156	SAMEA8755880	Pyricularia oryzae	92386	0.11979	0.916	strong	paired	reads/ERR5928156_1.fastq.gz,reads/ERR5928156_2.fastq.gz
strong	confirm	Vitis vinifera	ERR7421542	SAMEA11296468	Botrytis cinerea	2502823	0.36664	0.959	strong	single	reads/ERR7421542.fastq.gz
strong	confirm	Zea mays	SRR19891823	SAMN29406188	Bipolaris maydis	259359	0.42939	0.969	strong	paired	reads/SRR19891823_1.fastq.gz,reads/SRR19891823_2.fastq.gz
strong	confirm	Triticum aestivum	SRR20999602	SAMN29989408	Alternaria alternata	62834	0.10814	0.903	strong	paired	reads/SRR20999602_1.fastq.gz,reads/SRR20999602_2.fastq.gz
strong	confirm	Mangifera indica	SRR21195568	SAMN30451166	Colletotrichum asianum	43857	0.1624	0.928	strong	paired	reads/SRR21195568_1.fastq.gz,reads/SRR21195568_2.fastq.gz
strong	confirm	Zea mays	SRR2185190	SAMN04012980	Colletotrichum graminicola	167216	0.16528	0.901	strong	single	reads/SRR2185190.fastq.gz
strong	confirm	Zea mays	SRR22142978	SAMN31558965	Cercospora beticola	365843	0.19811	0.943	strong	paired	reads/SRR22142978_1.fastq.gz,reads/SRR22142978_2.fastq.gz
strong	confirm	Zea mays	SRR28718300	SAMN40964188	Fusarium verticillioides	113967	0.18202	0.921	strong	paired	reads/SRR28718300_1.fastq.gz,reads/SRR28718300_2.fastq.gz
strong	confirm	Solanum lycopersicum	SRR30126656	SAMN43026943	Botrytis cinerea	341834	0.17618	0.931	off_host,strong	paired	reads/SRR30126656_1.fastq.gz,reads/SRR30126656_2.fastq.gz
strong,off_host	confirm	Brassica napus	SRR30427633	SAMN43252826	Botrytis cinerea	558279	0.24138	0.939	off_host,strong	paired	reads/SRR30427633_1.fastq.gz,reads/SRR30427633_2.fastq.gz
strong,off_host	confirm	Brassica napus	SRR30427804	SAMN43252749	Botrytis cinerea	633646	0.1863	0.931	off_host,strong	paired	reads/SRR30427804_1.fastq.gz,reads/SRR30427804_2.fastq.gz
strong	confirm	Hordeum vulgare	SRR33846326	SAMN48898219	Bipolaris sorokiniana	293654	0.45051	0.933	strong	paired	reads/SRR33846326_1.fastq.gz,reads/SRR33846326_2.fastq.gz
strong	confirm	Hordeum vulgare	SRR33846329	SAMN48898229	Bipolaris sorokiniana	387550	0.48397	0.935	strong	paired	reads/SRR33846329_1.fastq.gz,reads/SRR33846329_2.fastq.gz
strong	confirm	Eleusine coracana	SRR34026586	SAMN49375708	Pyricularia oryzae	270183	0.10605	0.929	strong	paired	reads/SRR34026586_1.fastq.gz,reads/SRR34026586_2.fastq.gz
strong	confirm	Brassica napus	SRR3750720	SAMN05363443	Plenodomus lingam	2582765	0.70338	0.925	strong	single	reads/SRR3750720.fastq.gz
strong	confirm	Brassica napus	SRR3750721	SAMN05363444	Plenodomus lingam	2188484	0.60782	0.918	strong	single	reads/SRR3750721.fastq.gz
strong	confirm	Brassica napus	SRR3750724	SAMN05363447	Plenodomus lingam	1004820	0.51376	0.911	strong	single	reads/SRR3750724.fastq.gz
strong	confirm	Triticum aestivum	SRR38293581	SAMN20585433	Puccinia striiformis	422838	0.42281	0.918	strong	single	reads/SRR38293581.fastq.gz
strong	confirm	Zea mays	SRR5113839	SAMN06144931	Fusarium graminearum	105149	0.11233	0.931	off_host,strong	paired	reads/SRR5113839_1.fastq.gz,reads/SRR5113839_2.fastq.gz
strong	confirm	Solanum lycopersicum	SRR5904040	SAMN07454245	Botrytis cinerea	115024	0.10131	0.916	off_host,strong	paired	reads/SRR5904040_1.fastq.gz,reads/SRR5904040_2.fastq.gz
strong	confirm	Zea mays	SRR6039731	SAMN07648078	Mycosarcoma maydis	403462	0.6099	0.984	strong	paired	reads/SRR6039731_1.fastq.gz,reads/SRR6039731_2.fastq.gz
strong	confirm	Zea mays	SRR8204129	SAMN10438629	Bipolaris maydis	43893	0.15778	0.94	strong	paired	reads/SRR8204129_1.fastq.gz,reads/SRR8204129_2.fastq.gz
strong	confirm	Zea mays	SRR8204153	SAMN10438649	Alternaria alternata	68845	0.10292	0.927	strong	paired	reads/SRR8204153_1.fastq.gz,reads/SRR8204153_2.fastq.gz
strong	confirm	Oryza sativa	SRR8718797	SAMN11111075	Pyricularia oryzae	41559	0.10106	0.921	strong	paired	reads/SRR8718797_1.fastq.gz,reads/SRR8718797_2.fastq.gz
