host	bs_total	bs_coinfected	n_tested
Malus domestica	31	0	0
Triticum aestivum	1343	631	58
Ipomoea batatas	30	9	4
Hordeum vulgare	97	21	4
Vitis vinifera	131	13	2
Zea mays	175	69	54
Arabidopsis thaliana	29	0	0
Brassica napus	93	0	0
Oryza sativa	118	0	0
Eleusine coracana	24	0	0
Musa acuminata	20	1	0
Mangifera indica	8	7	5
Glycine max	183	0	0
Nicotiana tabacum	32	0	0
Solanum lycopersicum	88	0	0
Lactuca sativa	35	0	0
Cucumis sativus	58	0	0
Cucurbita pepo	48	0	0
Populus x canadensis	5	0	0
