rule_id	BioProject	predicate	field	value	evidence_id	override	note
luo2020-site	PRJNA306542	tissue=Leaf;dev_stage=heading	location	China: Shanghai, Baihe Experimental Station	ev-luo2020-site	yes	overrides geo_loc_name "China", which is country-level only
luo2020-year	PRJNA306542	tissue=Leaf;dev_stage=heading	collection_date	2016	ev-luo2020-site	yes	year only; the paper does not date the sequenced samples further. 2017 was the morphological replication
luo2020-setting	PRJNA306542	tissue=Leaf;dev_stage=heading	setting	field	ev-luo2020-design	yes	outdoor soil plots with imposed drought and drip-irrigated controls; in scope per leon 2026-10-05
ma2016-site	PRJNA306542	tissue=leaf;dev_stage=Panicle initiation Period	location	China: Shanghai, Baihe Experimental Station	ev-ma2016-site	yes	overrides geo_loc_name Brazil/China/Cote d'Ivoire, which are CULTIVAR origins not growing sites
ma2016-year	PRJNA306542	tissue=leaf;dev_stage=Panicle initiation Period	collection_date	2014	ev-ma2016-dates	yes	per-timepoint dates exist in the A-F treatment codes; not yet resolved per run
ma2016-setting	PRJNA306542	tissue=leaf;dev_stage=Panicle initiation Period	setting	field	ev-ma2016-site	yes	same facility as luo2020; in scope per leon 2026-10-05
cai21b-site	PRJNA746402		location	Spain: Pontevedra, Salcedo	ev-cai21b-site	yes	42 24' N 8 38' W, 20 m. Overrides geo_loc_name "Spain", country-level only. Whole project is this one trial
cai21b-year	PRJNA746402		collection_date	2015	ev-cai21b-site	yes	single season; sampling is at female flowering then every 15 days to 90 ddff, carried in BioSample `age`
cai21b-setting	PRJNA746402		setting	field	ev-cai21b-site	yes	field trial, hand-sown, 60000 plants/ha; kept by leon 2026-10-05
krem-lmad8-date	PRJNA383416	LibraryName~(^|_)LMAD8(_|$)	collection_date	2014-08-08	ev-krem-field	yes	mature leaf, day batch 1. The 8 in LMAD8 is the collection DATE not a replicate
krem-lmad26-date	PRJNA383416	LibraryName~(^|_)LMAD26(_|$)	collection_date	2014-08-26	ev-krem-field	yes	mature leaf, day batch 2
krem-lman8-date	PRJNA383416	LibraryName~(^|_)LMAN8(_|$)	collection_date	2014-08-08	ev-krem-field	yes	mature leaf, night batch 1
krem-lman26-date	PRJNA383416	LibraryName~(^|_)LMAN26(_|$)	collection_date	2014-08-26	ev-krem-field	yes	mature leaf, night batch 2
krem-kern-date	PRJNA383416	LibraryName~(^|_)Kern(_|$)	collection_date	2014	ev-krem-field	yes	kernels harvested 25 Aug - 19 Sep 2014, a range, so year only
krem-field-site	PRJNA383416	LibraryName~(^|_)(LMAD|LMAN)\d+(_|$)	location	USA: New York, Cornell Musgrave Research Farm	ev-krem-field	yes	field M1, Lima silt loam
krem-kern-site	PRJNA383416	LibraryName~(^|_)Kern(_|$)	location	USA: New York, Cornell Musgrave Research Farm	ev-krem-field	yes	same plots as the mature leaves
krem-field-setting	PRJNA383416	LibraryName~(^|_)(LMAD|LMAN)\d+(_|$)	setting	field	ev-krem-field	yes	outdoor field plots, ambient
krem-kern-setting	PRJNA383416	LibraryName~(^|_)Kern(_|$)	setting	field	ev-krem-field	yes	outdoor field plots, ambient
krem-l3-setting	PRJNA383416	LibraryName~(^|_)L3(Base|Tip|Mid)(_|$)	setting	greenhouse	ev-krem-greenhouse	yes	Guterman Greenhouse, supplementary lighting
krem-l3-date	PRJNA383416	LibraryName~(^|_)L3(Base|Tip|Mid)(_|$)	collection_date	2015-06	ev-krem-greenhouse	yes	collected 16-20 June 2015
krem-g-setting	PRJNA383416	LibraryName~(^|_)G(Root|Shoot)(_|$)	setting	growth chamber	ev-krem-chamber	yes	walk-in chamber, vermiculite, germinating seedlings. G is germinating, not greenhouse
krem-lmid-dropped	PRJNA383416	LibraryName~(^|_)LMid(_|$)	setting	dropped-no-evidence	ev-krem-lmid-absent	yes	11 runs. Flagged not deleted, so the denominator stays computable
xia2020t-site	PRJNA609211	LibraryStrategy=RNA-Seq;dev_stage~^(tillering|booting|heading)$	location	China: Shanghai, Baihe Experimental Station	ev-xia2020t-site	yes	12 genotypes x 6 timepoints, drought/well-watered/recovery
xia2020t-year	PRJNA609211	LibraryStrategy=RNA-Seq;dev_stage~^(tillering|booting|heading)$	collection_date	2014	ev-xia2020t-site	yes	single season
xia2020t-setting	PRJNA609211	LibraryStrategy=RNA-Seq;dev_stage~^(tillering|booting|heading)$	setting	field	ev-xia2020t-site	yes	same facility as ma2016 and luo2020; in scope per leon 2026-10-05
xia2020m-site	PRJNA609211	LibraryStrategy=ncRNA-Seq	location	China: Shanghai, Baihe Experimental Station	ev-xia2020m-site	yes	66 small-RNA libraries, 6 genotypes; exactly the 66 ncRNA-Seq runs
xia2020m-year	PRJNA609211	LibraryStrategy=ncRNA-Seq	collection_date	2014	ev-xia2020m-site	yes	single season
xia2020m-setting	PRJNA609211	LibraryStrategy=ncRNA-Seq	setting	field	ev-xia2020m-site	yes	same field experiment as xia2020t, small-RNA libraries from it
ppr-chamber-setting	PRJNA609211	dev_stage~^Four-leaf-seedling$	setting	growth chamber	ev-ppr-chamber	yes	78 runs: Normal/ABA/PEG/NaCl/H2O2 panel, hydroponic, 15-day-old seedlings
harris-site-674915	PRJNA674915		location	USA: Missouri, Mount Vernon (Univ. Missouri Southwest Research Center vineyard)	ev-harris-site	yes	37.074167 N 93.879167 W; whole project is this one vineyard
harris-site-915033	PRJNA915033		location	USA: Missouri, Mount Vernon (Univ. Missouri Southwest Research Center vineyard)	ev-harris-site	yes	same vineyard
harris-setting-674915	PRJNA674915		setting	field	ev-harris-site	yes	outdoor experimental vineyard; irrigation regimes applied but ambient otherwise
harris-setting-915033	PRJNA915033		setting	field	ev-harris-site	yes	same vineyard
harris-tissue-leaf-674915	PRJNA674915	LibraryName~L$	tissue	leaf	ev-harris-tissue	yes	L suffix; see evidence, this is inference not a methods statement
harris-tissue-repro-674915	PRJNA674915	LibraryName~R$	tissue	reproductive (flower/fruit)	ev-harris-tissue	yes	R suffix
harris-tissue-leaf-915033	PRJNA915033	LibraryName~L$	tissue	leaf	ev-harris-tissue	yes	L suffix
harris-tissue-repro-915033	PRJNA915033	LibraryName~R$	tissue	reproductive (flower/fruit)	ev-harris-tissue	yes	R suffix
hashida-field-site	PRJNA726716	treatment=FIELD	location	Japan: Shiga, Otsu (Ryukoku University)	ev-hashida-field	yes	34 57' 43.4'' N 135 56' 22.6'' E; overrides geo_loc_name "Japan", country-level
hashida-field-date	PRJNA726716	treatment=FIELD	collection_date	2017-09	ev-hashida-field	yes	transferred 19:00 on 18 Sep 2017, sampled 2-hourly over 24 h; BioSample sampling_time carries the hour
hashida-field-setting	PRJNA726716	treatment=FIELD	setting	field (chamber-raised, transferred outdoors)	ev-hashida-field	yes	NOT field-grown throughout; see evidence. Leon's call needed on whether this counts
hashida-fl-fth	PRJNA726716	treatment=FL/FTH	setting	growth chamber	ev-hashida-chamber	yes	SmartGC simulating field light and field temp/humidity
hashida-cl-cth	PRJNA726716	treatment=CL/CTH	setting	growth chamber	ev-hashida-chamber	yes	constant light, constant temp/humidity
hashida-fl-cth	PRJNA726716	treatment=FL/CTH	setting	growth chamber	ev-hashida-chamber	yes	field light, constant temp/humidity
hashida-cl-fth	PRJNA726716	treatment=CL/FTH	setting	growth chamber	ev-hashida-chamber	yes	constant light, field temp/humidity
