genus	taxid	db_accessions	db_species	ncbi_total	ncbi_annotated	ncbi_unannotated
Fusarium	5506	316	80	2238	366	1872
Aspergillus	5052	251	113	1731	617	1114
Pyricularia	48558	52	4	641	70	571
Penicillium	5073	74	42	768	313	455
Beauveria	5581	19	8	383	26	357
Colletotrichum	5455	101	54	467	144	323
Alternaria	5598	56	24	347	90	257
Phytophthora	4783	72	18	281	82	199
Trichoderma	5543	66	35	281	84	197
Psilocybe	71950	3	2	147	4	143
Botryosphaeria	45132	1	1	144	2	142
Cryphonectria	5115	2	1	118	2	116
Talaromyces	5094	16	8	119	23	96
Verticillium	1036719	37	5	131	39	92
Pythium	4797	5	3	94	5	89
Clonostachys	110564	6	4	95	7	88
Globisporangium	1448052	1	1	91	3	88
Puccinia	5296	18	4	104	24	80
Cordyceps	45234	12	5	91	12	79
Epichloe	5112	3	2	81	3	78
Zymoseptoria	1047167	7	1	80	7	73
Ceratocystis	5157	6	4	74	6	68
Botrytis	33196	18	7	95	33	62
Claviceps	5110	1	1	112	51	61
Diaporthe	36922	8	6	77	16	61
Paecilomyces	33202	6	2	87	29	58
Corynespora	59585	1	1	58	1	57
Pyrenophora	5027	32	3	95	39	56
Phakopsora	169998	2	1	52	2	50
Sclerotinia	5179	4	2	51	6	45
Bipolaris	33194	17	6	65	21	44
Schizophyllum	5333	5	2	56	13	43
Pleurotus	5320	6	5	57	15	42
Eutypa	97095	2	1	42	3	39
Mycosarcoma	2689624	2	1	40	2	38
Ascochyta	5453	5	2	56	19	37
Neofusicoccum	407951	5	2	43	6	37
Termitomyces	71927	6	1	44	7	37
Metarhizium	5529	23	10	65	29	36
Phyllosticta	121621	1	1	60	24	36
Parastagonospora	1351751	156	1	191	156	35
Lasiodiplodia	66739	3	2	40	6	34
Ophiostoma	5159	1	1	34	1	33
Sporothrix	29907	3	2	48	15	33
Tolypocladium	29909	4	4	36	4	32
Akanthomyces	150366	4	2	35	4	31
Cercospora	29002	14	7	41	10	31
Didymella	55170	5	4	34	8	26
Ustilago	5269	10	3	43	17	26
Xylaria	37991	26	18	59	34	25
Diplodia	66735	8	4	34	10	24
Rhizoctonia	1322061	25	1	52	29	23
Curvularia	5502	5	4	25	3	22
Monascus	5097	3	1	25	3	22
Agaricus	5340	4	1	25	4	21
Neonectria	140106	2	2	24	3	21
Tricholoma	40144	2	2	23	3	20
Dothistroma	242508	1	1	20	1	19
Heterobasidion	13562	5	2	20	2	18
Sarocladium	284134	2	2	21	3	18
Armillaria	47424	2	2	26	9	17
Ceratobasidium	5251	11	1	29	12	17
Amanita	41955	7	6	24	8	16
Scedosporium	41687	2	1	23	8	15
Hypoxylon	42308	16	8	35	21	14
Lentinula	5352	16	7	41	27	14
Monilinia	38447	4	2	19	5	14
Collybia	5624	1	1	13	1	12
Epicoccum	104397	2	1	14	2	12
Blumeria	34372	4	2	16	5	11
Hymenoscyphus	5182	2	2	13	2	11
Leptographium	96312	2	1	13	2	11
Ophiocordyceps	474995	8	7	21	10	11
Plasmopara	4780	6	2	16	5	11
Sporisorium	63265	6	3	17	6	11
Stemphylium	95729	3	1	14	3	11
Teratosphaeria	237584	1	1	13	2	11
Moesziomyces	63261	4	2	15	5	10
Purpureocillium	1052105	6	2	22	12	10
Sphaerulina	237179	4	1	29	19	10
Annulohypoxylon	326606	9	7	19	10	9
Pholiota	13205	1	1	11	2	9
Plenodomus	118259	5	2	16	7	9
Coprinellus	184430	1	1	10	2	8
Exserohilum	91493	2	1	12	4	8
Gymnopilus	86085	1	1	10	2	8
Hericium	40459	1	1	10	2	8
Peronospora	70742	6	4	17	9	8
Podosphaera	62701	5	2	13	5	8
Pseudocercospora	131324	5	4	13	5	8
Pseudozyma	63298	4	2	14	6	8
Coniothyrium	78388	1	1	8	1	7
Erysiphe	5121	4	3	11	4	7
Marasmius	34448	8	5	16	9	7
Thielaviopsis	60496	1	1	8	1	7
Cadophora	210567	1	1	13	7	6
Cytospora	117544	3	3	12	6	6
Daldinia	42360	14	8	23	17	6
Escovopsis	150372	1	1	7	1	6
Hyaloperonospora	184462	2	2	7	1	6
Hypsizygus	39965	1	1	7	1	6
Melampsora	5260	2	1	9	3	6
Rosellinia	77043	1	1	7	1	6
Septoria	39702	2	2	8	2	6
Trichothecium	231006	1	1	7	1	6
Ustilaginoidea	124426	2	1	9	3	6
Austropuccinia	2234120	1	1	6	1	5
Cladobotryum	73504	1	1	6	1	5
Cronartium	27353	2	1	7	2	5
Diplocarpon	446948	3	3	11	6	5
Gnomoniopsis	494028	1	1	7	2	5
Leucoagaricus	34433	1	1	6	1	5
Panaeolus	71684	1	1	7	2	5
Pochonia	243023	3	1	8	3	5
Ramularia	112497	3	1	7	2	5
Agrocybe	5399	2	2	7	3	4
Coprinopsis	184431	2	2	9	5	4
Galerina	109632	1	1	5	1	4
Hypholoma	71944	1	1	5	1	4
Laccaria	29882	5	2	21	17	4
Leucocoprinus	34431	2	2	7	3	4
Stachybotrys	74721	4	2	9	5	4
Stagonosporopsis	749880	1	1	5	1	4
Tephrocybe	117062	2	2	6	2	4
Volvariella	36658	1	1	5	1	4
Zasmidium	395590	3	1	7	3	4
Ampelomyces	50729	1	1	4	1	3
Auriscalpium	40418	1	1	4	1	3
Biscogniauxia	97376	3	2	7	4	3
Chlorociboria	54692	1	1	4	1	3
Crepidotus	104351	1	1	4	1	3
Cylindrodendrum	78412	1	1	4	1	3
Geosmithia	241409	2	1	5	2	3
Hapsidospora	95323	1	1	4	1	3
Hirsutella	42367	4	2	7	4	3
Hypomontagnella	2652702	1	1	5	2	3
Lagenidium	4802	1	1	4	1	3
Macrolepiota	34435	1	1	4	1	3
Periconia	97971	1	1	5	2	3
Pseudopyrenochaeta	2078564	1	1	3	0	3
Westerdykella	45153	2	1	5	2	3
Amorphotheca	5100	2	1	4	2	2
Baudoinia	483074	2	1	4	2	2
Ciboria	38460	1	1	2	0	2
Coniella	172190	1	1	3	1	2
Crucibulum	68774	1	1	3	1	2
Cyclocybe	1593263	2	1	4	2	2
Drepanopeziza	2081418	2	1	7	5	2
Gaeumannomyces	29849	8	3	13	11	2
Golovinomyces	184027	4	2	6	4	2
Hydnum	57133	1	1	3	1	2
Magnaporthiopsis	1491576	1	1	3	1	2
Microdochium	67608	1	1	8	6	2
Paraconiothyrium	300251	1	1	3	1	2
Phlegmacium	2339270	1	1	3	1	2
Thermoascus	5086	4	3	6	4	2
Aaosphaeria	1450170	2	1	3	2	1
Acidomyces	245561	1	1	3	2	1
Amylostereum	55339	1	1	2	1	1
Aplosporella	462253	2	1	3	2	1
Arthromyces	5450	1	1	2	1	1
Asterophora	80618	1	1	2	1	1
Calycina	186310	1	1	2	1	1
Ciborinia	38484	1	1	2	1	1
Coleophoma	453209	2	2	3	2	1
Cylindrobasidium	139105	1	1	2	1	1
Emericellopsis	45244	4	2	5	4	1
Jackrogersella	2033036	1	1	2	1	1
Macroventuria	301206	2	1	3	2	1
Microascus	5594	1	1	2	1	1
Moniliophthora	221102	1	1	5	4	1
Nemania	109374	7	4	10	9	1
Niveomyces	2996321	1	1	2	1	1
Nothophytophthora	2025987	1	1	2	1	1
Paraphaeosphaeria	125369	7	2	12	11	1
Peniophora	40463	2	1	3	2	1
Phialocephala	150173	1	1	2	1	1
Phlyctema	1351819	1	1	2	1	1
Pyrenochaeta	285810	1	1	3	2	1
Pyrenopeziza	76658	1	1	1	0	1
Sclerotiophoma	2763899	1	1	1	0	1
Synchytrium	286114	3	2	5	4	1
Thermomyces	5540	4	2	5	4	1
Ustulina	109377	1	1	3	2	1
Acephala	327281	1	1	1	1	0
Acrodontium	150364	1	1	1	1	0
Amniculicola	690893	1	1	1	1	0
Amylocarpus	45427	1	1	1	1	0
Aphanocladium	12941	1	1	1	1	0
Artomyces	182276	1	1	1	1	0
Bimuria	147496	1	1	1	1	0
Blastosporella	530098	1	1	1	1	0
Bondarzewia	40421	1	1	1	1	0
Botryobasidium	68793	1	1	1	1	0
Botryotinia	40558	3	3	4	4	0
Bremia	4778	2	1	2	2	0
Byssothecium	147557	1	1	1	1	0
Camillea	109369	1	1	1	1	0
Candolleomyces	2791032	3	3	4	4	0
Cephalotrichum	1658452	1	1	1	1	0
Clathrospora	45299	1	1	1	1	0
Clavulina	68756	1	1	1	1	0
Collybiopsis	2607957	1	1	2	2	0
Conoideocrella	1105318	1	1	1	1	0
Cucurbitaria	45141	2	1	2	2	0
Cudoniella	315078	1	1	1	1	0
Decorospora	184977	1	1	1	1	0
Delitschia	100051	1	1	1	1	0
Dendrothele	139111	1	1	1	1	0
Dentipellis	154746	2	2	2	2	0
Diatrype	42365	1	1	1	1	0
Discula	124132	1	1	1	1	0
Dissoconium	112488	2	1	2	2	0
Dothidotthia	548651	2	1	2	2	0
Drechmeria	98402	3	1	3	3	0
Elaphomyces	36046	1	1	2	2	0
Elasticomyces	701935	4	1	15	15	0
Emarellia	1944134	1	1	1	1	0
Extremus	1670431	1	1	1	1	0
Fistulina	40456	1	1	1	1	0
Friedmanniomyces	329881	5	2	26	26	0
Fulvia	80827	6	1	0	0	0
Glarea	101851	3	1	3	3	0
Guyanagaster	866547	2	1	2	2	0
Gymnopus	93827	1	1	2	2	0
Hebeloma	34453	1	1	2	2	0
Hyaloscypha	47747	4	3	7	7	0
Kalmanozyma	1804794	2	1	2	2	0
Karstenula	301203	1	1	1	1	0
Lentithecium	690896	1	1	1	1	0
Leptodontidium	75374	1	1	2	2	0
Lindgomyces	741162	2	1	2	2	0
Lojkania	45288	1	1	1	1	0
Lophiostoma	45148	1	1	1	1	0
Lophiotrema	690884	1	1	1	1	0
Massarina	45292	1	1	1	1	0
Melanomma	45308	1	1	1	1	0
Moelleriella	511189	1	1	1	1	0
Mollisia	86026	2	1	2	2	0
Monosporascus	155415	10	3	10	10	0
Neohortaea	2072583	2	1	2	2	0
Nothophoma	1770230	1	1	1	1	0
Oculimacula	228665	1	1	1	1	0
Ophiobolus	45294	1	1	1	1	0
Penicilliopsis	70110	2	1	2	2	0
Peronosclerospora	230838	1	1	1	1	0
Pleomassaria	100043	1	1	1	1	0
Pluteus	68743	1	1	1	1	0
Polyplosphaeria	714959	1	1	1	1	0
Poronia	101474	1	1	1	1	0
Pterulicium	604075	1	1	1	1	0
Rasamsonia	1132856	3	2	6	6	0
Recurvomyces	701936	4	1	4	4	0
Rhynchosporium	38037	2	2	4	4	0
Rostrohypoxylon	742313	1	1	1	1	0
Saccharata	371108	1	1	1	1	0
Salinomyces	2905158	1	1	1	1	0
Saxophila	1917220	2	1	2	2	0
Setomelanomma	210429	1	1	1	1	0
Sodiomyces	1401161	4	2	4	4	0
Sphagnurus	1663051	1	1	1	1	0
Sporormia	45136	1	1	1	1	0
Stereum	5644	2	1	2	2	0
Stipitochalara	3041336	1	1	1	1	0
Stylonectria	1053253	1	1	1	1	0
Testicularia	1882482	1	1	1	1	0
Torrubiella	153665	1	1	0	0	0
Trematosphaeria	100048	2	1	2	2	0
Tulasnella	5240	16	2	13	13	0
Vararia	154750	1	1	1	1	0
Venustampulla	2656786	2	1	2	2	0
Vermiconidia	1485006	2	1	2	2	0
Whalleya	110546	1	1	1	1	0
