location	country	n	lat	lon	precision	query	matched
USA: Nebraska, Lincoln (UNL Havelock Research Farm)	USA	1572	40.8088861	-96.7077751	locality-nofacility	Lincoln, Nebraska, USA	Lincoln, Lancaster County, Nebraska, United States
Japan: Takatsuki	Japan	1396	34.8464785	135.6172204	locality	Takatsuki, Japan	Takatsuki, Osaka Prefecture, Japan
Switzerland: Zurich, University of Zurich-Irchel campus outdoor garden	Switzerland	1381	47.3744489	8.5410422	locality-nofacility	Zurich, Switzerland	Zurich, District Zurich, Zurich, Switzerland
USA: Missouri, Mount Vernon (Univ. Missouri Southwest Research Center vineyard)	USA	1212	37.1036666	-93.8185401	locality-nofacility	Mount Vernon, Missouri, USA	Mount Vernon, Lawrence County, Missouri, 65712, United States
Japan: Shiga, Otsu, Center for Ecological Research, Kyoto University	Japan	1199	35.0177852	135.8548122	region	Otsu, Shiga, Japan	Otsu, Shiga Prefecture, Japan
USA: New York, Cornell Musgrave Research Farm	USA	740	40.7127281	-74.0060152	locality-nofacility	New York, USA	New York, United States
China: Shanghai, Baihe Experimental Station	China	633	31.2312707	121.4700152	locality-nofacility	Shanghai, China	Shanghai, China
Philippines: Los Banos, Laguna, IRRI	Philippines	490	14.1677235	121.2542135	locality	IRRI, Laguna, Los Banos, Philippines	IRRI, Maahas Road, Maahas, Los Baños, Laguna, Calabarzon, 4031, Philippines
France: Orleans (INRAE common garden)	France	461	47.9027336	1.9086066	locality-nofacility	Orleans, France	Orléans, Loiret, Centre-Val de Loire, Metropolitan France, 45000, France
Spain: Pontevedra, Salcedo	Spain	450	42.4017341	-8.6510122	locality	Salcedo, Pontevedra, Spain	Salcedo, Pontevedra, Galicia, 36143, Spain
Japan: Hyogo, Taka-cho, Monzen	Japan	384	35.082319	134.902484	locality	Monzen, Taka-cho, Hyogo, Japan	Nakaku-Monzen, Taka, Taka County, Hyogo Prefecture, 679-1299, Japan
USA: California, Davis (UC Davis experimental leafroll vineyard)	USA	384	38.5435526	-121.739005	locality-nofacility	Davis, California, USA	Davis, Yolo County, California, United States
France: Toulouse, Heliaphen	France	231	43.6044638	1.4442433	locality-nofacility	Toulouse, France	Toulouse, Haute-Garonne, Occitania, Metropolitan France, France
China: Hubei, Wuhan, Yangluo	China	229	30.6521434	114.5638668	locality	Yangluo, Wuhan, Hubei, China	Yangluo, Wuhan, Hubei, China
USA: California, Parlier (UC Kearney Agricultural Research and Extension Center)	USA	197	36.611681	-119.5300864	locality-nofacility	Parlier, California, USA	Parlier, Fresno County, California, United States
Japan: Kizu	Japan	135	34.7359416	135.8247471	locality	Kizu, Japan	Kizu, 東西連絡通路, Kizuekimae 1-chome, Kizu, Kizugawa, Kyoto Prefecture, 619-0286, Japan
USA: California, Davis (UC Davis Plant Sciences Field Facilities)	USA	126	38.5435526	-121.739005	locality-nofacility	Davis, California, USA	Davis, Yolo County, California, United States
USA: Smithsonian Environmental Research Center, MD	USA	114	38.8793738	-76.5577299	locality-nofacility	Smithsonian Environmental Research Center, USA	Smithsonian Environmental Research Center, Edgewater, Anne Arundel County, Maryland, Unite
USA: North Carolina, Clayton (NCSU Central Crops Research Station)	USA	112	35.650711	-78.4563914	locality-nofacility	Clayton, North Carolina, USA	Clayton, Johnston County, North Carolina, United States
USA: New York, Geneva area commercial vineyard (42.845, -77.004)	USA	110	40.7127281	-74.0060152	region	New York, USA	New York, United States
Italy: Veneto, Legnaro (L. Toniolo experimental farm, University of Padua)	Italy	108	45.3430064	11.9680273	locality-nofacility	Legnaro, Veneto, Italy	Legnaro, Province of Padua, Veneto, 35020, Italy
Japan: Shiga, Otsu (Ryukoku University)	Japan	104	35.0177852	135.8548122	locality-nofacility	Otsu, Shiga, Japan	Otsu, Shiga Prefecture, Japan
USA: Harvard Forest, MA	USA	103	39.7837304	-100.445882	region	USA	United States
USA: Arizona, Maricopa (Univ. Arizona Maricopa Agricultural Center)	USA	100	33.34883	-112.49123	locality-nofacility	Maricopa, Arizona, USA	Maricopa County, Arizona, United States
USA: California, Woodland	USA	94	38.6786109	-121.7733285	locality	Woodland, California, USA	Woodland, Yolo County, California, 95776, United States
USA: New York, Geneva (USDA cold-hardy grapevine germplasm repository)	USA	79	42.8690271	-76.9786122	locality-nofacility	Geneva, New York, USA	City of Geneva, Ontario County, New York, 14456, United States
USA: South Carolina, Pendleton (Clemson Simpson Research Farm)	USA	72	34.6508092	-82.7820663	locality-nofacility	Pendleton, South Carolina, USA	Pendleton, Anderson County, South Carolina, United States
Belgium: Zwijnaarde (Ghent)	Belgium	60	51.016287	3.7245719	locality	Zwijnaarde (Ghent), Belgium	Coca-Cola Enterprises Belgium, Zwijnaarde, Ghent, Gent, East Flanders, Flanders, Belgium
Mexico: Guanajuato, Area 1 (20.719, -101.328)	Mexico	50	21.0158848	-101.25284	locality-nofacility	Area 1, Guanajuato, Mexico	Guanajuato City, Municipio de Guanajuato, Guanajuato, 36003, Mexico
USA: South Carolina, Clemson University Farm Pendleton	USA	42	33.6874388	-80.4363743	locality-nofacility	South Carolina, USA	South Carolina, United States
China: China:Anyang	China	36	34.5412252	108.9237067	locality-nofacility	China	China
Switzerland: Zurich	Switzerland	30	47.3744489	8.5410422	locality	Zurich, Switzerland	Zurich, District Zurich, Zurich, Switzerland
Japan:Osaka, Takatsuki	Japan	26	34.8464785	135.6172204	locality	Takatsuki, Osaka, Japan	Takatsuki, Osaka Prefecture, Japan
UK: Caythorpe	UK	23	53.0063818	-0.9814686	locality	Caythorpe, UK	Caythorpe, Newark and Sherwood, Nottinghamshire, East Midlands, England, United Kingdom
UK: Ickleton	UK	23	52.0703602	0.1760421	locality	Ickleton, UK	Ickleton, South Cambridgeshire, Cambridgeshire, Cambridgeshire and Peterborough, England, 
China: China:nanjing	China	21	31.7331769	118.8712637	locality	China:nanjing, China	China Eastern Airlines, 翔鹰四路, Lukou, Jiangning District, Nanjing City, Jiangsu, China
Ethiopia: Sinana	Ethiopia	18	7.08333	40.2	locality	Sinana, Ethiopia	Sinana, Bale, Oromia Region, Ethiopia
Ethiopia: Meraro	Ethiopia	16	7.4079469	39.2417452	locality	Meraro, Ethiopia	Meraro, Limu Bilbilo, Arsi, Oromia Region, Ethiopia
UK: Wardington	UK	14	52.1114668	-1.2826587	locality	Wardington, UK	Wardington, Oxfordshire, England, United Kingdom
UK: Wolferton	UK	13	52.8293207	0.4625821	locality	Wolferton, UK	Wolferton, King's Lynn and West Norfolk, Norfolk, England, PE31 6HA, United Kingdom
UK: Rothwell (Lincolnshire)	UK	13	53.4806768	-0.2668947	locality	Rothwell (Lincolnshire), UK	Rothwell CP, West Lindsey, Lincolnshire, Greater Lincolnshire, England, United Kingdom
Ethiopia: Arsi Robe	Ethiopia	12	10.2116702	38.6521203	locality-nofacility	Ethiopia	Ethiopia
UK: Langley (Essex)	UK	12	51.9924009	0.0959355	locality	Langley (Essex), UK	Langley, Langley Upper Green, Uttlesford, Essex, England, United Kingdom
Ethiopia: Sinana RS	Ethiopia	11	10.2116702	38.6521203	locality-nofacility	Ethiopia	Ethiopia
Sweden: Svalöv	Sweden	11	55.9129297	13.1197518	locality	Svalöv, Sweden	Svalövs kommun, Skåne County, Sweden
UK: Morley (Norfolk)	UK	10	52.5517051	1.0475185	locality	Morley (Norfolk), UK	Morley, South Norfolk, Norfolk, England, United Kingdom
UK: Cambridge	UK	10	52.1975846	0.1391537	locality	Cambridge, UK	Cambridge, Cambridgeshire, Cambridgeshire and Peterborough, England, United Kingdom
Germany: Silstedt	Germany	10	51.8457275	10.8530987	locality	Silstedt, Germany	Silstedt, Wernigerode, Landkreis Harz, Saxony-Anhalt, Germany
Argentina: Chillar	Argentina	10	-37.3128702	-59.985229	locality	Chillar, Argentina	Chillar, Partido de Azul, Buenos Aires, 7311, Argentina
Mexico: Guanajuato, Area 3 (20.083, -101.137)	Mexico	10	21.0158848	-101.25284	locality-nofacility	Area 3, Guanajuato, Mexico	Guanajuato City, Municipio de Guanajuato, Guanajuato, 36003, Mexico
China: Jinshan Gangu Tianshui	China	9	34.8171906	105.4440092	locality	Jinshan Gangu Tianshui, China	Jinshang, Gangu County, Tianshui Prefecture, Gansu, China
France: Louville	France	9	45.596232	3.78034	locality	Louville, France	Louville, Valcivières, Ambert, Puy-de-Dôme, Auvergne-Rhône-Alpes, Metropolitan France, 636
Mexico: Guanajuato, Area 3 (20.051, -101.087)	Mexico	9	21.0158848	-101.25284	locality-nofacility	Area 3, Guanajuato, Mexico	Guanajuato City, Municipio de Guanajuato, Guanajuato, 36003, Mexico
China:Changchun	China	9	43.8844844	125.3181675	locality	Changchun, China	Changchun City, Luyuan, Jilin, 130000, China
UK: Canterbury	UK	8	51.2800275	1.0802533	locality	Canterbury, UK	Canterbury, Kent, England, CT1 2JA, United Kingdom
Argentina: Pergamino	Argentina	8	-33.897495	-60.575046	locality	Pergamino, Argentina	Pergamino, Partido de Pergamino, Buenos Aires, Argentina
UK: Stonham Aspal	UK	8	52.1931476	1.119581	locality	Stonham Aspal, UK	Stonham Aspal, Mid Suffolk, Suffolk, England, United Kingdom
UK: Throws	UK	8	52.7576773	-1.2418846	locality	Throws, UK	Steve Backley National Throws Centre, Patterdale Drive, Thorpe Acre, Nanpantan, Charnwood,
Canada: Alberta	Canada	8	55.001251	-115.002136	locality	Alberta, Canada	Alberta, Canada
France: Marchélepot	France	7	49.8318053	2.8683805	locality	Marchélepot, France	Marchélepot, Marchélepot-Misery, Péronne, Somme, Hauts-de-France, Metropolitan France, 802
Poland: Jarosławiec	Poland	7	50.7168844	23.3619855	locality	Jarosławiec, Poland	Jarosławiec, gmina Sitno, Zamość County, Lublin Voivodeship, Poland
Ethiopia: Assasa	Ethiopia	7	7.1025538	39.195672	locality	Assasa, Ethiopia	Assasa, Asassa, Gedeb Asasa, West Arsi, Oromia Region, Ethiopia
UK: Cambridgeshire	UK	6	52.3729017	-0.044936	locality	Cambridgeshire, UK	Cambridgeshire, England, United Kingdom
Czechia: Olomouc	Czechia	6	49.5940567	17.251143	locality	Olomouc, Czechia	Olomouc, okres Olomouc, Olomouc Region, Czechia
Ethiopia: Sinana Kabira	Ethiopia	6	10.2116702	38.6521203	locality-nofacility	Ethiopia	Ethiopia
China: Pingnan Qinzhou Tianshui	China	6	34.3529748	105.6786962	locality	Pingnan Qinzhou Tianshui, China	Pingnan, Qinzhou District, Tianshui Prefecture, Gansu, China
UK: Whittlesford	UK	6	52.1096821	0.1548583	locality	Whittlesford, UK	Whittlesford, South Cambridgeshire, Cambridgeshire, Cambridgeshire and Peterborough, Engla
UK: Boston	UK	6	52.9776561	-0.0237985	locality	Boston, UK	Boston, Lincolnshire, Greater Lincolnshire, England, United Kingdom
UK: Rougham (Suffolk)	UK	6	52.7507434	0.7118298	locality-nofacility	Rougham, UK	Rougham, Breckland District, Norfolk, England, United Kingdom
Argentina: Balcarce	Argentina	6	-37.846399	-58.2554648	locality	Balcarce, Argentina	San José de Balcarce, Partido de Balcarce, Buenos Aires, Argentina
Germany: Melle	Germany	6	52.1950352	8.3474835	locality	Melle, Germany	Melle, Landkreis Osnabrück, Lower Saxony, Germany
Germany: Harzhof	Germany	6	54.416465	9.8479481	locality	Harzhof, Germany	Harzhof, Holtsee, Hüttener Berge, Kreis Rendsburg-Eckernförde, Schleswig-Holstein, 24363, 
Serbia: Rimski Šančevi	Serbia	6	44.0243229	21.0765743	locality-nofacility	Serbia	Serbia
Argentina: Paraná	Argentina	6	-27.4210173	-56.6011693	locality	Paraná, Argentina	Paraná River, Argentina
UK: Lincolnshire	UK	6	53.1823034	-0.2031209	locality	Lincolnshire, UK	Lincolnshire, England, United Kingdom
Mexico: Guanajuato, Area 3 (20.075, -101.126)	Mexico	6	21.0158848	-101.25284	locality-nofacility	Area 3, Guanajuato, Mexico	Guanajuato City, Municipio de Guanajuato, Guanajuato, 36003, Mexico
Canada: Saskatchewan	Canada	6	55.5321257	-106.141224	locality	Saskatchewan, Canada	Saskatchewan, Canada
Ethiopia: Kulumsa	Ethiopia	5	10.2116702	38.6521203	locality-nofacility	Ethiopia	Ethiopia
UK: Bishop Burton	UK	5	53.8414315	-0.5135522	locality	Bishop Burton, UK	Bishop Burton, East Riding of Yorkshire, Hull and East Yorkshire, England, United Kingdom
UK: Sturminster Newton	UK	5	50.9290016	-2.3263949	locality	Sturminster Newton, UK	Sturminster Newton, Dorset, England, United Kingdom
UK: Headley Hall	UK	5	53.8681102	-1.3247947	locality	Headley Hall, UK	Headley Hall, Bramham cum Oglethorpe, Bramham, Leeds, West Yorkshire, England, United King
UK: Sutton Scotney	UK	5	51.1531722	-1.3381253	locality	Sutton Scotney, UK	Sutton Scotney, Winchester, Hampshire, England, SO21 3SF, United Kingdom
Croatia: Osijek	Croatia	5	45.5548793	18.6953685	locality	Osijek, Croatia	Osijek, Grad Osijek, Osijek-Baranja County, Croatia
Germany: Hingste	Germany	5	52.8228962	9.187366	locality	Hingste, Germany	Hingste, Wienbergen, Hilgermissen, Samtgemeinde Grafschaft Hoya, Landkreis Nienburg/Weser,
Germany: Ruchheim	Germany	5	49.473372	8.3294813	locality	Ruchheim, Germany	Ludwigshafen-Ruchheim, Ludwigshafen am Rhein, Rhineland-Palatinate, 67071, Germany
Ethiopia: Bekoji	Ethiopia	5	7.53333	39.25	locality	Bekoji, Ethiopia	Bekoji, Limu Bilbilo, Arsi, Oromia Region, Ethiopia
UK: Thornton	UK	5	52.0154955	-0.9053801	locality	Thornton, UK	Thornton, Buckinghamshire, England, United Kingdom
Czechia: Branisovice	Czechia	5	48.9628106	16.431847	locality	Branisovice, Czechia	Branišovice, okres Brno-venkov, South Moravian Region, 671 77, Czechia
Czechia: Hrubčice	Czechia	5	49.443721	17.2046309	locality	Hrubčice, Czechia	Hrubčice, okres Prostějov, Olomouc Region, Czechia
Spain: Córdoba	Spain	5	37.8845813	-4.7760138	locality	Córdoba, Spain	Córdoba, Andalusia, Spain
Morocco: Merchouch	Morocco	5	33.6121613	-6.7099455	locality	Merchouch, Morocco	ICARDA Research Station - Merchouch, Marchouch, caïdat de Marchouch, Cercle de Rommani دائ
France: Castanet	France	4	43.9743	2.02887	locality	Castanet, France	Castanet, Albi, Tarn, Occitania, Metropolitan France, 81150, France
USA: Walla Walla, Washington	USA	4	46.0668883	-118.3516528	locality	Washington, Walla Walla, USA	Washington Park, Walla Walla, Walla Walla County, Washington, United States
USA: Wichita, Kansas	USA	4	37.6922361	-97.3375448	locality-nofacility	Wichita, USA	Wichita, Sedgwick County, Kansas, United States
USA: Lafayette, Indiana	USA	4	30.2262187	-92.0178202	locality-nofacility	Lafayette, USA	Lafayette, Lafayette Parish, Louisiana, United States
China: Nanhu Zhuanglang Pingliang	China	4	35.3378321	105.9620113	locality	Nanhu Zhuanglang Pingliang, China	Nanhu, Zhuanglang County, Pingliang Prefecture, Gansu, China
Germany: Hemmingen	Germany	4	52.3212183	9.7454815	locality	Hemmingen, Germany	Hemmingen, Region Hannover, Lower Saxony, 30966, Germany
Czechia: Hněvčeves	Czechia	4	50.3142312	15.7113973	locality	Hněvčeves, Czechia	Hněvčeves, okres Hradec Králové, Hradec Králové Region, Czechia
UK: Osgodby	UK	4	54.2482625	-0.3736042	locality	Osgodby, UK	Osgodby, North Yorkshire, York and North Yorkshire, England, United Kingdom
Spain: Lebrija	Spain	4	36.9193102	-6.0764057	locality	Lebrija, Spain	Lebrija, Sevilla, Andalusia, 41740, Spain
Spain: Almacelles	Spain	4	41.7294989	0.4404763	locality	Almacelles, Spain	Almacelles, Segrià, Lleida, Catalonia, Spain
Germany: Lippetal	Germany	4	51.6516157	8.0787633	locality	Lippetal, Germany	Lippetal, Kreis Soest, North Rhine-Westphalia, 59510, Germany
UK: Boothby Graffoe	UK	4	53.1232843	-0.5182775	locality	Boothby Graffoe, UK	Boothby Graffoe, North Kesteven, Lincolnshire, Greater Lincolnshire, England, United Kingd
Mexico: Guanajuato, Area 1 (20.722, -101.329)	Mexico	4	21.0158848	-101.25284	locality-nofacility	Area 1, Guanajuato, Mexico	Guanajuato City, Municipio de Guanajuato, Guanajuato, 36003, Mexico
Mexico: Guanajuato, Area 1 (20.724, -101.333)	Mexico	4	21.0158848	-101.25284	locality-nofacility	Area 1, Guanajuato, Mexico	Guanajuato City, Municipio de Guanajuato, Guanajuato, 36003, Mexico
Mexico: Guanajuato, Area 1 (20.714, -101.333)	Mexico	4	21.0158848	-101.25284	locality-nofacility	Area 1, Guanajuato, Mexico	Guanajuato City, Municipio de Guanajuato, Guanajuato, 36003, Mexico
Mexico: Guanajuato, Area 1 (20.720, -101.349)	Mexico	4	21.0158848	-101.25284	locality-nofacility	Area 1, Guanajuato, Mexico	Guanajuato City, Municipio de Guanajuato, Guanajuato, 36003, Mexico
Mexico: Guanajuato, Area 1 (20.719, -101.357)	Mexico	4	21.0158848	-101.25284	locality-nofacility	Area 1, Guanajuato, Mexico	Guanajuato City, Municipio de Guanajuato, Guanajuato, 36003, Mexico
Mexico: Guanajuato, Area 1 (20.721, -101.341)	Mexico	4	21.0158848	-101.25284	locality-nofacility	Area 1, Guanajuato, Mexico	Guanajuato City, Municipio de Guanajuato, Guanajuato, 36003, Mexico
Mexico: Guanajuato, Area 1 (20.722, -101.340)	Mexico	4	21.0158848	-101.25284	locality-nofacility	Area 1, Guanajuato, Mexico	Guanajuato City, Municipio de Guanajuato, Guanajuato, 36003, Mexico
Mexico: Guanajuato, Area 1 (20.701, -101.319)	Mexico	4	21.0158848	-101.25284	locality-nofacility	Area 1, Guanajuato, Mexico	Guanajuato City, Municipio de Guanajuato, Guanajuato, 36003, Mexico
Mexico: Guanajuato, Area 1 (20.718, -101.427)	Mexico	4	21.0158848	-101.25284	locality-nofacility	Area 1, Guanajuato, Mexico	Guanajuato City, Municipio de Guanajuato, Guanajuato, 36003, Mexico
Mexico: Guanajuato, Area 2 (20.429, -101.195)	Mexico	4	21.0158848	-101.25284	locality-nofacility	Area 2, Guanajuato, Mexico	Guanajuato City, Municipio de Guanajuato, Guanajuato, 36003, Mexico
Mexico: Guanajuato, Area 2 (20.381, -101.195)	Mexico	4	21.0158848	-101.25284	locality-nofacility	Area 2, Guanajuato, Mexico	Guanajuato City, Municipio de Guanajuato, Guanajuato, 36003, Mexico
Mexico: Guanajuato, Area 1 (20.720, -101.332)	Mexico	4	21.0158848	-101.25284	locality-nofacility	Area 1, Guanajuato, Mexico	Guanajuato City, Municipio de Guanajuato, Guanajuato, 36003, Mexico
Canada: British Columbia	Canada	4	55.001251	-125.002441	locality	British Columbia, Canada	British Columbia, Canada
UK: Humbie	UK	3	55.854253	-2.8678662	locality	Humbie, UK	Humbie, East Lothian, Scotland, EH36 5PP, United Kingdom
UK: Cascob	UK	3	52.2909852	-3.1159462	locality	Cascob, UK	Cascob, Whitton, Pilleth, Powys, Wales, LD8 2NT, United Kingdom
France: Loyat	France	3	47.9901494	-2.3829611	locality	Loyat, France	Loyat, Pontivy, Morbihan, Brittany, Metropolitan France, 56800, France
Germany: Etzdorf	Germany	3	51.0506277	13.1847189	locality	Etzdorf, Germany	Etzdorf, Striegistal, Mittelsachsen, Saxony, 09661, Germany
Italy: Ozzano	Italy	3	42.6384261	12.674297	locality-nofacility	Italy	Italy
Italy: Conselice	Italy	3	44.5127578	11.8291743	locality	Conselice, Italy	Conselice, Unione dei comuni della Bassa Romagna, Ravenna, Emilia-Romagna, 48017, Italy
Germany: Gommershoven	Germany	3	51.1638175	10.4478313	locality-nofacility	Germany	Germany
Germany: Groitzsch	Germany	3	51.15	12.2833	locality	Groitzsch, Germany	Groitzsch, Landkreis Leipzig, Saxony, 04539, Germany
Germany: Weißensee	Germany	3	52.5546193	13.4630018	locality	Weißensee, Germany	Weißensee, Pankow, Berlin, Germany
Pakistan: Abbottabad	Pakistan	3	34.1436136	73.2132747	locality	Abbottabad, Pakistan	Abbottabad, Abbottabad Tehsil, Abbottabad District, Hazara Division, Khyber Pakhtunkhwa, 2
Pakistan: Atter Shisha	Pakistan	3	30.3308401	71.247499	locality-nofacility	Pakistan	Pakistan
Ethiopia: Ilu kobo	Ethiopia	3	10.2116702	38.6521203	locality-nofacility	Ethiopia	Ethiopia
Ethiopia: Gurage Zone	Ethiopia	3	10.2116702	38.6521203	locality-nofacility	Ethiopia	Ethiopia
Ethiopia: Limo Lereba Roma	Ethiopia	3	10.2116702	38.6521203	locality-nofacility	Ethiopia	Ethiopia
Sweden: Österlen	Sweden	3	55.5993312	14.1141071	locality	Österlen, Sweden	Österlen, Sweden
Canada: Lethbridge	Canada	3	49.6945782	-112.8331033	locality	Lethbridge, Canada	Lethbridge, Alberta, Canada
France: Montbartier	France	3	43.9136111	1.2733333	locality	Montbartier, France	Montbartier, Montauban, Tarn-et-Garonne, Occitania, Metropolitan France, 82700, France
UK: Melton Mowbray	UK	3	52.7645663	-0.8868896	locality	Melton Mowbray, UK	Melton Mowbray, Melton, Leicestershire, England, LE13 0PU, United Kingdom
UK: Newton	UK	3	52.0322303	0.7943311	locality	Newton, UK	Newton, Babergh, Suffolk, England, United Kingdom
Argentina: Bordenave	Argentina	3	-37.8046981	-63.0410532	locality	Bordenave, Argentina	Bordenave, Cuartel IV, Partido de Puan, Buenos Aires, Argentina
Ethiopia: Kora	Ethiopia	3	8.81667	38.95	locality	Kora, Ethiopia	Kora, East Shewa, Oromia Region, Ethiopia
The Netherlands: Westmaas	The Netherlands	3	51.7877888	4.4737754	locality	Westmaas, The Netherlands	Westmaas, Hoeksche Waard, South Holland, Netherlands
Germany: Seelze	Germany	3	52.3964639	9.594287	locality	Seelze, Germany	Seelze, Region Hannover, Lower Saxony, 30926, Germany
UK: Carnoustie	UK	3	56.5010506	-2.711403	locality	Carnoustie, UK	Carnoustie, Angus, Scotland, DD7 6AE, United Kingdom
UK: Chirnside	UK	3	55.8021522	-2.2091846	locality	Chirnside, UK	Chirnside, Scottish Borders, Scotland, TD11 3UF, United Kingdom
UK: Mendelsham	UK	3	54.7023545	-3.2765753	locality-nofacility	UK	United Kingdom
UK: Cirencester	UK	3	51.7171029	-1.9661616	locality	Cirencester, UK	Cirencester, Stratton, Cotswold District, Gloucestershire, England, United Kingdom
USA: Savoy, IL	USA	3	40.054753	-88.2517165	locality-nofacility	Savoy, USA	Savoy, Champaign County, Illinois, 61874, United States
USA: Brownstown, IL	USA	3	38.995878	-88.9528394	locality-nofacility	Brownstown, USA	Brownstown, Fayette County, Illinois, 62418, United States
USA: St. Jacob, IL	USA	3	38.7201135	-89.7689957	locality-nofacility	St. Jacob, USA	St. Jacob, Madison County, Illinois, United States
USA: Carmi, IL	USA	3	38.0908796	-88.1586488	locality-nofacility	Carmi, USA	Carmi, White County, Illinois, 62821, United States
USA: Illinois	USA	3	40.0796606	-89.4337288	locality	Illinois, USA	Illinois, United States
China: Shanghai	China	3	31.2312707	121.4700152	locality	Shanghai, China	Shanghai, China
Belgium: Mignault	Belgium	2	50.5288629	4.1523542	locality	Mignault, Belgium	Mignault, Le Rœulx, Soignies, Hainaut, Wallonia, 7070, Belgium
Germany: Werbig	Germany	2	51.9301121	13.1938285	locality	Werbig, Germany	Werbig, Niederer Fläming, Dahme/Mark, Teltow-Fläming, Brandenburg, Germany
UK: Bridgend	UK	2	51.5049859	-3.5756674	locality	Bridgend, UK	Bridgend, Bridgend County Borough, Wales, CF31 1DB, United Kingdom
UK: York	UK	2	53.9656579	-1.0743052	locality	York, UK	York, York and North Yorkshire, England, United Kingdom
Czechia: Rokytnice	Czechia	2	49.4659238	17.3912001	locality	Rokytnice, Czechia	Rokytnice, okres Přerov, Olomouc Region, 751 04, Czechia
Poland: Gurcz	Poland	2	53.8193657	18.9046363	locality	Gurcz, Poland	Gurcz, gmina Kwidzyn, Kwidzyn County, Pomeranian Voivodeship, 82-500, Poland
Germany: Moselsürsch	Germany	2	50.2602892	7.4247598	locality	Moselsürsch, Germany	Moselsürsch, Lehmen, Rhein-Mosel, Landkreis Mayen-Koblenz, Rhineland-Palatinate, 56332, Ge
France: La Corbillière	France	2	47.9432888	1.4801944	locality	La Corbillière, France	La Corbillière, Prunay, Tripleville, Beauce la Romaine, Blois, Loir-et-Cher, Centre-Val de
Germany: Hüttendorf	Germany	2	49.5416561	10.9609243	locality	Hüttendorf, Germany	Hüttendorf, Erlangen, Bavaria, 91056, Germany
Slovakia: Vígľaš-Pstruša	Slovakia	2	48.5463519	19.3181238	locality	Vígľaš-Pstruša, Slovakia	Pstruša, Vígľaš, District of Detva, Region of Banská Bystrica, 962 02, Slovakia
Chile: StaRosa Chillán	Chile	2	-31.7613365	-71.3187697	locality-nofacility	Chile	Chile
Ethiopia: Hadya Lemo Dicho Demala	Ethiopia	2	10.2116702	38.6521203	locality-nofacility	Ethiopia	Ethiopia
Ethiopia: Silt'e	Ethiopia	2	7.7465759	38.1553903	locality	Silt'e, Ethiopia	Silt'e, Central Ethiopia Regional State, Ethiopia
Ethiopia: Weliso Kora	Ethiopia	2	10.2116702	38.6521203	locality-nofacility	Ethiopia	Ethiopia
Ethiopia: Shinshihco	Ethiopia	2	10.2116702	38.6521203	locality-nofacility	Ethiopia	Ethiopia
Ethiopia: Danbora Amancho Boganeos	Ethiopia	2	10.2116702	38.6521203	locality-nofacility	Ethiopia	Ethiopia
Ethiopia: Silti Wereda Danicho Azoro	Ethiopia	2	10.2116702	38.6521203	locality-nofacility	Ethiopia	Ethiopia
Ethiopia: Tiya	Ethiopia	2	8.437331	38.609296	locality	Tiya, Ethiopia	Tiya, South West Shewa, Oromia Region, Ethiopia
Ethiopia: Wilting Woreda	Ethiopia	2	10.2116702	38.6521203	locality-nofacility	Ethiopia	Ethiopia
Ethiopia: Bilalo	Ethiopia	2	10.2116702	38.6521203	locality-nofacility	Ethiopia	Ethiopia
Ethiopia: Aleltu Fiche Gelila	Ethiopia	2	10.2116702	38.6521203	locality-nofacility	Ethiopia	Ethiopia
Ethiopia: Aleltu Chole Shenkole	Ethiopia	2	10.2116702	38.6521203	locality-nofacility	Ethiopia	Ethiopia
Ethiopia: Ch'aso	Ethiopia	2	9.95	39.21667	locality	Ch'aso, Ethiopia	Ch'Aso, North Shewa (Amhara Region), Amhara Region, Ethiopia
Ethiopia: Lay Gayint 08 Wuha Midir	Ethiopia	2	10.2116702	38.6521203	locality-nofacility	Ethiopia	Ethiopia
Ethiopia: Lay Gayint Kebele 07	Ethiopia	2	10.2116702	38.6521203	locality-nofacility	Ethiopia	Ethiopia
Ethiopia: Absila	Ethiopia	2	10.2116702	38.6521203	locality-nofacility	Ethiopia	Ethiopia
Ethiopia: Kuyu Liben Kura	Ethiopia	2	10.2116702	38.6521203	locality-nofacility	Ethiopia	Ethiopia
Ethiopia: Dinsho Abakera Zalo	Ethiopia	2	10.2116702	38.6521203	locality-nofacility	Ethiopia	Ethiopia
Ethiopia: Sinana Kabira Shaya	Ethiopia	2	10.2116702	38.6521203	locality-nofacility	Ethiopia	Ethiopia
Ethiopia: Selka	Ethiopia	2	10.2116702	38.6521203	locality-nofacility	Ethiopia	Ethiopia
Canada: Lacombe	Canada	2	52.4727515	-113.733215	locality	Lacombe, Canada	City of Lacombe, Alberta, Canada
South Africa: Napier	South Africa	2	-34.474722	19.898056	locality	Napier, South Africa	Napier, Cape Agulhas Local Municipality, Overberg District Municipality, Western Cape, 727
Sweden: Sandby	Sweden	2	55.7101291	13.3703269	locality	Sandby, Sweden	Sandby, Södra Sandby, Lund Municipality, Skåne County, 247 33, Sweden
South Africa: Free State	South Africa	2	-28.7853618	26.4978933	locality	Free State, South Africa	Free State, South Africa
South Africa: Ouplaas	South Africa	2	-34.3738653	20.4343888	locality	Ouplaas, South Africa	Ouplaas, Swellendam Local Municipality, Overberg District Municipality, Western Cape, Sout
UK: Ledbury	UK	2	52.0357457	-2.4287821	locality	Ledbury, UK	Ledbury, Herefordshire, England, United Kingdom
UK: Hampshire	UK	2	51.0449814	-1.2433102	locality	Hampshire, UK	Hampshire, England, United Kingdom
UK: Newark	UK	2	53.0736266	-0.8005422	locality	Newark, UK	Newark, Newark on Trent, Newark and Sherwood, Nottinghamshire, East Midlands, England, Uni
UK: Stockbridge	UK	2	55.9579716	-3.2093404	locality	Stockbridge, UK	Stockbridge, City of Edinburgh, Scotland, United Kingdom
Ireland: Carlow	Ireland	2	52.8408344	-6.9261131	locality	Carlow, Ireland	Carlow, County Carlow, Leinster, Ireland
France: Allonnes	France	2	47.969283	0.1578819	locality	Allonnes, France	Allonnes, Le Mans, Sarthe, Pays de la Loire, Metropolitan France, 72700, France
Spain: Santa Cruz de Tenerife	Spain	2	28.467178	-16.2507843	locality	Santa Cruz de Tenerife, Spain	Santa Cruz de Tenerife, Canary Islands, Spain
Spain: Elorz	Spain	2	42.7332422	-1.5613933	locality	Elorz, Spain	Elorz, Valle de Elorz / Elortzibar, Iruñerria, Navarre, Spain
Spain: Burgos	Spain	2	42.3448498	-3.6812477	locality	Burgos, Spain	Burgos, Castile and León, Spain
France: Bouglainval	France	2	48.5640587	1.5070165	locality	Bouglainval, France	Bouglainval, Chartres, Eure-et-Loir, Centre-Val de Loire, Metropolitan France, 28130, Fran
UK: Honingham	UK	2	52.6624819	1.1226731	locality	Honingham, UK	Honingham, Broadland, Norfolk, England, United Kingdom
Argentina: La Dulce	Argentina	2	-38.2836575	-59.2033388	locality	La Dulce, Argentina	La Dulce, Partido de Necochea, Buenos Aires, B7637XAA, Argentina
Kenya: MauNarok	Kenya	2	0.2793165	37.5164935	locality-nofacility	Kenya	Kenya
Germany: Wetze	Germany	2	51.7412372	9.9104695	locality	Wetze, Germany	Wetze, Stöckheim, Northeim, Landkreis Northeim, Lower Saxony, 37154, Germany
France: Proviseux	France	2	49.4652046	4.0099262	locality	Proviseux, France	Proviseux, Proviseux-et-Plesnoy, Laon, Aisne, Hauts-de-France, Metropolitan France, 02190,
Germany: Wohlde	Germany	2	54.4061159	9.2978428	locality	Wohlde, Germany	Wohlde, Kropp-Stapelholm, Kreis Schleswig-Flensburg, Schleswig-Holstein, 24899, Germany
Germany: Selingenstadt	Germany	2	51.1638175	10.4478313	locality-nofacility	Germany	Germany
France: Momont	France	2	48.6074504	-0.0605445	locality	Momont, France	Momont, Goult, La Lande-de-Goult, Alençon, Orne, Normandy, Metropolitan France, 61320, Fra
Australia: Scadden	Australia	2	-24.7761086	134.755	locality-nofacility	Australia	Australia
France: Grézillé	France	2	47.3211888	-0.3326952	locality	Grézillé, France	Grézillé, Gennes-Val-de-Loire, Saumur, Maine-et-Loire, Pays de la Loire, Metropolitan Fran
Germany: Limburgerhof	Germany	2	49.4226572	8.3933508	locality	Limburgerhof, Germany	Limburgerhof, Rhein-Pfalz-Kreis, Rhineland-Palatinate, 67117, Germany
Germany: Mörsch Frankenthal	Germany	2	49.5595837	8.3870986	locality	Mörsch Frankenthal, Germany	Mörsch, Frankenthal (Pfalz), Rhineland-Palatinate, Germany
France: Écouis	France	2	49.3103598	1.4318396	locality	Écouis, France	Écouis, Les Andelys, Eure, Normandy, Metropolitan France, 27440, France
Czechia: Kněževes	Czechia	2	49.4564784	15.9808196	locality	Kněževes, Czechia	Kněževes, okres Žďár nad Sázavou, Vysočina Region, Czechia
Poland: Sroda Wielkopolska	Poland	2	52.2284266	17.277827	locality	Sroda Wielkopolska, Poland	Środa Wielkopolska, gmina Środa Wielkopolska, Środa Wielkopolska County, Greater Poland Vo
Germany: Ludwigshafen	Germany	2	49.4704113	8.4381568	locality	Ludwigshafen, Germany	Ludwigshafen am Rhein, Rhineland-Palatinate, Germany
Bulgaria: Lyuben	Bulgaria	2	43.94276	27.04398	locality	Lyuben, Bulgaria	Lyuben, Sitovo, Silistra, Bulgaria
Germany: Quellendorf	Germany	2	51.7540518	12.1567854	locality	Quellendorf, Germany	Quellendorf, Diesdorf, Südliches Anhalt, Anhalt-Bitterfeld, Saxony-Anhalt, 06386, Germany
France: Neant sur Yvel	France	2	48.0128166	-2.327677	locality	Neant sur Yvel, France	Néant-sur-Yvel, Pontivy, Morbihan, Brittany, Metropolitan France, 56430, France
France: Frévin-Capelle	France	2	50.3502384	2.6388295	locality	Frévin-Capelle, France	Frévin-Capelle, Arras, Pas-de-Calais, Hauts-de-France, Metropolitan France, 62690, France
UK: Lenham	UK	2	51.2344619	0.7072408	locality	Lenham, UK	Lenham, Arrow Way, Leadingcross Green, Lenham, Maidstone, Kent, England, ME17 2FU, United 
UK: Brackley	UK	2	52.0278975	-1.1484657	locality	Brackley, UK	Brackley, West Northamptonshire, England, United Kingdom
USA: Iowa (41.573, -95.061)	USA	2	30.2368772	-93.0137569	locality	-95.061), Iowa (41.573, USA	Iowa, Calcasieu Parish, Louisiana, 70647, United States
USA: Russell Ranch California	USA	2	38.6360488	-121.0959543	locality	Russell Ranch California, USA	Russell Ranch, White Rock, Folsom, Sacramento County, California, United States
USA: Student Farm California	USA	2	38.5405293	-121.7657848	locality	Student Farm California, USA	Student Farm, Yolo County, California, United States
USA: Iowa	USA	2	41.9216734	-93.3122705	locality	Iowa, USA	Iowa, United States
Belgium: Koksijde	Belgium	1	51.1187723	2.6349277	locality	Koksijde, Belgium	Koksijde, Veurne, West Flanders, Flanders, 8670, Belgium
Belgium: Zwevegem	Belgium	1	50.7828566	3.3755864	locality	Zwevegem, Belgium	Zwevegem, Kortrijk, West Flanders, Flanders, Belgium
Belgium: Avelgem	Belgium	1	50.7775063	3.4496662	locality	Avelgem, Belgium	Avelgem, Kortrijk, West Flanders, Flanders, Belgium
UK: Broughton	UK	1	53.565614	-0.5539235	locality	Broughton, UK	Broughton, North Lincolnshire, Greater Lincolnshire, England, United Kingdom
UK: Titchmarsh	UK	1	52.3999709	-0.4893233	locality	Titchmarsh, UK	Titchmarsh, North Northamptonshire, England, United Kingdom
UK: Wallingford	UK	1	51.5982886	-1.1251402	locality	Wallingford, UK	Wallingford, South Oxfordshire, Oxfordshire, England, United Kingdom
UK: Streatley	UK	1	51.9463121	-0.4454221	locality	Streatley, UK	Streatley, Central Bedfordshire, England, United Kingdom
UK: Dunmow	UK	1	54.7023545	-3.2765753	locality-nofacility	UK	United Kingdom
UK: Keisby	UK	1	52.8445622	-0.4609085	locality	Keisby, UK	Keisby, Lenton Keisby and Osgodby, Irnham, South Kesteven, Lincolnshire, Greater Lincolnsh
UK: Royston	UK	1	52.0472741	-0.0246467	locality	Royston, UK	Royston, North Hertfordshire, Hertfordshire, England, United Kingdom
UK: Fulbourn	UK	1	52.1828971	0.2198896	locality	Fulbourn, UK	Fulbourn, South Cambridgeshire, Cambridgeshire, Cambridgeshire and Peterborough, England, 
France: Vauroisy	France	1	49.2799759	4.3113776	locality	Vauroisy, France	Vauroisy, Pontfaverger-Moronvilliers, Reims, Marne, Grand Est, Metropolitan France, 51490,
Austria: Groß Enzersdorf	Austria	1	48.2018	16.5519598	locality	Groß Enzersdorf, Austria	Groß-Enzersdorf, Bezirk Gänserndorf, Lower Austria, 2301, Austria
Austria: Gießhübl	Austria	1	48.0970038	16.2363114	locality	Gießhübl, Austria	Gießhübl, Bezirk Mödling, Lower Austria, 2372, Austria
Poland: Choryn	Poland	1	52.0403358	16.7655264	locality	Choryn, Poland	Choryń, gmina Kościan, Kościan County, Greater Poland Voivodeship, 64-005, Poland
France: Gourhel	France	1	47.93693	-2.36114	locality	Gourhel, France	Gourhel, Pontivy, Morbihan, Brittany, Metropolitan France, 56800, France
France: Guégon	France	1	47.937588	-2.5648476	locality	Guégon, France	Guégon, Pontivy, Morbihan, Brittany, Metropolitan France, 56120, France
Germany: Dunau	Germany	1	52.3543983	9.5481513	locality	Dunau, Germany	Lathwehren-Dunau, Lathwehren, Seelze, Region Hannover, Lower Saxony, 30926, Germany
Germany: Grucking	Germany	1	48.3418035	11.9717074	locality	Grucking, Germany	Grucking, Fraunberg, Landkreis Erding, Bavaria, 85447, Germany
Germany: Kirchmatting	Germany	1	48.8130193	12.6118933	locality	Kirchmatting, Germany	Kirchmatting, Oberpiebing, Salching, Aiterhofen (VGem), Landkreis Straubing-Bogen, Bavaria
France: Druelle	France	1	44.3606219	2.5053408	locality	Druelle, France	Druelle, Druelle Balsac, Rodez, Aveyron, Occitania, Metropolitan France, 12510, France
Bulgaria: Novi Han	Bulgaria	1	42.6057156	23.5960002	locality	Novi Han, Bulgaria	Novi han, Elin Pelin, Sofia, 2110, Bulgaria
Spain: Garínoain	Spain	1	42.6005691	-1.6453061	locality	Garínoain, Spain	Garínoain, Erdialdea, Navarre, Spain
Germany: Böhl Bauch 10	Germany	1	51.1638175	10.4478313	locality-nofacility	Germany	Germany
Germany: Tachenhausen	Germany	1	48.6496533	9.3849028	locality	Tachenhausen, Germany	Hofgut Tachenhausen, Oberboihingen, VVG der Stadt Nürtingen, Landkreis Esslingen, Baden-Wü
France: Nangis	France	1	48.5549416	3.0136837	locality	Nangis, France	Nangis, Provins, Seine-et-Marne, Ile-de-France, Metropolitan France, 77370, France
Chile: Carillanca Vilcun	Chile	1	-38.6979788	-72.4149871	locality	Carillanca Vilcun, Chile	Condominio Carillanca, Vilcún, Provincia de Cautín, Araucania Region, Chile
Chile: Cajón Temuco	Chile	1	-31.7613365	-71.3187697	locality-nofacility	Chile	Chile
Chile: Los Tilos Santiago	Chile	1	-31.7613365	-71.3187697	locality-nofacility	Chile	Chile
Ethiopia: Sembo	Ethiopia	1	9.41667	39.35	locality	Sembo, Ethiopia	Sembo, North Shewa (Oromia Region), Oromia Region, Ethiopia
USA: Hutchinson, Kansas	USA	1	35.8148236	-101.34844	locality-nofacility	Hutchinson, USA	Hutchinson County, Texas, United States
USA: Hitchcock, Nebraska	USA	1	40.1659573	-101.0387468	locality-nofacility	Hitchcock, USA	Hitchcock County, Nebraska, United States
USA: Hidalgo, Texas	USA	1	26.3530256	-98.216445	locality-nofacility	Hidalgo, USA	Hidalgo County, Texas, United States
USA: Brookings County, South Dakota	USA	1	44.3208961	-96.7511843	locality	South Dakota, Brookings County, USA	Bel Brands USA, Brookings, Aurora Township, Brookings County, South Dakota, United States
USA: Bozeman, Montana	USA	1	45.6794293	-111.044047	locality-nofacility	Bozeman, USA	Bozeman, Gallatin County, Montana, United States
USA: Corvallis, Oregon	USA	1	44.5645659	-123.2620435	locality-nofacility	Corvallis, USA	Corvallis, Benton County, Oregon, United States
USA: Siskiyou, California	USA	1	41.3201402	-122.3046849	locality	California, Siskiyou, USA	California National Guard Armory, 618, Mount Shasta, Siskiyou County, California, 96067, U
USA: Montana	USA	1	47.3752671	-109.638757	locality	Montana, USA	Montana, United States
USA: Cimarron, Oklahoma	USA	1	36.7245861	-102.4792992	locality	Oklahoma, Cimarron, USA	Oklahoma Department of Transportation Maintenance Yard, Cimarron County, Oklahoma, United 
USA: Edicott, Washington	USA	1	39.7837304	-100.445882	region	USA	United States
USA: St John, Washington	USA	1	18.3356013	-64.7550406	locality-nofacility	St John, USA	Saint John, East End, Saint Thomas - Saint John District, United States Virgin Islands, Un
USA: Gregory, South Dakota	USA	1	43.1713788	-99.1674843	locality-nofacility	Gregory, USA	Gregory County, South Dakota, United States
USA: Ririe, Indiana	USA	1	43.63131	-111.773593	locality-nofacility	Ririe, USA	Ririe, Jefferson County, Idaho, United States
USA: Tripp, South Dakota	USA	1	43.3779147	-99.8394926	locality	South Dakota, Tripp, USA	South Dakota Transportation, Winner, Tripp County, South Dakota, United States
USA: Hemingford, Nebraska	USA	1	42.3215777	-103.0728713	locality-nofacility	Hemingford, USA	Hemingford, Box Butte County, Nebraska, United States
USA: Mt Vernon, Washington	USA	1	40.9125085	-73.8386504	locality-nofacility	Mt Vernon, USA	City of Mount Vernon, Westchester County, New York, United States
Canada: St Albert	Canada	1	53.633239	-113.628845	locality	St Albert, Canada	St. Albert, Alberta, Canada
USA: Cash, Arkansas	USA	1	35.7990389	-90.9336124	locality-nofacility	Cash, USA	Cash, Craighead County, Arkansas, 72421, United States
USA: Othello, Washington	USA	1	47.5422746	-122.2843054	locality	Washington, Othello, USA	Washington State Hai Ninh Community Association, 3811, South Holly Street, Graham, NewHoll
USA: Kalispell, Montana	USA	1	48.202158	-114.315321	locality-nofacility	Kalispell, USA	Kalispell, Flathead County, Montana, United States
USA: Rockland, Indiana	USA	1	41.1519319	-74.0357266	locality-nofacility	Rockland, USA	Rockland County, New York, United States
USA: Raerden, Washington	USA	1	39.7837304	-100.445882	region	USA	United States
USA: Warsaw, Virginia	USA	1	41.2381017	-85.8530544	locality-nofacility	Warsaw, USA	Warsaw, Kosciusko County, Indiana, United States
USA: Woodland, California	USA	1	38.6786109	-121.7733285	locality-nofacility	Woodland, USA	Woodland, Yolo County, California, 95776, United States
USA: Weedsport, New York	USA	1	43.048677	-76.5627197	locality-nofacility	Weedsport, USA	Village of Weedsport, Town of Brutus, Cayuga County, New York, United States
USA: Lansing/Mason, Michigan	USA	1	39.7837304	-100.445882	region	USA	United States
USA: Chickasha, Oklahoma	USA	1	35.0512159	-97.9370036	locality-nofacility	Chickasha, USA	Chickasha, Grady County, Oklahoma, United States
USA: Altus, Oklahoma	USA	1	34.6381255	-99.3339754	locality-nofacility	Altus, USA	Altus, Jackson County, Oklahoma, 73521, United States
South Africa: Hopetown	South Africa	1	-29.623959	24.0830094	locality	Hopetown, South Africa	Hopetown, Thembelihle Local Municipality, Pixley ka Seme District Municipality, Northern C
South Africa: Bloemfontein	South Africa	1	-29.116395	26.215496	locality	Bloemfontein, South Africa	Bloemfontein, Mangaung Metropolitan Municipality, Free State, 9310, South Africa
South Africa: Western Cape	South Africa	1	-33.546977	20.72753	locality	Western Cape, South Africa	Western Cape, South Africa
South Africa: Sutherland	South Africa	1	-32.393889	20.661111	locality	Sutherland, South Africa	Sutherland, Karoo Hoogland Local Municipality, Namakwa District Municipality, Northern Cap
South Africa: Northern Cape	South Africa	1	-29.573402	21.2051361	locality	Northern Cape, South Africa	Northern Cape, South Africa
South Africa: Bredasdorp	South Africa	1	-34.533055	20.042778	locality	Bredasdorp, South Africa	Bredasdorp, Cape Agulhas Local Municipality, Overberg District Municipality, Western Cape,
UK: Duns	UK	1	55.777842	-2.3438476	locality	Duns, UK	Duns, Berwickshire, Scotland, TD11 3BY, United Kingdom
UK: Sutton Bridge	UK	1	54.7023545	-3.2765753	locality-nofacility	UK	United Kingdom
France: Saultain	France	1	50.3351	3.58255	locality	Saultain, France	Saultain, Valenciennes, Nord, Hauts-de-France, Metropolitan France, 59990, France
UK: Glenrothes	UK	1	56.1961905	-3.1716324	locality	Glenrothes, UK	Glenrothes, Fife, Scotland, KY7 5NN, United Kingdom
UK: Holbeach Marsh	UK	1	52.8550419	0.0018992	locality	Holbeach Marsh, UK	Holbeach Marsh, Holbeach CP, South Holland, Lincolnshire, Greater Lincolnshire, England, P
UK: Coldstream	UK	1	55.6511811	-2.252957	locality	Coldstream, UK	Coldstream, Scottish Borders, Scotland, TD12 4AS, United Kingdom
UK: Benniworth	UK	1	53.3163628	-0.1840976	locality	Benniworth, UK	Benniworth, East Lindsey, Lincolnshire, Greater Lincolnshire, England, United Kingdom
UK: East Lothian	UK	1	55.915797	-2.7511952	locality	East Lothian, UK	East Lothian, Scotland, United Kingdom
UK: Mears Ashby	UK	1	52.2923942	-0.7727787	locality	Mears Ashby, UK	Mears Ashby, North Northamptonshire, England, United Kingdom
UK: North Yorkshire	UK	1	54.1345328	-1.4986285	locality	North Yorkshire, UK	North Yorkshire, England, United Kingdom
UK: Lincoln	UK	1	53.2293545	-0.5404819	locality	Lincoln, UK	Lincoln, Lincolnshire, Greater Lincolnshire, England, LN2 1DA, United Kingdom
UK: Leicestershire	UK	1	52.666667	-1.0	locality	Leicestershire, UK	Leicestershire, England, United Kingdom
UK: Chillingham	UK	1	55.5276287	-1.9039592	locality	Chillingham, UK	Chillingham, Northumberland, North East, England, United Kingdom
Denmark: Helsignør	Denmark	1	55.670249	10.3333283	locality-nofacility	Denmark	Denmark
UK: Berwickshire	UK	1	55.75	-2.5	locality	Berwickshire, UK	Berwickshire, Scotland, United Kingdom
UK: Woodsford	UK	1	50.7125269	-2.3395867	locality	Woodsford, UK	Woodsford, Dorset, England, United Kingdom
UK: Watlington (Oxfordshire)	UK	1	51.6451586	-1.0043458	locality	Watlington (Oxfordshire), UK	Watlington, South Oxfordshire, Oxfordshire, England, United Kingdom
Germany: Motterwitz	Germany	1	51.1964076	12.8805887	locality	Motterwitz, Germany	Motterwitz, Dürrweitzschen, Grimma, Landkreis Leipzig, Saxony, Germany
UK: Telford	UK	1	52.6780532	-2.4514219	locality	Telford, UK	Telford, Telford and Wrekin, England, TF3 4HB, United Kingdom
UK: Bury St Edmunds	UK	1	52.2460367	0.7125173	locality	Bury St Edmunds, UK	Bury St Edmunds, West Suffolk, Suffolk, England, United Kingdom
UK: Crabbs Green	UK	1	54.7023545	-3.2765753	locality-nofacility	UK	United Kingdom
UK: Coates (Peterborough)	UK	1	52.5622566	-0.0744766	locality	Coates (Peterborough), UK	Coates, Fenland District, Cambridgeshire, Cambridgeshire and Peterborough, England, PE7 2B
UK: Tye Green	UK	1	51.856955	0.5844024	locality	Tye Green, UK	Tye Green, Cressing, Braintree, Essex, England, CM77 8HF, United Kingdom
UK: Herne Bay	UK	1	51.3719507	1.1306951	locality	Herne Bay, UK	Herne Bay, Kent, England, United Kingdom
UK: High Legh	UK	1	53.3479674	-2.4747512	locality	High Legh, UK	High Legh, Cheshire East, England, United Kingdom
Argentina: Marcos Juárez	Argentina	1	-32.6946933	-62.104385	locality	Marcos Juárez, Argentina	Municipio de Marcos Juárez, Pedanía Espinillos, Departamento Marcos Juárez, Córdoba, X2580
Argentina: Placita	Argentina	1	-33.0338188	-68.8970002	locality	Placita, Argentina	Placita, Distrito Ciudad de Luján de Cuyo, Departamento Luján de Cuyo, Mendoza, Argentina
Argentina: Trenque Lauquen	Argentina	1	-35.9731074	-62.7328794	locality	Trenque Lauquen, Argentina	Trenque Lauquen, Partido de Trenque Lauquen, Buenos Aires, Argentina
UK: Fowlmere	UK	1	52.089645	0.0756448	locality	Fowlmere, UK	Fowlmere, South Cambridgeshire, Cambridgeshire, Cambridgeshire and Peterborough, England, 
Germany: Northeim	Germany	1	51.7648548	9.858883	locality	Northeim, Germany	Landkreis Northeim, Lower Saxony, Germany
Sweden: Borrby	Sweden	1	55.4580331	14.1808853	locality	Borrby, Sweden	Borrby, Simrishamns kommun, Skåne County, 276 35, Sweden
Spain: Jerez	Spain	1	36.6816936	-6.1377402	locality	Jerez, Spain	Jerez, Campiña de Jerez, Cádiz, Andalusia, Spain
Spain: Medigorría	Spain	1	39.3260685	-4.8379791	locality-nofacility	Spain	Spain
Spain: Las Cabezas de San Juan	Spain	1	36.9806706	-5.9406692	locality	Las Cabezas de San Juan, Spain	Las Cabezas de San Juan, Sevilla, Andalusia, Spain
Ukraine: Odessa	Ukraine	1	46.4843023	30.7322878	locality	Odessa, Ukraine	Odesa, Odesa Urban Hromada, Odesa Raion, Odesa Oblast, Ukraine
Canada: Saskatoon	Canada	1	52.131802	-106.660767	locality	Saskatoon, Canada	Saskatoon, Saskatchewan, Canada
UK: East Yorkshire	UK	1	53.9112323	-0.5813105	locality	East Yorkshire, UK	East Riding of Yorkshire, Hull and East Yorkshire, England, United Kingdom
UK: Wansford	UK	1	52.581047	-0.4167523	locality	Wansford, UK	Wansford, City of Peterborough, Cambridgeshire and Peterborough, England, United Kingdom
UK: Nassington	UK	1	52.5572686	-0.4430126	locality	Nassington, UK	Nassington, North Northamptonshire, England, United Kingdom
UK: Great Ayton	UK	1	54.4880638	-1.1329314	locality	Great Ayton, UK	Great Ayton, North Yorkshire, York and North Yorkshire, England, United Kingdom
Israel: Ramot Menashe	Israel	1	32.5978839	35.0576452	locality	Ramot Menashe, Israel	Ramot Menashe, Megido Regional Council, Jezreel Subdistrict, North District, Israel
Israel: Beeri	Israel	1	31.4241619	34.4911156	locality	Beeri, Israel	Beeri, Beersheba Subdistrict, South District, Israel
Israel: Nahal Shikma	Israel	1	31.6114413	34.5100671	locality	Nahal Shikma, Israel	Nahal Shikma, Hof Ashkelon Regional Council, Ashkelon Subdistrict, South District, Israel
Israel: Yad Mordechai	Israel	1	31.5886771	34.5589997	locality	Yad Mordechai, Israel	Yad Mordechay, Hof Ashkelon Regional Council, Ashkelon Subdistrict, South District, Israel
Argentina: Arias	Argentina	1	-33.6422088	-62.4038413	locality	Arias, Argentina	Arias, Municipio de Arias, Pedanía Las Tunas, Departamento Marcos Juárez, Córdoba, X2580, 
Argentina: Chacabuco	Argentina	1	-32.7414522	-65.2061252	locality	Chacabuco, Argentina	Chacabuco, San Luis, Argentina
Serbia: Krčedin	Serbia	1	45.1403456	20.1327587	locality	Krčedin, Serbia	Krcedin, Indjija Municipality, Srem Administrative District, Vojvodina, Serbia
Serbia: Konak	Serbia	1	45.3163517	20.9138254	locality	Konak, Serbia	Konak, Secanj Municipality, Central Banat Administrative District, Vojvodina, Serbia
UK: Norwich	UK	1	52.6285576	1.2923954	locality	Norwich, UK	Norwich, Norfolk, England, United Kingdom
Kenya: Mau Summit	Kenya	1	-0.1613113	35.6936632	locality	Mau Summit, Kenya	Mau Summit, Kamara ward, Kuresoi North, Nakuru, Kenya
Kenya: Judea	Kenya	1	-0.2856457	36.1252437	locality	Judea, Kenya	Judea, Nakuru, Nakuru East, Nakuru, 20100, Kenya
Kenya: Narok	Kenya	1	-1.2779366	35.4774228	locality	Narok, Kenya	Narok, Kenya
Kenya: Ngenia	Kenya	1	-0.2844227	35.7065527	locality	Ngenia, Kenya	Ngenia, Turi ward, Molo, Nakuru, Kenya
Kenya: Kikapu	Kenya	1	0.2793165	37.5164935	locality-nofacility	Kenya	Kenya
Kenya: Ngecha	Kenya	1	-0.2829491	35.7424114	locality	Ngecha, Kenya	Ngecha, Turi ward, Molo, Nakuru, Kenya
Kenya: Cheptiret	Kenya	1	0.3764766	35.370191	locality	Cheptiret, Kenya	Cheptiret/Kipchamo ward, Kesses, Uasin Gishu County, Kenya
Kenya: Moiben	Kenya	1	0.7216322	35.3990047	locality	Moiben, Kenya	Moiben, Uasin Gishu County, 30100, Kenya
Kenya: Siwot Keringet	Kenya	1	-0.4137561	35.6726104	locality	Siwot Keringet, Kenya	Siwot, Keringet ward, Kuresoi South, Nakuru, Kenya
France: Meurchin	France	1	50.49539	2.8900936	locality	Meurchin, France	Meurchin, Lens, Pas-de-Calais, Hauts-de-France, Metropolitan France, 62410, France
Ethiopia: Kasowera	Ethiopia	1	10.2116702	38.6521203	locality-nofacility	Ethiopia	Ethiopia
Rwanda: Rwerere	Rwanda	1	-1.5117428	29.877416	locality	Rwerere, Rwanda	Rwerere, Burera District, Northern Province, Rwanda
Bhutan: Punakha	Bhutan	1	27.6363463	89.8363689	locality	Punakha, Bhutan	Punakha District, Bhutan
UK: Cropredy	UK	1	52.122826	-1.3280951	locality	Cropredy, UK	Cropredy, Cherwell District, Oxfordshire, England, United Kingdom
Argentina: Victoria	Argentina	1	-34.4541012	-58.5407091	locality	Victoria, Argentina	Victoria, Partido de San Fernando, Buenos Aires, Argentina
Argentina: Cañada Rosquin	Argentina	1	-32.0544559	-61.6018824	locality	Cañada Rosquin, Argentina	Cañada Rosquin, Municipio de Cañada Rosquín, Departamento San Martín, Santa Fe, Argentina
Argentina: Sancti Spiritu	Argentina	1	-34.0076455	-62.2414297	locality	Sancti Spiritu, Argentina	Sancti Spíritu, Municipio de Sancti Spiritu, Departamento General López, Santa Fe, S2617, 
Argentina: Anguil	Argentina	1	-36.5269604	-64.0079566	locality	Anguil, Argentina	Anguil, Municipio de Anguil, Departamento Capital, La Pampa, L6326, Argentina
UK: Spalding	UK	1	52.7876264	-0.1526099	locality	Spalding, UK	Spalding, South Holland, Lincolnshire, Greater Lincolnshire, England, PE11 1SR, United Kin
Croatia: Sigetec	Croatia	1	46.1869939	16.9336438	locality	Sigetec, Croatia	Sigetec, Općina Peteranec, Koprivnica-Križevci County, Croatia
Spain: Utrera	Spain	1	37.1824646	-5.7817506	locality	Utrera, Spain	Utrera, Sevilla, Andalusia, Spain
France: Louvigny	France	1	49.1565383	-0.3937312	locality	Louvigny, France	Louvigny, Caen, Calvados, Normandy, Metropolitan France, 14111, France
UK: Ludlow	UK	1	52.3679896	-2.7193114	locality	Ludlow, UK	Ludlow, Shropshire, England, United Kingdom
Czechia: Přerov	Czechia	1	49.4553775	17.4508621	locality	Přerov, Czechia	Přerov, okres Přerov, Olomouc Region, Czechia
The Netherlands: Wirdum	The Netherlands	1	53.3231655	6.7861392	locality	Wirdum, The Netherlands	Wirdum, Eemsdelta, Groningen, Netherlands
The Netherlands: Nieuw Beerta	The Netherlands	1	53.1892253	7.1632512	locality	Nieuw Beerta, The Netherlands	Nieuw Beerta, Oldambt, Groningen, Netherlands
Slovenia: Borovnica	Slovenia	1	45.9113562	14.3831614	locality	Borovnica, Slovenia	Borovnica, Upravna Enota Vrhnika, 1353, Slovenia
Hungary: Sárbogárdi Járás	Hungary	1	46.8625402	18.6178336	locality	Sárbogárdi Járás, Hungary	Sárbogárdi járás, Fejér, Transdanubia, Hungary
Hungary: Kocs	Hungary	1	47.6054999	18.2132002	locality	Kocs, Hungary	Kocs, Tatai járás, Komárom-Esztergom, Transdanubia, 2898, Hungary
Poland: Widawa	Poland	1	51.4375	18.94412	locality	Widawa, Poland	Widawa, gmina Widawa, Łask County, Łódź Voivodeship, 98-170, Poland
France: Les Andelys	France	1	49.2469193	1.4215534	locality	Les Andelys, France	Les Andelys, Eure, Normandy, Metropolitan France, 27700, France
UK: Foscot	UK	1	51.8951375	-1.6389691	locality	Foscot, UK	Foscot, West Oxfordshire, Oxfordshire, England, OX7 6RJ, United Kingdom
Spain: Puerto de Santa Maria	Spain	1	38.0420693	-6.1835772	locality	Puerto de Santa Maria, Spain	Puerto de Santa María, Monesterio, Badajoz, Extremadura, 06260, Spain
Italy: Orzzano dell'Emilia	Italy	1	42.6384261	12.674297	locality-nofacility	Italy	Italy
The Netherlands: Hank	The Netherlands	1	51.7360352	4.8986026	locality	Hank, The Netherlands	Hank, Altena, North Brabant, Netherlands
The Netherlands: Skenhuis	The Netherlands	1	52.2434979	5.6343227	locality-nofacility	The Netherlands	Netherlands
The Netherlands: De Vries	The Netherlands	1	52.2434979	5.6343227	locality-nofacility	The Netherlands	Netherlands
The Netherlands: Schulten beld	The Netherlands	1	52.2434979	5.6343227	locality-nofacility	The Netherlands	Netherlands
Ethiopia: Adigulo AS	Ethiopia	1	10.2116702	38.6521203	locality-nofacility	Ethiopia	Ethiopia
Ethiopia: Mekana	Ethiopia	1	10.2116702	38.6521203	locality-nofacility	Ethiopia	Ethiopia
Belgium: Doel	Belgium	1	51.3111156	4.2643189	locality	Doel, Belgium	Doel, Beveren-Kruibeke-Zwijndrecht, Sint-Niklaas, East Flanders, Flanders, Belgium
Germany: Welsch Billig	Germany	1	51.1638175	10.4478313	locality-nofacility	Germany	Germany
Germany: Oberboihingen	Germany	1	48.6475985	9.3668947	locality	Oberboihingen, Germany	Oberboihingen, VVG der Stadt Nürtingen, Landkreis Esslingen, Baden-Württemberg, 72644, Ger
Germany: Buchbach	Germany	1	48.3126655	12.2730641	locality	Buchbach, Germany	Buchbach, Landkreis Mühldorf am Inn, Bavaria, 84428, Germany
Germany: Bühren	Germany	1	51.4846797	9.6801458	locality	Bühren, Germany	Bühren, Samtgemeinde Dransfeld, Landkreis Göttingen, Lower Saxony, Germany
Germany: Erlangen	Germany	1	49.5891571	10.9812072	locality	Erlangen, Germany	Erlangen, Bavaria, Germany
The Netherlands: Oostburg	The Netherlands	1	51.3271917	3.4895533	locality	Oostburg, The Netherlands	Oostburg, Sluis, Zeeland, Netherlands
Hungary: Győr	Hungary	1	47.6835029	17.6342832	locality	Győr, Hungary	Gyor, Győri járás, Győr-Moson-Sopron, Transdanubia, Hungary
Hungary: Szekszárd	Hungary	1	46.3484884	18.701663	locality	Szekszárd, Hungary	Szekszárd, Szekszárdi járás, Tolna, Transdanubia, 7100, Hungary
France: Luglon	France	1	44.0818985	-0.7189995	locality	Luglon, France	Luglon, Mont-de-Marsan, Landes, Nouvelle-Aquitaine, Metropolitan France, 40630, France
France: Touffreville-sur-Eu	France	1	49.9995778	1.3342558	locality	Touffreville-sur-Eu, France	Touffreville-sur-Eu, Dieppe, Seine-Maritime, Normandy, Metropolitan France, 76910, France
Croatia: Gotalovo	Croatia	1	46.2184846	16.9841295	locality	Gotalovo, Croatia	Gotalovo, Općina Gola, Koprivnica-Križevci County, Croatia
France: Allouange	France	1	46.603354	1.8883335	locality-nofacility	France	France
France: Mœuvres	France	1	50.1638431	3.0648285	locality	Mœuvres, France	Mœuvres, Cambrai, Nord, Hauts-de-France, Metropolitan France, 59400, France
France: La Capelle	France	1	49.9780556	3.9172222	locality	La Capelle, France	La Capelle, Vervins, Aisne, Hauts-de-France, Metropolitan France, 02260, France
Germany: Bothkamp	Germany	1	54.2032589	10.1336639	locality	Bothkamp, Germany	Bothkamp, Preetz-Land, Kreis Plön, Schleswig-Holstein, Germany
Turkey: Murath	Turkey	1	39.294076	35.2316631	locality-nofacility	Turkey	Turkey
Turkey: Babaeski	Turkey	1	41.4302616	27.0917789	locality	Babaeski, Turkey	Babaeski, Kırklareli, Marmara Region, Turkey
France: Saint-Germain-en-Laye	France	1	48.9312511	2.0912611	locality	Saint-Germain-en-Laye, France	Saint-Germain-en-Laye, Yvelines, Ile-de-France, Metropolitan France, France
France: Bourgogne	France	1	47.2780873	4.2224863	locality	Bourgogne, France	Burgundy, Metropolitan France, France
France: Pontfaverger	France	1	49.2973636	4.3174486	locality	Pontfaverger, France	Pontfaverger-Moronvilliers, Reims, Marne, Grand Est, Metropolitan France, 51490, France
Germany: Walkendorf	Germany	1	53.9537784	12.5501308	locality	Walkendorf, Germany	Walkendorf, Gnoien, Landkreis Rostock, Mecklenburg-Vorpommern, Germany
UK: Mersea	UK	1	51.7769754	0.917361	locality	Mersea, UK	West Mersea, Colchester, Essex, England, United Kingdom
UK: Hundon	UK	1	52.1130766	0.538142	locality	Hundon, UK	Hundon, West Suffolk, Suffolk, England, United Kingdom
UK: Lindsey	UK	1	52.0676811	0.8846821	locality	Lindsey, UK	Lindsey, Babergh, Suffolk, England, United Kingdom
UK: Ixworth	UK	1	52.2996238	0.8379129	locality	Ixworth, UK	Ixworth, West Suffolk, Suffolk, England, United Kingdom
UK: Gipping	UK	1	52.2292492	1.0304566	locality	Gipping, UK	Gipping, Mid Suffolk, Suffolk, England, United Kingdom
UK: Glastonbury	UK	1	51.14804	-2.716577	locality	Glastonbury, UK	Glastonbury, Somerset, England, United Kingdom
Czechia: Kujavy	Czechia	1	49.7033134	17.9725284	locality	Kujavy, Czechia	Kujavy, okres Nový Jičín, Moravian-Silesian Region, 742 44, Czechia
Czechia: Chrudim	Czechia	1	49.9511458	15.7947559	locality	Chrudim, Czechia	Chrudim, okres Chrudim, Pardubice Region, Czechia
Spain: Caparroso	Spain	1	42.3395614	-1.6543719	locality	Caparroso, Spain	Caparroso, Erdialdea, Navarre, 31380, Spain
Spain: Espejo	Spain	1	37.678932	-4.5537827	locality	Espejo, Spain	Espejo, Córdoba, Andalusia, Spain
Spain: Suzana	Spain	1	42.7097178	-2.9898484	locality	Suzana, Spain	Suzana, Miranda de Ebro, Burgos, Castile and León, 09200, Spain
The Netherlands: Kamperland	The Netherlands	1	51.5680028	3.7017099	locality	Kamperland, The Netherlands	Kamperland, Noord-Beveland, Zeeland, Netherlands
Germany: Gronau	Germany	1	52.0841729	9.7751956	locality	Gronau, Germany	Gronau, Samtgemeinde Leinebergland, Landkreis Hildesheim, Lower Saxony, 31028, Germany
UK: Clacton	UK	1	51.7883997	1.1527865	locality	Clacton, UK	Clacton-on-Sea, Tendring, Essex, England, CO15 1QP, United Kingdom
UK: Nauhton	UK	1	54.7023545	-3.2765753	locality-nofacility	UK	United Kingdom
UK: Layer de la Haye	UK	1	51.8467947	0.8623408	locality	Layer de la Haye, UK	Layer-de-la-Haye, Colchester, Essex, England, CO2 0JD, United Kingdom
UK: Hemingstone	UK	1	52.1404883	1.1417359	locality	Hemingstone, UK	Hemingstone, Mid Suffolk, Suffolk, England, United Kingdom
UK: Tuddenham	UK	1	52.3143082	0.5472061	locality	Tuddenham, UK	Tuddenham, West Suffolk, Suffolk, England, United Kingdom
UK: Terrington St Clement	UK	1	52.8088521	0.3090975	locality	Terrington St Clement, UK	Terrington St. Clement, King's Lynn and West Norfolk, Norfolk, England, United Kingdom
UK: Oxford	UK	1	51.7520131	-1.2578499	locality	Oxford, UK	Oxford, Oxfordshire, England, United Kingdom
UK: Wareham	UK	1	50.6868972	-2.1098377	locality	Wareham, UK	Wareham, Dorset, England, BH20 4AW, United Kingdom
UK: Wool	UK	1	50.6899851	-2.2473119	locality	Wool, UK	Wool, Dorset, England, United Kingdom
USA: Urbana, IL	USA	1	40.1117174	-88.207301	locality-nofacility	Urbana, USA	Urbana, Champaign County, Illinois, United States
USA: North Carolina (35.864, -76.659)	USA	1	35.6729639	-79.0392919	locality-nofacility	North Carolina, USA	North Carolina, United States
USA: Brookings, South Dakota	USA	1	44.3208961	-96.7511843	locality	South Dakota, Brookings, USA	Bel Brands USA, Brookings, Aurora Township, Brookings County, South Dakota, United States
USA: Taco Corn California	USA	1	39.7837304	-100.445882	locality-nofacility	USA	United States
USA: Indiana	USA	1	40.3270127	-86.1746933	locality	Indiana, USA	Indiana, United States
USA: NE Research Farm Iowa	USA	1	39.7837304	-100.445882	locality-nofacility	USA	United States
USA: Kanawha, Iowa	USA	1	38.3428208	-81.5089835	locality-nofacility	Kanawha, USA	Kanawha County, West Virginia, United States
USA: Armstrong, Iowa	USA	1	34.9295608	-101.3449139	locality-nofacility	Armstrong, USA	Armstrong County, Texas, United States
USA: 312 NE Research Farm Iowa	USA	1	39.7837304	-100.445882	locality-nofacility	USA	United States
USA: Woodbury, County Iowa	USA	1	42.3775361	-96.0607187	locality-nofacility	Woodbury, USA	Woodbury County, Iowa, United States
USA: Shelby county, Iowa	USA	1	31.7716364	-94.1301652	locality-nofacility	Shelby county, USA	Shelby County, Texas, United States
USA: Iowa (42.925, -95.539)	USA	1	41.5878406	-93.5858691	locality	-95.539), Iowa (42.925, USA	Siegwork USA Company, Des Moines, Polk County, Iowa, United States
USA: Sutherland, Iowa	USA	1	42.9742849	-95.4975638	locality-nofacility	Sutherland, USA	Sutherland, O'Brien County, Iowa, United States
USA: Iowa (43.256, -92.105)	USA	1	30.2368772	-93.0137569	locality	-92.105), Iowa (43.256, USA	Iowa, Calcasieu Parish, Louisiana, 70647, United States
USA: Iowa (42.921, -91.920)	USA	1	42.0560012	-92.8970154	locality	-91.920), Iowa (42.921, USA	Alliant SBD 9107 JBS USA, Marshalltown, Marshall Township, Marshall County, Iowa, United S
