year	crop	n
2012	Wheat	2
2012	Maize	94
2012	Rice	0
2012	Sorghum	0
2013	Wheat	38
2013	Maize	0
2013	Rice	239
2013	Sorghum	0
2014	Wheat	178
2014	Maize	740
2014	Rice	385
2014	Sorghum	0
2015	Wheat	233
2015	Maize	510
2015	Rice	1422
2015	Sorghum	0
2016	Wheat	256
2016	Maize	0
2016	Rice	611
2016	Sorghum	197
2017	Wheat	295
2017	Maize	183
2017	Rice	127
2017	Sorghum	0
2018	Wheat	83
2018	Maize	0
2018	Rice	0
2018	Sorghum	0
2019	Wheat	22
2019	Maize	0
2019	Rice	0
2019	Sorghum	0
2020	Wheat	53
2020	Maize	750
2020	Rice	0
2020	Sorghum	100
2021	Wheat	24
2021	Maize	0
2021	Rice	0
2021	Sorghum	822
2022	Wheat	25
2022	Maize	0
2022	Rice	0
2022	Sorghum	0
2023	Wheat	0
2023	Maize	9
2023	Rice	0
2023	Sorghum	0
2024	Wheat	0
2024	Maize	12
2024	Rice	0
2024	Sorghum	0
