path	size_bytes	mtime_epoch	md5
db_v2/hash.k2d	6304209220	1786593561	460979e574b0405b8861aaf775e07fd9
db_v2/library/added/097EAaYhgZ.fna	21879750	1786590166	
db_v2/library/added/0LERdzc3sg.fna	20081728	1786590773	
db_v2/library/added/0QwWRN3Eov.fna	23147396	1786590083	
db_v2/library/added/0ociHcPIo7.fna	21464508	1786590763	
db_v2/library/added/0rZr5bJ78W.fna	20857205	1786590207	
db_v2/library/added/11u8BCl1sH.fna	18626150	1786590722	
db_v2/library/added/1ECw5HcLkk.fna	21929331	1786590321	
db_v2/library/added/1HFJzufWHh.fna	25925975	1786590042	
db_v2/library/added/1Kru_09Sfn.fna	26050117	1786590086	
db_v2/library/added/1T8217nk20.fna	27392753	1786590908	
db_v2/library/added/1Y9WTuU1jc.fna	15465222	1786590624	
db_v2/library/added/21HwErrnwz.fna	20774159	1786590261	
db_v2/library/added/25Jp0zFzrj.fna	19644756	1786589736	
db_v2/library/added/2LGGcGIUcO.fna	21223803	1786590094	
db_v2/library/added/2LnjqMMR_U.fna	20497562	1786589886	
db_v2/library/added/2Pa12i2rRK.fna	21226667	1786589752	
db_v2/library/added/2UoevQxDwm.fna	19398343	1786590708	
db_v2/library/added/2e8ujUNpqd.fna	17445422	1786590866	
db_v2/library/added/2nQbp1YKOC.fna	19975635	1786590767	
db_v2/library/added/2qiBEiBYqu.fna	20293206	1786590859	
db_v2/library/added/2wYC_Nv9z8.fna	30863714	1786589828	
db_v2/library/added/30axlMvjr9.fna	19343368	1786589750	
db_v2/library/added/34PT9v8f2C.fna	20391381	1786589727	
db_v2/library/added/3AlGEexILv.fna	21782857	1786589868	
db_v2/library/added/3P1qHfHD74.fna	21538021	1786590105	
db_v2/library/added/3TQmo7IxzS.fna	37010798	1786590464	
db_v2/library/added/3f9uDdS6WO.fna	20313359	1786590775	
db_v2/library/added/3lpTiYMyP0.fna	15777509	1786590622	
db_v2/library/added/3r0dcBkwFp.fna	14301080	1786590808	
db_v2/library/added/3uG4IYWYr5.fna	21415280	1786590428	
db_v2/library/added/43BtVFLo0W.fna	22554975	1786589780	
db_v2/library/added/4BnW6tTKWf.fna	20033938	1786590397	
db_v2/library/added/4C5cLQlyh5.fna	21139096	1786590133	
db_v2/library/added/4FYxqgB7jt.fna	24201083	1786590721	
db_v2/library/added/4IARC8pM2A.fna	25589985	1786590282	
db_v2/library/added/4M84yKVxlw.fna	24900014	1786590039	
db_v2/library/added/4Nfrz6AF6_.fna	17738936	1786590857	
db_v2/library/added/4YHy7FY7w9.fna	24893101	1786590714	
db_v2/library/added/4_i3ILIIrX.fna	19682480	1786590216	
db_v2/library/added/4cHZDyQA3Q.fna	22720432	1786590691	
db_v2/library/added/4fnTPU3tgi.fna	13535238	1786590252	
db_v2/library/added/4gLM7BjRDK.fna	41667384	1786591016	
db_v2/library/added/4rHWOk9FEy.fna	28514422	1786590879	
db_v2/library/added/4y7DBr3vdB.fna	24303802	1786590023	
db_v2/library/added/5MyDh9RtBR.fna	25024213	1786589899	
db_v2/library/added/5RQX1Pc2WT.fna	27152803	1786589921	
db_v2/library/added/5TrCy6Hl67.fna	22840657	1786590091	
db_v2/library/added/5TuPAK14hi.fna	20600392	1786590538	
db_v2/library/added/5hjPNgTHCM.fna	22555517	1786590127	
db_v2/library/added/6TJWVohfIZ.fna	21633087	1786589725	
db_v2/library/added/6_LZ7ZkcMw.fna	27456873	1786590305	
db_v2/library/added/6dIQdvy7HH.fna	20366037	1786590222	
db_v2/library/added/6pb4xZPfzX.fna	23458234	1786590359	
db_v2/library/added/7HOVginDf2.fna	32926374	1786590566	
db_v2/library/added/7JPYhLzo2p.fna	16139702	1786590803	
db_v2/library/added/7JpiDaXwQs.fna	21532372	1786590796	
db_v2/library/added/7LtpFU3tnP.fna	19617040	1786590391	
db_v2/library/added/7PvemUUeGM.fna	26249180	1786590291	
db_v2/library/added/7Qs8q95cD4.fna	23716572	1786590578	
db_v2/library/added/7b7XoT43Ev.fna	24230179	1786589810	
db_v2/library/added/7mfp42G3qS.fna	19957242	1786589756	
db_v2/library/added/7s5ASTENnc.fna	18407608	1786590263	
db_v2/library/added/7snynn7Bvu.fna	20494564	1786590199	
db_v2/library/added/80ZeWbH1hG.fna	19729023	1786590630	
db_v2/library/added/84RFUEbaLg.fna	22659389	1786590697	
db_v2/library/added/84Y1gtDU5S.fna	23041841	1786590439	
db_v2/library/added/89OD4GFh03.fna	25260460	1786590029	
db_v2/library/added/8EEDh3_9kq.fna	17562763	1786590188	
db_v2/library/added/8EdAUbSuR8.fna	21930085	1786590549	
db_v2/library/added/8LtViiM062.fna	20208688	1786589981	
db_v2/library/added/8P1O7Mke8x.fna	26921970	1786590503	
db_v2/library/added/8fWJH1AkTZ.fna	18311265	1786590716	
db_v2/library/added/8oOHwg9B0V.fna	15926791	1786590575	
db_v2/library/added/8qIwuQSyqn.fna	27946621	1786590298	
db_v2/library/added/8sTa_GIfvn.fna	20632450	1786590183	
db_v2/library/added/8tdmQXckYt.fna	26386239	1786589834	
db_v2/library/added/9BPFoqQTmB.fna	25604529	1786590335	
db_v2/library/added/9JY12D9DPs.fna	25302418	1786589709	
db_v2/library/added/9MKilDE2KW.fna	23642131	1786590663	
db_v2/library/added/9_SfpQUcAt.fna	21036434	1786589893	
db_v2/library/added/9khJ4idg98.fna	15429956	1786590849	
db_v2/library/added/9oESEc1Sk8.fna	24624735	1786590316	
db_v2/library/added/9slOYqvCKm.fna	22701976	1786589837	
db_v2/library/added/A1vkCGZN6A.fna	19527410	1786589744	
db_v2/library/added/A81YfQO9ov.fna	25784554	1786590045	
db_v2/library/added/A8hpGIsJC7.fna	22889556	1786589848	
db_v2/library/added/AAWUOqiJna.fna	21598808	1786589873	
db_v2/library/added/AB3mLcMiUz.fna	24201833	1786590755	
db_v2/library/added/ADm0St_YGF.fna	14969186	1786590264	
db_v2/library/added/ADpjH0kwVF.fna	30241838	1786590905	
db_v2/library/added/ALlcRGSjrr.fna	25329835	1786590058	
db_v2/library/added/AfivpEIWKs.fna	17675560	1786590111	
db_v2/library/added/ArUAIytf5u.fna	17041212	1786590818	
db_v2/library/added/AwuIx8vMox.fna	24721935	1786589938	
db_v2/library/added/AyWvZmPSt7.fna	28051267	1786590683	
db_v2/library/added/B4X_61kf8Z.fna	17649653	1786589761	
db_v2/library/added/B7NgbuTDZm.fna	25583724	1786590671	
db_v2/library/added/B8qmDTfjbl.fna	27337495	1786590994	
db_v2/library/added/BCHj8cZ0kP.fna	44843081	1786590920	
db_v2/library/added/BG6VuYCNkP.fna	21514066	1786590540	
db_v2/library/added/BOJ0E809j7.fna	19645817	1786589732	
db_v2/library/added/BfOQo584gZ.fna	29004077	1786590279	
db_v2/library/added/Bp0ADuZPRr.fna	16230914	1786590834	
db_v2/library/added/BxlyT9QoST.fna	51039212	1786590660	
db_v2/library/added/BzfnSGfE3x.fna	22750891	1786590364	
db_v2/library/added/C4hknsUufV.fna	32389917	1786590486	
db_v2/library/added/C8rc26iJ3V.fna	39191542	1786591029	
db_v2/library/added/CA1zF9phRf.fna	23693374	1786590377	
db_v2/library/added/CAAQ5S4ue9.fna	20057723	1786590213	
db_v2/library/added/CC1DZhoPyf.fna	20401822	1786590233	
db_v2/library/added/CDinA_zk2G.fna	20867030	1786590718	
db_v2/library/added/CEeKKKygL_.fna	35031251	1786590938	
db_v2/library/added/CKXMQnjri0.fna	26257091	1786590420	
db_v2/library/added/CV3iyUE19q.fna	22502614	1786589923	
db_v2/library/added/Cfy2souaHY.fna	22418139	1786590081	
db_v2/library/added/Cq6Jh5BqW8.fna	26581647	1786589973	
db_v2/library/added/Cvb3SLTTNp.fna	26301480	1786590002	
db_v2/library/added/D5vfmAfszx.fna	19901306	1786590177	
db_v2/library/added/D8cqVY2m3u.fna	22607868	1786590757	
db_v2/library/added/DH0U5YQ9rK.fna	22953944	1786590072	
db_v2/library/added/DMXKgXeJlG.fna	35466079	1786590964	
db_v2/library/added/DWG0c0gT8w.fna	23776649	1786590435	
db_v2/library/added/DaPhF1__xv.fna	20913848	1786590195	
db_v2/library/added/DaSFCDXoXr.fna	17102119	1786590193	
db_v2/library/added/DmIf0Xe_FD.fna	26934354	1786590496	
db_v2/library/added/DrItU9rolY.fna	19522518	1786589906	
db_v2/library/added/EAVqJFtJDh.fna	15691451	1786590817	
db_v2/library/added/EBefZ8OJH6.fna	24740139	1786590607	
db_v2/library/added/EF429E7pxx.fna	20667392	1786590107	
db_v2/library/added/EJZZSYaTJi.fna	23606663	1786590244	
db_v2/library/added/EUtw6kpuet.fna	34090810	1786590933	
db_v2/library/added/EwXJBTzpA9.fna	19366103	1786590534	
db_v2/library/added/FAgqzGmwJI.fna	17341037	1786590759	
db_v2/library/added/FAuSHkmDN0.fna	24152597	1786589946	
db_v2/library/added/FCXxq4wwmr.fna	17252586	1786590581	
db_v2/library/added/FFb3pH30ZE.fna	20791568	1786590542	
db_v2/library/added/FFvagc3Rcm.fna	20058375	1786589993	
db_v2/library/added/FK8foS49cd.fna	27020503	1786590674	
db_v2/library/added/FP4piJrG7y.fna	23449970	1786590649	
db_v2/library/added/FPwsJe2_z_.fna	37278978	1786591054	
db_v2/library/added/FT8ExfFaF5.fna	26816071	1786590294	
db_v2/library/added/FbsijhAsrE.fna	34146400	1786590560	
db_v2/library/added/FgFWqZdi3s.fna	19505951	1786590174	
db_v2/library/added/FjBLOiISNA.fna	21058715	1786590135	
db_v2/library/added/Fkr3PmAO5C.fna	13698956	1786590782	
db_v2/library/added/FmGKdAEw0q.fna	24124041	1786589854	
db_v2/library/added/FtSFKav5B6.fna	24556923	1786590520	
db_v2/library/added/G5pVS6OkPv.fna	20545387	1786590218	
db_v2/library/added/GF6AHvB8gw.fna	15658144	1786590804	
db_v2/library/added/Gevslgp0Nu.fna	21652241	1786589877	
db_v2/library/added/GqqFhg_mkq.fna	21659863	1786589864	
db_v2/library/added/GwtwzoWQdi.fna	21675720	1786589983	
db_v2/library/added/H8leNaQCX7.fna	21486467	1786590307	
db_v2/library/added/HAyvOK8qKb.fna	24894535	1786590408	
db_v2/library/added/HFZ3jvk8Vt.fna	26023707	1786589831	
db_v2/library/added/HGPWNo7own.fna	22718826	1786589970	
db_v2/library/added/HJ7jaWZElY.fna	19355608	1786590235	
db_v2/library/added/HV8fFw_AAL.fna	21215308	1786590798	
db_v2/library/added/HXsCDbNR36.fna	26215376	1786590400	
db_v2/library/added/HgtBmw6lLA.fna	15583379	1786591042	
db_v2/library/added/HnxXsNzKLi.fna	25716368	1786589926	
db_v2/library/added/Hs14ieM25u.fna	26013607	1786590423	
db_v2/library/added/ILRxprivS7.fna	21990553	1786590734	
db_v2/library/added/Ic75n9b9JK.fna	18884966	1786590637	
db_v2/library/added/IeB5hf5r0I.fna	20814273	1786590706	
db_v2/library/added/IjKQWn0asv.fna	26215419	1786590122	
db_v2/library/added/IjoUpdwRLO.fna	21194939	1786589931	
db_v2/library/added/Ikoh6i77lM.fna	37549486	1786590953	
db_v2/library/added/Ip5p895s14.fna	26135148	1786589798	
db_v2/library/added/J0Rfx4pvbg.fna	15443176	1786590921	
db_v2/library/added/J42idCGJEl.fna	19537778	1786590395	
db_v2/library/added/J5rOLyGCQE.fna	17515781	1786590190	
db_v2/library/added/JGpQRDAdNs.fna	21327591	1786590740	
db_v2/library/added/JWy1LpNDKQ.fna	28632931	1786589965	
db_v2/library/added/Jce9f7_ua8.fna	24068375	1786590241	
db_v2/library/added/JehKTFLHTa.fna	26255751	1786589794	
db_v2/library/added/JmK7oqZh9y.fna	19930420	1786589731	
db_v2/library/added/JuanOp1eeV.fna	22744074	1786590361	
db_v2/library/added/JvIEzkublJ.fna	20939461	1786589764	
db_v2/library/added/Jz72Rf96CP.fna	19301152	1786590862	
db_v2/library/added/KB6vNlQc2r.fna	20008244	1786589812	
db_v2/library/added/KFDksIhdmL.fna	19175604	1786590389	
db_v2/library/added/KIBYCuFRmM.fna	19502529	1786589734	
db_v2/library/added/KLhpAhiNs7.fna	25152988	1786590523	
db_v2/library/added/KOGCODA3S5.fna	30833663	1786590842	
db_v2/library/added/KUCSn2aJi2.fna	33022759	1786590875	
db_v2/library/added/KV0ZO3_miD.fna	25997955	1786589704	
db_v2/library/added/KVWoXxHtdq.fna	24184638	1786590382	
db_v2/library/added/KYxGy1xTYg.fna	19848993	1786590384	
db_v2/library/added/KqQl0k8x9j.fna	20943693	1786590792	
db_v2/library/added/KyUE77YdE7.fna	39154150	1786590470	
db_v2/library/added/L34GC5pckZ.fna	24084206	1786589901	
db_v2/library/added/L6FIkE8RYI.fna	24515041	1786590410	
db_v2/library/added/LFxoEXUglA.fna	30340537	1786590553	
db_v2/library/added/LKWK0t9aFE.fna	22263844	1786590442	
db_v2/library/added/LMLT5zONof.fna	19722188	1786589849	
db_v2/library/added/LMrwUMpSUh.fna	37918537	1786590453	
db_v2/library/added/LOM3aw91vz.fna	21087677	1786590592	
db_v2/library/added/LchwrJUGbf.fna	23251020	1786590425	
db_v2/library/added/LnsXCe85zZ.fna	19451818	1786590246	
db_v2/library/added/Lr1TzqbHAR.fna	15446169	1786590848	
db_v2/library/added/LvWw2iAMZ2.fna	19239875	1786590385	
db_v2/library/added/LxdR5Fef29.fna	13707014	1786590594	
db_v2/library/added/MJg4L4eD58.fna	23168187	1786590402	
db_v2/library/added/MUy9WWSCjh.fna	24128630	1786590013	
db_v2/library/added/MXKiga7Wtp.fna	27514252	1786589716	
db_v2/library/added/MZwAWjREyT.fna	29895025	1786590301	
db_v2/library/added/MnaXdsCBoX.fna	27882993	1786590102	
db_v2/library/added/MzBzvLD5IO.fna	20278222	1786590748	
db_v2/library/added/N2XEdM6CVp.fna	21515910	1786590259	
db_v2/library/added/N7_cPDDch0.fna	21118100	1786589961	
db_v2/library/added/N9fvW6nWsK.fna	17985774	1786589784	
db_v2/library/added/NOQR1gFB20.fna	25536659	1786590338	
db_v2/library/added/NP09YvRcS5.fna	19151269	1786590861	
db_v2/library/added/NWtQPeRbXI.fna	22588190	1786590124	
db_v2/library/added/O6HOFliHjX.fna	26854450	1786590064	
db_v2/library/added/OH_NBlEwCu.fna	41318416	1786590886	
db_v2/library/added/OJWmpvO9Ko.fna	22057935	1786590432	
db_v2/library/added/OLP8IILnmQ.fna	25923826	1786589914	
db_v2/library/added/ORsEQHh1Tv.fna	26024821	1786589845	
db_v2/library/added/OcB46Ie6bv.fna	24138175	1786589840	
db_v2/library/added/Odk4xSuQFb.fna	35835454	1786590959	
db_v2/library/added/OqdHibA2GO.fna	19572953	1786589738	
db_v2/library/added/OuTbmnCkIC.fna	26378187	1786590288	
db_v2/library/added/OuzV5OcehZ.fna	12765637	1786590353	
db_v2/library/added/OxfzwrLD5b.fna	19842695	1786590639	
db_v2/library/added/PAgxmDQDZn.fna	21450879	1786590786	
db_v2/library/added/PGX6EV37xc.fna	20600505	1786590746	
db_v2/library/added/PIBz6xqdrE.fna	20333558	1786590750	
db_v2/library/added/PPz6S8zJqy.fna	20847620	1786589808	
db_v2/library/added/PRYTfoHIRu.fna	16280064	1786590821	
db_v2/library/added/PVMgvx8GZZ.fna	25384297	1786589979	
db_v2/library/added/QUbEgPYnlu.fna	20382829	1786590736	
db_v2/library/added/QUbc1u3mix.fna	18671986	1786590777	
db_v2/library/added/QfsZuwCEWT.fna	21905011	1786590379	
db_v2/library/added/QlZhnD2bk6.fna	24852565	1786590405	
db_v2/library/added/QtHg7kT3I7.fna	19078808	1786590780	
db_v2/library/added/QyD5wkaTkM.fna	14052908	1786590799	
db_v2/library/added/R233m5zRWg.fna	16543092	1786589933	
db_v2/library/added/R6de5rvtHt.fna	26313697	1786590499	
db_v2/library/added/R9aPJi1Lbg.fna	17358638	1786590214	
db_v2/library/added/RM5DKy6YUL.fna	16622973	1786590892	
db_v2/library/added/RRMswd1SBq.fna	15361259	1786590854	
db_v2/library/added/RRwsgE4sNW.fna	31119160	1786590828	
db_v2/library/added/R_pzzPwNfP.fna	19631461	1786590141	
db_v2/library/added/Rh8Ido6xKT.fna	20276011	1786590752	
db_v2/library/added/RhTHZDd1X9.fna	25315516	1786589929	
db_v2/library/added/RhzQuj8DGQ.fna	16553745	1786590822	
db_v2/library/added/Rv_0LDXTy3.fna	18834341	1786590894	
db_v2/library/added/S2D94zyt0R.fna	20641063	1786590647	
db_v2/library/added/S3ByhkSJLc.fna	17853358	1786590815	
db_v2/library/added/S7K8Vw64ka.fna	16869151	1786590586	
db_v2/library/added/SEnHR21U3P.fna	23039305	1786589860	
db_v2/library/added/SFcStFS2Kb.fna	19472307	1786589758	
db_v2/library/added/SMMclwtx8P.fna	40001690	1786590493	
db_v2/library/added/SPhJgi78NN.fna	19686570	1786590209	
db_v2/library/added/SWGyAhVyee.fna	19858952	1786590170	
db_v2/library/added/SbXn9h8m9U.fna	13447842	1786590781	
db_v2/library/added/SpBuFDQiRn.fna	20450888	1786590203	
db_v2/library/added/SrMyUYNChM.fna	25265762	1786590005	
db_v2/library/added/SuA5lFhvo6.fna	18098759	1786590349	
db_v2/library/added/TCDPovpUaN.fna	19350251	1786590393	
db_v2/library/added/TMR1NIgUZy.fna	30653210	1786590838	
db_v2/library/added/TRqEncZkoN.fna	31892809	1786590990	
db_v2/library/added/TUcVAbHlIH.fna	23869750	1786590061	
db_v2/library/added/TpQjU9kE3U.fna	21264335	1786590789	
db_v2/library/added/TxgsdEM062.fna	28564294	1786590695	
db_v2/library/added/UERhNGSdN5.fna	13911936	1786590112	
db_v2/library/added/UIMbOGgB2B.fna	22667239	1786590511	
db_v2/library/added/UKb3ekgvo1.fna	21424770	1786589875	
db_v2/library/added/ULlLfSM7dS.fna	21327766	1786590155	
db_v2/library/added/UNJnYDETT1.fna	18505236	1786590704	
db_v2/library/added/UPl3QzBJTm.fna	15413712	1786590853	
db_v2/library/added/UUyBX3vm6p.fna	21512097	1786590197	
db_v2/library/added/UdCw9H54nC.fna	25889213	1786590526	
db_v2/library/added/UqPiWDZ732.fna	23699735	1786590148	
db_v2/library/added/UsSn6lSmcR.fna	21991229	1786590159	
db_v2/library/added/UwdWUf87CP.fna	22403491	1786590257	
db_v2/library/added/V0dNfarKRC.fna	22343458	1786590369	
db_v2/library/added/VSFz1Nl56W.fna	13689430	1786590790	
db_v2/library/added/VWjS8MJNXZ.fna	42729115	1786591005	
db_v2/library/added/VXPtq0YWY9.fna	18440081	1786590864	
db_v2/library/added/VmrQlz0iTT.fna	18670442	1786590139	
db_v2/library/added/W3LOu37Tfd.fna	21717464	1786590152	
db_v2/library/added/WDr6fEe2Xk.fna	22047283	1786590574	
db_v2/library/added/WXMnriKH0F.fna	17925284	1786590760	
db_v2/library/added/WZ5NwSQCja.fna	34098308	1786590986	
db_v2/library/added/X4ASXVBN5H.fna	19608756	1786590355	
db_v2/library/added/XCary5Dww1.fna	25736583	1786589857	
db_v2/library/added/XE0gLLhA_5.fna	31804307	1786590475	
db_v2/library/added/XK_Zn9xMfy.fna	25058199	1786590532	
db_v2/library/added/XKwIWfOAvI.fna	23259663	1786589904	
db_v2/library/added/XeT0d16ckg.fna	30134901	1786589788	
db_v2/library/added/Y1Lfmu_jNr.fna	26674964	1786590374	
db_v2/library/added/Y7fpv5BqeB.fna	21409500	1786589882	
db_v2/library/added/Y9DR7QcZBO.fna	21040015	1786590645	
db_v2/library/added/YDDrKrD9vM.fna	20319583	1786590050	
db_v2/library/added/YUl23pCzyF.fna	21391028	1786590765	
db_v2/library/added/Ywpy05iUTs.fna	20953598	1786590098	
db_v2/library/added/ZACDnBIuAH.fna	26212171	1786589941	
db_v2/library/added/Z_VsJW1o78.fna	15075350	1786590585	
db_v2/library/added/ZeNffhHUGP.fna	25619108	1786590341	
db_v2/library/added/Zr_rgDsfEY.fna	26660841	1786590285	
db_v2/library/added/Zskbx2fo0g.fna	24562294	1786590036	
db_v2/library/added/ZtSdG4juz1.fna	21880493	1786589718	
db_v2/library/added/_1KfMER_q8.fna	15819527	1786590626	
db_v2/library/added/_1kOjmLyfe.fna	19725407	1786590642	
db_v2/library/added/_9LLvcIgk8.fna	25536239	1786590332	
db_v2/library/added/_DQnXxnxhm.fna	22994025	1786590366	
db_v2/library/added/_HKjoX00Oc.fna	24347194	1786589821	
db_v2/library/added/_I7tjNNO6F.fna	29207085	1786589819	
db_v2/library/added/_KMchnt3EM.fna	20733770	1786590703	
db_v2/library/added/_Oz_g1m6Dx.fna	20151147	1786590345	
db_v2/library/added/_PtfGAxwRV.fna	32930086	1786590833	
db_v2/library/added/__kHxcBMCQ.fna	23762054	1786590769	
db_v2/library/added/_tQtt6O9j2.fna	25450425	1786590869	
db_v2/library/added/_vLdinyfI7.fna	26431828	1786590666	
db_v2/library/added/a1wzu_lFZ9.fna	19574203	1786590311	
db_v2/library/added/a4eWEc9AQn.fna	18641188	1786590726	
db_v2/library/added/a66Kq1R7hZ.fna	19395605	1786590181	
db_v2/library/added/a7fZGD0OaL.fna	24243827	1786590615	
db_v2/library/added/aNMDMn169n.fna	23409212	1786590635	
db_v2/library/added/aV_tL1m3qX.fna	20515971	1786589760	
db_v2/library/added/aVzO4Od_vB.fna	25585275	1786590517	
db_v2/library/added/ab8nN0EHtO.fna	20445332	1786590588	
db_v2/library/added/afjMRurGuG.fna	20935279	1786589742	
db_v2/library/added/alRmzxD8Xo.fna	20092342	1786590812	
db_v2/library/added/alYRjShp6V.fna	34999145	1786590891	
db_v2/library/added/au04ouCXDS.fna	29187579	1786590017	
db_v2/library/added/avQ5s4_S1q.fna	27881683	1786590026	
db_v2/library/added/b0BfhTU4UH.fna	19712369	1786590731	
db_v2/library/added/bDVdzhVlUD.fna	14619034	1786590628	
db_v2/library/added/bDkRM1vNBu.fna	20141566	1786589774	
db_v2/library/added/bKU7QXV6ry.fna	24122866	1786590343	
db_v2/library/added/bTQp2JFe0b.fna	11725163	1786590225	
db_v2/library/added/bh7IDz1LKK.fna	19647681	1786590871	
db_v2/library/added/bmamA5IVRm.fna	20193952	1786589766	
db_v2/library/added/bppszuXdmG.fna	22986461	1786590444	
db_v2/library/added/cAEL_5E3Qn.fna	23316379	1786590447	
db_v2/library/added/cQAXsxgT3w.fna	26328880	1786590048	
db_v2/library/added/cTTtBRoHCB.fna	15475781	1786590847	
db_v2/library/added/cUQSFiLsnH.fna	24748728	1786589824	
db_v2/library/added/cYm_nJQ3ox.fna	20117878	1786590205	
db_v2/library/added/cb7ieGMe4Z.fna	18954886	1786590728	
db_v2/library/added/ceQJJLyNPw.fna	22620058	1786590569	
db_v2/library/added/cfBvlNwd9K.fna	19642313	1786590185	
db_v2/library/added/ckDTvjzEGr.fna	19943652	1786589768	
db_v2/library/added/d1zY2Niiq4.fna	22447097	1786590371	
db_v2/library/added/dUvGvUpeSc.fna	19257417	1786590143	
db_v2/library/added/dVWXQBH8_t.fna	19805088	1786589740	
db_v2/library/added/dW3MSSVqSz.fna	17986918	1786590771	
db_v2/library/added/dnCTlQjmjy.fna	20437861	1786590119	
db_v2/library/added/dpGioj5jOM.fna	20862648	1786590251	
db_v2/library/added/dqygURSM6b.fna	18898264	1786589770	
db_v2/library/added/dxQTX1hgok.fna	22211145	1786590129	
db_v2/library/added/eGOzrFvRHj.fna	27182654	1786589959	
db_v2/library/added/eGiO1TOKvs.fna	21221038	1786589884	
db_v2/library/added/eVDmxhz0XC.fna	18619559	1786590352	
db_v2/library/added/eY4NyvoaHC.fna	22736025	1786589911	
db_v2/library/added/efVitHh1xu.fna	17177240	1786590350	
db_v2/library/added/egVztIRqXR.fna	11198395	1786590227	
db_v2/library/added/emaQ1pkJbJ.fna	20793833	1786589772	
db_v2/library/added/eqZCk5g83H.fna	16609927	1786590113	
db_v2/library/added/ergOs9nli4.fna	19720656	1786590175	
db_v2/library/added/esPiHpr72R.fna	23425861	1786590145	
db_v2/library/added/ettwefgBt3.fna	22198288	1786590668	
db_v2/library/added/ezxOyfGjIg.fna	23070321	1786590150	
db_v2/library/added/fgYOIXPhvH.fna	35490423	1786590969	
db_v2/library/added/fghqRbUTQZ.fna	27254772	1786590055	
db_v2/library/added/fnDSGqvsig.fna	21210464	1786590742	
db_v2/library/added/fp_iuF5kof.fna	22167622	1786590231	
db_v2/library/added/fvQGRlxLr1.fna	21625733	1786589866	
db_v2/library/added/gCi7j5Hn3f.fna	20202916	1786589706	
db_v2/library/added/gNHFUiw7BD.fna	32034643	1786590479	
db_v2/library/added/gNtsMAHHLB.fna	19173632	1786590248	
db_v2/library/added/gcH6jjrO9h.fna	25533275	1786589968	
db_v2/library/added/gdfN4M3eX2.fna	28656245	1786589950	
db_v2/library/added/gftVm5uDOF.fna	39299400	1786591041	
db_v2/library/added/guHKwiBMzo.fna	21587470	1786589754	
db_v2/library/added/hHZWjh0ddw.fna	27202360	1786589999	
db_v2/library/added/hLlffJby1H.fna	23287316	1786590677	
db_v2/library/added/hRbM0uieb3.fna	24706211	1786590633	
db_v2/library/added/hS8F2tJbdz.fna	20046984	1786590309	
db_v2/library/added/huK5qsU3UT.fna	19781070	1786590536	
db_v2/library/added/i6nZPrnFzd.fna	21662857	1786589871	
db_v2/library/added/iAvLPmwTWa.fna	14176848	1786590627	
db_v2/library/added/iFbqeq_Q6T.fna	18677371	1786590710	
db_v2/library/added/iGOT0kOnOw.fna	27471658	1786590509	
db_v2/library/added/iKTlagTy7_.fna	23446989	1786589800	
db_v2/library/added/iKz2FQykD3.fna	26951262	1786589777	
db_v2/library/added/iZ9ktrB__Y.fna	15242140	1786590033	
db_v2/library/added/ialEqGVRcr.fna	22866247	1786589888	
db_v2/library/added/ievjUE6F_w.fna	24485182	1786590596	
db_v2/library/added/iogL8KtdV4.fna	27264831	1786589989	
db_v2/library/added/ipTVANiyvL.fna	21416112	1786590437	
db_v2/library/added/j7CvhmqB4E.fna	27289245	1786590912	
db_v2/library/added/jI1spD8bq1.fna	26529684	1786590514	
db_v2/library/added/jI3SGwywKD.fna	24306099	1786590602	
db_v2/library/added/jNIk8O19Nj.fna	27386327	1786590008	
db_v2/library/added/jPNeEAI7Uf.fna	13737599	1786590800	
db_v2/library/added/jPSmtLrObX.fna	17438126	1786590820	
db_v2/library/added/jTTBPqsgAX.fna	19256185	1786590357	
db_v2/library/added/jiZ3WwJISW.fna	21008963	1786590580	
db_v2/library/added/jjafgAgPYo.fna	37476802	1786590975	
db_v2/library/added/jsCJ7H80tk.fna	28860846	1786589918	
db_v2/library/added/jw9pMq1pm7.fna	19317213	1786590211	
db_v2/library/added/jzXMcURkrS.fna	20912796	1786590562	
db_v2/library/added/k3_NeF1AA8.fna	25151311	1786590455	
db_v2/library/added/k7YxdFXeaO.fna	10482092	1786590593	
db_v2/library/added/kCFxmxM9fc.fna	28522855	1786590687	
db_v2/library/added/kaBSFWjdV0.fna	18391128	1786590347	
db_v2/library/added/kccQz7_NpW.fna	22658549	1786590164	
db_v2/library/added/kdvwrHmkrk.fna	24730838	1786590610	
db_v2/library/added/krtRWSEqU3.fna	20729909	1786590430	
db_v2/library/added/l4DnUBNCUK.fna	19366954	1786590117	
db_v2/library/added/lVRPD7jmqV.fna	22195195	1786590229	
db_v2/library/added/lWwyjLxplV.fna	20716623	1786590583	
db_v2/library/added/lezGFcSMXN.fna	21261104	1786590157	
db_v2/library/added/llX5Al2dEC.fna	21793052	1786589879	
db_v2/library/added/lsaStZ6sm0.fna	25321742	1786590417	
db_v2/library/added/lxyanyZAxU.fna	19515478	1786590237	
db_v2/library/added/lzVYE1fSJH.fna	18948516	1786590712	
db_v2/library/added/m1nVIYkOcf.fna	15814019	1786590807	
db_v2/library/added/m4DdH0FZQS.fna	25458797	1786590067	
db_v2/library/added/mF1TqaNUdi.fna	25946167	1786590506	
db_v2/library/added/mFro0U6s6f.fna	15927290	1786590805	
db_v2/library/added/mO2w38wQWS.fna	25798250	1786589956	
db_v2/library/added/mU0QCdhQAT.fna	21469731	1786590744	
db_v2/library/added/mVMGWiaZ_r.fna	28043163	1786589713	
db_v2/library/added/mo1CKgmpib.fna	26741410	1786590997	
db_v2/library/added/nOHbiHtyMs.fna	25792709	1786589986	
db_v2/library/added/nb0dgX3akk.fna	32712835	1786590269	
db_v2/library/added/neNsWsmwO2.fna	19335898	1786589746	
db_v2/library/added/nrEjplw4zv.fna	24304860	1786590604	
db_v2/library/added/o1sJIBwCcZ.fna	27546305	1786590079	
db_v2/library/added/o25Ulm4rXk.fna	22822948	1786589803	
db_v2/library/added/oYvTzMldhv.fna	24552176	1786590272	
db_v2/library/added/o_tetXorhk.fna	20184744	1786590220	
db_v2/library/added/onE6CiRQnx.fna	22691718	1786590255	
db_v2/library/added/oou6fC8skc.fna	18901978	1786590689	
db_v2/library/added/oswrxE4Usd.fna	38020753	1786591048	
db_v2/library/added/ouV3bpWXd4.fna	17968464	1786590191	
db_v2/library/added/ouiMVLy9EP.fna	18615554	1786590088	
db_v2/library/added/ow6KL5VuXe.fna	22824985	1786590544	
db_v2/library/added/ozozg5SSdc.fna	25280253	1786589935	
db_v2/library/added/pGojY1FH0b.fna	27595422	1786590414	
db_v2/library/added/pOC5grDLiy.fna	19148303	1786590729	
db_v2/library/added/pPX0pj88Fu.fna	26106412	1786590947	
db_v2/library/added/pSmb9e5ncZ.fna	25268558	1786590482	
db_v2/library/added/p_l01zrpKd.fna	19321952	1786590387	
db_v2/library/added/phUBrHmJRH.fna	25419571	1786590680	
db_v2/library/added/prelim_map.txt	551748368	1786591066	
db_v2/library/added/prelim_map_03E5gtUqBv.txt	1335853	1786590990	
db_v2/library/added/prelim_map_07PMtJ7rAu.txt	826537	1786590750	
db_v2/library/added/prelim_map_0CfPLGW7P7.txt	710762	1786590845	
db_v2/library/added/prelim_map_0YtmJrZZ64.txt	1096231	1786589800	
db_v2/library/added/prelim_map_0aMfRMoPyz.txt	709261	1786590853	
db_v2/library/added/prelim_map_0ahG5zTurg.txt	884657	1786589772	
db_v2/library/added/prelim_map_0gxbRMcuHv.txt	1024894	1786589870	
db_v2/library/added/prelim_map_0mCqPEwFDw.txt	1170814	1786590029	
db_v2/library/added/prelim_map_0q3dtgbRHp.txt	891411	1786589720	
db_v2/library/added/prelim_map_0qooZVKjxE.txt	1002426	1786589854	
db_v2/library/added/prelim_map_0x8s2JgY4u.txt	1170334	1786590075	
db_v2/library/added/prelim_map_10GBQXwMel.txt	988014	1786589706	
db_v2/library/added/prelim_map_136nswAGjd.txt	1039965	1786590718	
db_v2/library/added/prelim_map_1gO47XSDbw.txt	1111080	1786590004	
db_v2/library/added/prelim_map_1lGXguwK5C.txt	1219200	1786590662	
db_v2/library/added/prelim_map_1mnLPeiqxy.txt	826870	1786590389	
db_v2/library/added/prelim_map_1nqTcvopP9.txt	911030	1786590096	
db_v2/library/added/prelim_map_1o9hM54irf.txt	1196494	1786589955	
db_v2/library/added/prelim_map_1wjnPvmvC_.txt	1220904	1786589968	
db_v2/library/added/prelim_map_241UyWKQxJ.txt	974352	1786590133	
db_v2/library/added/prelim_map_29woih6dtE.txt	988773	1786590780	
db_v2/library/added/prelim_map_2EwmoDOcI8.txt	2157140	1786590953	
db_v2/library/added/prelim_map_2IoYPoCvN1.txt	983965	1786589718	
db_v2/library/added/prelim_map_2LjixZvNaq.txt	1061619	1786590532	
db_v2/library/added/prelim_map_2O0gg_cifP.txt	843618	1786590773	
db_v2/library/added/prelim_map_2ZN9SqyepS.txt	1087374	1786590423	
db_v2/library/added/prelim_map_2k7EwHv1p1.txt	439905	1786590781	
db_v2/library/added/prelim_map_2oAQRAuG1s.txt	829657	1786589740	
db_v2/library/added/prelim_map_2wNkdeCQsi.txt	1085048	1786589986	
db_v2/library/added/prelim_map_2xOT1tfsfE.txt	638035	1786590622	
db_v2/library/added/prelim_map_2yJSXJ8h0p.txt	1188846	1786590908	
db_v2/library/added/prelim_map_3BUyJJX0Gt.txt	796506	1786590189	
db_v2/library/added/prelim_map_3GddB29x7z.txt	455643	1786590226	
db_v2/library/added/prelim_map_3KyOHgWW8M.txt	929064	1786590213	
db_v2/library/added/prelim_map_3R9Zjr83WO.txt	1916892	1786591015	
db_v2/library/added/prelim_map_46315e7ovK.txt	984798	1786590090	
db_v2/library/added/prelim_map_48RaZA5ZIX.txt	626163	1786590627	
db_v2/library/added/prelim_map_4CrOc3yJX8.txt	1108012	1786589901	
db_v2/library/added/prelim_map_4DDmJg_rjS.txt	808222	1786590179	
db_v2/library/added/prelim_map_4JeatyWfja.txt	608537	1786590803	
db_v2/library/added/prelim_map_4UQLIK6Cvj.txt	1027966	1786590010	
db_v2/library/added/prelim_map_4UWywr53O0.txt	860738	1786589732	
db_v2/library/added/prelim_map_4eUMVB2XjS.txt	850126	1786589981	
db_v2/library/added/prelim_map_4ggMEkDFTz.txt	1097734	1786589979	
db_v2/library/added/prelim_map_4maIxUgm1m.txt	682443	1786590625	
db_v2/library/added/prelim_map_4nDmpyWbYy.txt	1126243	1786590020	
db_v2/library/added/prelim_map_4zmJ8J9l_A.txt	721980	1786590851	
db_v2/library/added/prelim_map_5AMSVTaVHY.txt	846006	1786590862	
db_v2/library/added/prelim_map_5CMtcqEpTT.txt	921843	1786590734	
db_v2/library/added/prelim_map_5J_jAbkwnf.txt	1590814	1786589788	
db_v2/library/added/prelim_map_5Smzlk8o8V.txt	931358	1786590689	
db_v2/library/added/prelim_map_5hMEFH9Zpu.txt	1187208	1786589921	
db_v2/library/added/prelim_map_5uGbUDP2pf.txt	1002916	1786590241	
db_v2/library/added/prelim_map_6HpT7IsuHq.txt	1284496	1786589834	
db_v2/library/added/prelim_map_6IF9p2pceu.txt	986622	1786589815	
db_v2/library/added/prelim_map_6IzVE44Eme.txt	933042	1786590229	
db_v2/library/added/prelim_map_6QSCbhGKZz.txt	1019214	1786589866	
db_v2/library/added/prelim_map_6V38r0GKSJ.txt	817515	1786590157	
db_v2/library/added/prelim_map_6VaiKDFJ1J.txt	1044990	1786590013	
db_v2/library/added/prelim_map_6WvTcmb1lF.txt	1296174	1786590026	
db_v2/library/added/prelim_map_6pjIX0cdjE.txt	841462	1786590263	
db_v2/library/added/prelim_map_6rNWoA1iAO.txt	1154075	1786589782	
db_v2/library/added/prelim_map_7IzEjUrrv5.txt	1304150	1786590604	
db_v2/library/added/prelim_map_7LYxuHnqTC.txt	1003596	1786590511	
db_v2/library/added/prelim_map_7QxiypTyFc.txt	1242174	1786590008	
db_v2/library/added/prelim_map_7SjL0OPbLV.txt	885790	1786589727	
db_v2/library/added/prelim_map_7TsOLxYMuz.txt	772339	1786590154	
db_v2/library/added/prelim_map_7aRxcfVw40.txt	1081467	1786590496	
db_v2/library/added/prelim_map_7caQQKnsWl.txt	1238094	1786589973	
db_v2/library/added/prelim_map_7d2WTQLRV_.txt	838265	1786589770	
db_v2/library/added/prelim_map_7gdt2KJZEW.txt	857375	1786590757	
db_v2/library/added/prelim_map_7p1HHWmsdG.txt	739593	1786590113	
db_v2/library/added/prelim_map_7zRihIAMdW.txt	835972	1786590387	
db_v2/library/added/prelim_map_8L3pzuqHY9.txt	1263774	1786589959	
db_v2/library/added/prelim_map_8VHfIpwGl7.txt	798528	1786590857	
db_v2/library/added/prelim_map_8_3tSl8ZLC.txt	871719	1786590784	
db_v2/library/added/prelim_map_8j0AOxhcxK.txt	1311614	1786590061	
db_v2/library/added/prelim_map_8m_xDUykjY.txt	1060284	1786590668	
db_v2/library/added/prelim_map_8mrTencoPH.txt	706509	1786590350	
db_v2/library/added/prelim_map_8u_SWJBo45.txt	821440	1786590864	
db_v2/library/added/prelim_map_90OZd8xTW1.txt	875192	1786589993	
db_v2/library/added/prelim_map_93xDe4AxvA.txt	919279	1786589991	
db_v2/library/added/prelim_map_9A2bTlcAkT.txt	704010	1786590191	
db_v2/library/added/prelim_map_9NHJ2g_6r_.txt	842527	1786590859	
db_v2/library/added/prelim_map_9NM_4AWXa0.txt	1036452	1786590405	
db_v2/library/added/prelim_map_9S4bt66ubE.txt	973731	1786590135	
db_v2/library/added/prelim_map_9Z0UPQ6mZO.txt	1527150	1786590838	
db_v2/library/added/prelim_map_9egTuchGQX.txt	1100319	1786590517	
db_v2/library/added/prelim_map_9fiFItG5uN.txt	777143	1786590115	
db_v2/library/added/prelim_map_9jtX1qTXBP.txt	892926	1786590592	
db_v2/library/added/prelim_map_9n2c3iF25V.txt	854260	1786589758	
db_v2/library/added/prelim_map_9s4LnAPwvg.txt	1045674	1786590382	
db_v2/library/added/prelim_map_A7_Q8G7Xum.txt	837042	1786590345	
db_v2/library/added/prelim_map_A9kXvb7hhh.txt	936341	1786590432	
db_v2/library/added/prelim_map_AB1BSAwM0U.txt	1367998	1786590017	
db_v2/library/added/prelim_map_AKo1ClkkZc.txt	996894	1786589752	
db_v2/library/added/prelim_map_AOBnaSxv0y.txt	1199619	1786590529	
db_v2/library/added/prelim_map_ATEMTU2qWy.txt	714843	1786591042	
db_v2/library/added/prelim_map_AWb9hoUvQn.txt	994514	1786590644	
db_v2/library/added/prelim_map_Aa8J65JZat.txt	1223374	1786590326	
db_v2/library/added/prelim_map_AalZHLxLTk.txt	713211	1786590848	
db_v2/library/added/prelim_map_AgG2IAZhwT.txt	477205	1786590353	
db_v2/library/added/prelim_map_AguO1fru3h.txt	852696	1786590391	
db_v2/library/added/prelim_map_AryBUb8eeX.txt	886974	1786589744	
db_v2/library/added/prelim_map_AuNFjv6m4Q.txt	1049493	1786590417	
db_v2/library/added/prelim_map_AuZJkTLJBb.txt	1261534	1786589716	
db_v2/library/added/prelim_map_B1Cy8NvHtr.txt	987669	1786590538	
db_v2/library/added/prelim_map_B8m81h8Hnp.txt	826939	1786590547	
db_v2/library/added/prelim_map_BKy4yo3OgO.txt	559304	1786590226	
db_v2/library/added/prelim_map_BROfXUVp4J.txt	1389107	1786589818	
db_v2/library/added/prelim_map_BUfpRYWodl.txt	1471986	1786590842	
db_v2/library/added/prelim_map_BXqKIdLJs7.txt	630529	1786590575	
db_v2/library/added/prelim_map_BdMRwzWF0S.txt	2028222	1786590891	
db_v2/library/added/prelim_map_BetKIdLFs_.txt	830386	1786589812	
db_v2/library/added/prelim_map_Bjox9M0Jcd.txt	872391	1786589768	
db_v2/library/added/prelim_map_BxB1NPHaXt.txt	1005097	1786590318	
db_v2/library/added/prelim_map_C8xl6krUMF.txt	1712174	1786591034	
db_v2/library/added/prelim_map_C8zZIw7TOO.txt	1024094	1786589873	
db_v2/library/added/prelim_map_C9VEvrgoGD.txt	1038561	1786590523	
db_v2/library/added/prelim_map_CAYbHGnY3l.txt	767966	1786590117	
db_v2/library/added/prelim_map_CH2cBbBJ1h.txt	1336344	1786590278	
db_v2/library/added/prelim_map_CZ3DcqjZhy.txt	1029134	1786589879	
db_v2/library/added/prelim_map_CZbdkfMw38.txt	1065054	1786590032	
db_v2/library/added/prelim_map_CeZtqIN0ZT.txt	574571	1786590225	
db_v2/library/added/prelim_map_CihFRVYAiw.txt	847534	1786590088	
db_v2/library/added/prelim_map_CjrnwIB4y2.txt	1034662	1786590434	
db_v2/library/added/prelim_map_CsAktkV1nu.txt	2161593	1786590975	
db_v2/library/added/prelim_map_CsKwDVVWmb.txt	871936	1786590183	
db_v2/library/added/prelim_map_CwdRTv5k1A.txt	1328001	1786589805	
db_v2/library/added/prelim_map_D6jZuvIlci.txt	1903538	1786590938	
db_v2/library/added/prelim_map_DDuvMBneJB.txt	1006414	1786590052	
db_v2/library/added/prelim_map_DTYeFyR8Qd.txt	882518	1786590396	
db_v2/library/added/prelim_map_EAqcqYoztJ.txt	911049	1786590441	
db_v2/library/added/prelim_map_EEdeztPw7p.txt	1545692	1786590875	
db_v2/library/added/prelim_map_EIH4BBsSPO.txt	911534	1786590050	
db_v2/library/added/prelim_map_EUeBJCxpAP.txt	991454	1786589983	
db_v2/library/added/prelim_map_EVAYmAo2El.txt	879979	1786590150	
db_v2/library/added/prelim_map_EXUxTPC5Gi.txt	1015483	1786590458	
db_v2/library/added/prelim_map_EYey0wcTBu.txt	697514	1786590033	
db_v2/library/added/prelim_map_Eda5KfBRE5.txt	803025	1786590711	
db_v2/library/added/prelim_map_Eesh4gTRVP.txt	1199169	1786590294	
db_v2/library/added/prelim_map_Erqcbe0QDX.txt	689589	1786590810	
db_v2/library/added/prelim_map_EvnXmgIAvg.txt	891926	1786589961	
db_v2/library/added/prelim_map_Ey66ms_IUo.txt	1732454	1786591022	
db_v2/library/added/prelim_map_F2u2q8D9GN.txt	1341614	1786589828	
db_v2/library/added/prelim_map_FMRufV611G.txt	1931278	1786590964	
db_v2/library/added/prelim_map_FOPQIbIjHY.txt	1130602	1786589842	
db_v2/library/added/prelim_map_FOvLdSQYuP.txt	1205699	1786590879	
db_v2/library/added/prelim_map_FXd4Mve7L7.txt	2415042	1786590470	
db_v2/library/added/prelim_map_FaRSiX2Fhy.txt	1059294	1786589943	
db_v2/library/added/prelim_map_Fw9pZQmRh3.txt	967344	1786589970	
db_v2/library/added/prelim_map_G0QGRVI0Me.txt	1214616	1786590596	
db_v2/library/added/prelim_map_G4ZKrr88_q.txt	748452	1786590760	
db_v2/library/added/prelim_map_GAnNLCakX3.txt	1029294	1786589868	
db_v2/library/added/prelim_map_GCefGK9oNp.txt	1389462	1786590553	
db_v2/library/added/prelim_map_GLnXfpNmMj.txt	726124	1786589906	
db_v2/library/added/prelim_map_G_cjYdPAgU.txt	756864	1786590776	
db_v2/library/added/prelim_map_GjCJTRMHsp.txt	1381701	1786590632	
db_v2/library/added/prelim_map_GmaYaUetjK.txt	1171569	1786590288	
db_v2/library/added/prelim_map_GuHN1HeMl3.txt	823318	1786590175	
db_v2/library/added/prelim_map_GzvZbvpPV9.txt	1012164	1786590410	
db_v2/library/added/prelim_map_H8XWzQeR9y.txt	929394	1786589886	
db_v2/library/added/prelim_map_HWXLIx0N5s.txt	1008960	1786590721	
db_v2/library/added/prelim_map_HaKgDWeRr3.txt	1258422	1786590275	
db_v2/library/added/prelim_map_Hclbx1gyV1.txt	1746246	1786590981	
db_v2/library/added/prelim_map_HwKZdQYLiH.txt	1011294	1786589881	
db_v2/library/added/prelim_map_Hza7yLq5EA.txt	877980	1786590233	
db_v2/library/added/prelim_map_IFAPHHRK0f.txt	466734	1786590594	
db_v2/library/added/prelim_map_IJKgqRz7JR.txt	2140428	1786591004	
db_v2/library/added/prelim_map_IMkgd5Sx5D.txt	872631	1786590542	
db_v2/library/added/prelim_map_ITqRmZqcMG.txt	1102443	1786590714	
db_v2/library/added/prelim_map_IbMpnsXnVd.txt	1284265	1786589831	
db_v2/library/added/prelim_map_J0xKD3lvWP.txt	1721014	1786591041	
db_v2/library/added/prelim_map_J8OucceoFv.txt	926871	1786589754	
db_v2/library/added/prelim_map_JJ7bK_G5eG.txt	916269	1786590786	
db_v2/library/added/prelim_map_JUL8gHSRx5.txt	32410	1786590569	
db_v2/library/added/prelim_map_JWoBQoPsO6.txt	1022619	1786589847	
db_v2/library/added/prelim_map_JkTlV5On0I.txt	911705	1786590259	
db_v2/library/added/prelim_map_JpU3lmufYU.txt	822627	1786589995	
db_v2/library/added/prelim_map_K7d2GmIta1.txt	837663	1786590769	
db_v2/library/added/prelim_map_KCi6KzYuxZ.txt	1097837	1786589859	
db_v2/library/added/prelim_map_KM8VgZ7OoX.txt	1263085	1786590509	
db_v2/library/added/prelim_map_KMHt6mcP12.txt	734433	1786590844	
db_v2/library/added/prelim_map_K_u1mxFVEJ.txt	1412678	1786590947	
db_v2/library/added/prelim_map_Kb5drkddgb.txt	1009534	1786589875	
db_v2/library/added/prelim_map_KngtyO1sj2.txt	1241169	1786590577	
db_v2/library/added/prelim_map_Ko2mGS_ytZ.txt	978190	1786590222	
db_v2/library/added/prelim_map_KrmlBcMIpi.txt	923646	1786589931	
db_v2/library/added/prelim_map_Ky2tKSXZnT.txt	2390370	1786590901	
db_v2/library/added/prelim_map_L1LZMxO7vT.txt	852995	1786590637	
db_v2/library/added/prelim_map_LOnLPX1dI3.txt	1114454	1786590414	
db_v2/library/added/prelim_map_LPgSzijl7t.txt	888793	1786590355	
db_v2/library/added/prelim_map_LVRnJyPkDo.txt	947311	1786590098	
db_v2/library/added/prelim_map_LY52UlBBk5.txt	1230442	1786589857	
db_v2/library/added/prelim_map_LZ4dU39Y0n.txt	1060266	1786589952	
db_v2/library/added/prelim_map_Ldk6dM3_KB.txt	1585471	1786590464	
db_v2/library/added/prelim_map_Ln7xvmRtBJ.txt	877494	1786589849	
db_v2/library/added/prelim_map_LtQUoVk6KA.txt	1294650	1786590620	
db_v2/library/added/prelim_map_Lw4pdQzvFr.txt	1116671	1786590514	
db_v2/library/added/prelim_map_LyJB7fk88D.txt	864832	1786590640	
db_v2/library/added/prelim_map_LzYTjv2Rt9.txt	882700	1786589725	
db_v2/library/added/prelim_map_MCKr2zHt4O.txt	1084992	1786590482	
db_v2/library/added/prelim_map_MCSUY2MxdY.txt	1077031	1786590316	
db_v2/library/added/prelim_map_MFiXReuIsP.txt	807642	1786590584	
db_v2/library/added/prelim_map_MMfCfpECam.txt	847000	1786590716	
db_v2/library/added/prelim_map_MOZ5OTCCFi.txt	897417	1786590708	
db_v2/library/added/prelim_map_MoEpMBtCXy.txt	1117251	1786590231	
db_v2/library/added/prelim_map_MpSvWPK_Za.txt	1129296	1786590677	
db_v2/library/added/prelim_map_NAzamEvj1u.txt	942385	1786590796	
db_v2/library/added/prelim_map_NQZVHRZ5Fb.txt	1010683	1786590257	
db_v2/library/added/prelim_map_NdeeTr1DRS.txt	577125	1786590790	
db_v2/library/added/prelim_map_NqCHKvl0cp.txt	1091319	1786590161	
db_v2/library/added/prelim_map_O1QDTrJRpN.txt	868338	1786590107	
db_v2/library/added/prelim_map_OAbAFD9rEu.txt	720018	1786590139	
db_v2/library/added/prelim_map_OLtrG0qlbi.txt	1118094	1786590338	
db_v2/library/added/prelim_map_OTsHhkF8Pi.txt	715809	1786590820	
db_v2/library/added/prelim_map_OVVCG6xnpN.txt	710766	1786589728	
db_v2/library/added/prelim_map_OgIXYGZ9X3.txt	1161934	1786590455	
db_v2/library/added/prelim_map_OhvDwTb0uj.txt	1048927	1786589935	
db_v2/library/added/prelim_map_OmB1FE6GdE.txt	714317	1786590849	
db_v2/library/added/prelim_map_Ouma5lgTSu.txt	893145	1786590729	
db_v2/library/added/prelim_map_OyAozBno3p.txt	685341	1786590816	
db_v2/library/added/prelim_map_P3CPiiOwpl.txt	1101534	1786589946	
db_v2/library/added/prelim_map_P4jp7ic6i1.txt	1655619	1786590695	
db_v2/library/added/prelim_map_P8K2Qo8sEF.txt	1206729	1786590671	
db_v2/library/added/prelim_map_PEMLlvpIm6.txt	894532	1786590798	
db_v2/library/added/prelim_map_PYrmandyl8.txt	814203	1786590555	
db_v2/library/added/prelim_map_PdPZG30QUY.txt	1012414	1786589884	
db_v2/library/added/prelim_map_PgabbR8YIi.txt	1296170	1786589950	
db_v2/library/added/prelim_map_Pni8THgrYC.txt	1131214	1786589709	
db_v2/library/added/prelim_map_Py7lhV_f0I.txt	654630	1786590264	
db_v2/library/added/prelim_map_Q1EnZbHNJ2.txt	1098932	1786589888	
db_v2/library/added/prelim_map_Q2sPF05p7g.txt	907698	1786590207	
db_v2/library/added/prelim_map_QFcLsh8gLj.txt	868654	1786589748	
db_v2/library/added/prelim_map_QG8RaYNZRE.txt	974000	1786590437	
db_v2/library/added/prelim_map_QLx61IBn6j.txt	490329	1786590112	
db_v2/library/added/prelim_map_QcyjCnIlvq.txt	886950	1786590574	
db_v2/library/added/prelim_map_QgB_JDFaEI.txt	1175054	1786590044	
db_v2/library/added/prelim_map_QkhDJ07LJ3.txt	1102436	1786590526	
db_v2/library/added/prelim_map_R0HmMRQDPp.txt	887597	1786590724	
db_v2/library/added/prelim_map_R3kUdtmU5S.txt	890448	1786590647	
db_v2/library/added/prelim_map_RVxhu_bSWE.txt	608663	1786590103	
db_v2/library/added/prelim_map_RZgqCWUkSp.txt	1326874	1786590610	
db_v2/library/added/prelim_map_R_5bOMeZok.txt	888473	1786590722	
db_v2/library/added/prelim_map_RhQMiJQVCp.txt	982869	1786590320	
db_v2/library/added/prelim_map_S25XQqgTci.txt	877560	1786590152	
db_v2/library/added/prelim_map_S3ufcmzukN.txt	910479	1786590251	
db_v2/library/added/prelim_map_S6gcmx3fwi.txt	1076614	1786590048	
db_v2/library/added/prelim_map_SOxR4076UK.txt	834739	1786589730	
db_v2/library/added/prelim_map_SVD4vxvl2N.txt	1747948	1786590986	
db_v2/library/added/prelim_map_SXWDqGzECy.txt	698193	1786590824	
db_v2/library/added/prelim_map_SblykkvKoA.txt	1062564	1786590649	
db_v2/library/added/prelim_map_SodukfyDGJ.txt	1485432	1786590102	
db_v2/library/added/prelim_map_Sr9_dFfKOh.txt	881170	1786590347	
db_v2/library/added/prelim_map_StqReaTu3U.txt	774536	1786590197	
db_v2/library/added/prelim_map_SuzJ2sMJNS.txt	983469	1786590580	
db_v2/library/added/prelim_map_SxU779dpZI.txt	877752	1786590220	
db_v2/library/added/prelim_map_T5v7gxilRO.txt	859040	1786590109	
db_v2/library/added/prelim_map_T6ZrNW6v9q.txt	907822	1786589742	
db_v2/library/added/prelim_map_TAMo8b38tP.txt	1164654	1786590697	
db_v2/library/added/prelim_map_THIcbDySMa.txt	919980	1786590870	
db_v2/library/added/prelim_map_TLOQZNfUsY.txt	857813	1786589774	
db_v2/library/added/prelim_map_TT9LDgC0CI.txt	2602221	1786590928	
db_v2/library/added/prelim_map_TV1pn0fNcV.txt	593620	1786590804	
db_v2/library/added/prelim_map_TV9d0iapiJ.txt	1267614	1786589712	
db_v2/library/added/prelim_map_TXPvvq8SCB.txt	880694	1786590439	
db_v2/library/added/prelim_map_TdjCx0Q72Q.txt	899625	1786590164	
db_v2/library/added/prelim_map_Tivsz5rMt4.txt	864504	1786590700	
db_v2/library/added/prelim_map_TmKa6d3812.txt	1326925	1786590666	
db_v2/library/added/prelim_map_Tnfr5z9VMN.txt	1205186	1786589998	
db_v2/library/added/prelim_map_Tv2_cRIooo.txt	1088094	1786590343	
db_v2/library/added/prelim_map_U4U1swzfW9.txt	1357964	1786589891	
db_v2/library/added/prelim_map_UByXhbRnb7.txt	819452	1786590794	
db_v2/library/added/prelim_map_UNTf1JOLef.txt	704631	1786590172	
db_v2/library/added/prelim_map_UQZc4ImxpX.txt	872974	1786589750	
db_v2/library/added/prelim_map_US4q8ikNzP.txt	840255	1786590860	
db_v2/library/added/prelim_map_UwBYqJuLFN.txt	996730	1786590583	
db_v2/library/added/prelim_map_V3yU8JeQuN.txt	1037911	1786590505	
db_v2/library/added/prelim_map_VDP8MKWC4O.txt	1015426	1786590706	
db_v2/library/added/prelim_map_VR8SFcNbib.txt	1329838	1786590607	
db_v2/library/added/prelim_map_Vb2LO7YnYK.txt	930302	1786590571	
db_v2/library/added/prelim_map_Vizx228a4p.txt	960189	1786590361	
db_v2/library/added/prelim_map_VkOsZJlD5o.txt	800089	1786590815	
db_v2/library/added/prelim_map_VkVofW9dtt.txt	772728	1786590141	
db_v2/library/added/prelim_map_VteODor6x_.txt	875751	1786590224	
db_v2/library/added/prelim_map_VzCpFtiG53.txt	732754	1786590383	
db_v2/library/added/prelim_map_W5DbeE0uDF.txt	618501	1786590092	
db_v2/library/added/prelim_map_WArXu8eRL0.txt	1059050	1786589908	
db_v2/library/added/prelim_map_WCxfruJG_x.txt	977427	1786590446	
db_v2/library/added/prelim_map_WOBmcOCoXo.txt	835972	1786590393	
db_v2/library/added/prelim_map_WRHJ5N68QG.txt	1082682	1786590399	
db_v2/library/added/prelim_map_WZ1DTowhjB.txt	1691400	1786590905	
db_v2/library/added/prelim_map_W_mdPMwzKU.txt	1121169	1786590335	
db_v2/library/added/prelim_map_Wa92FzfZIK.txt	1585008	1786590828	
db_v2/library/added/prelim_map_Wc97_2DlZ0.txt	710680	1786590111	
db_v2/library/added/prelim_map_WfOx8nFxE5.txt	768354	1786590193	
db_v2/library/added/prelim_map_WmsVrtoJLI.txt	1038930	1786590834	
db_v2/library/added/prelim_map_WnXSC8HJVA.txt	1947338	1786590969	
db_v2/library/added/prelim_map_WpFSQ6eRZ2.txt	1374052	1786590301	
db_v2/library/added/prelim_map_WsPtyEX2ll.txt	1149054	1786589929	
db_v2/library/added/prelim_map_WuiZJELSTf.txt	780876	1786590142	
db_v2/library/added/prelim_map_WvQU1K_miB.txt	1506783	1786590833	
db_v2/library/added/prelim_map_WxLSexE1CA.txt	1765367	1786590452	
db_v2/library/added/prelim_map_WxS9LwqYzz.txt	771882	1786590239	
db_v2/library/added/prelim_map_XIScEu_CGn.txt	980808	1786590218	
db_v2/library/added/prelim_map_XMDVwb0Kur.txt	733880	1786589761	
db_v2/library/added/prelim_map_XUwBLorIjA.txt	593091	1786590624	
db_v2/library/added/prelim_map_XcIlIDUs_7.txt	1114038	1786589797	
db_v2/library/added/prelim_map_XjrlfANo1S.txt	824013	1786590752	
db_v2/library/added/prelim_map_Xq8wt5MjyD.txt	1122894	1786590340	
db_v2/library/added/prelim_map_Y4t4jUk1Zp.txt	728359	1786590818	
db_v2/library/added/prelim_map_YJhKdiT7xn.txt	1680388	1786590269	
db_v2/library/added/prelim_map_YQzZzYYZDf.txt	928602	1786589893	
db_v2/library/added/prelim_map_YRHZJ2Bihf.txt	938728	1786590105	
db_v2/library/added/prelim_map_YgFZAMi3kd.txt	867678	1786590699	
db_v2/library/added/prelim_map_Ypd319kjrg.txt	1304454	1786590601	
db_v2/library/added/prelim_map_YpwARlwh1a.txt	1271235	1786590674	
db_v2/library/added/prelim_map_YrzPXxJr_t.txt	2751433	1786590660	
db_v2/library/added/prelim_map_YxMv33Vk0e.txt	815400	1786590185	
db_v2/library/added/prelim_map_ZN1N4Ssrjo.txt	914357	1786590309	
db_v2/library/added/prelim_map_ZPAU4xEmcs.txt	1359263	1786590994	
db_v2/library/added/prelim_map_ZRexLH3v26.txt	441225	1786590782	
db_v2/library/added/prelim_map_ZSBtwvkKQs.txt	747417	1786590581	
db_v2/library/added/prelim_map_ZWLLsazRHx.txt	728311	1786590892	
db_v2/library/added/prelim_map_ZZ15s7SPMC.txt	1003207	1786590307	
db_v2/library/added/prelim_map_ZvPb5YpUT8.txt	1526544	1786590683	
db_v2/library/added/prelim_map__3kenaAiuY.txt	1230574	1786589989	
db_v2/library/added/prelim_map__4c5rahk6T.txt	960254	1786590364	
db_v2/library/added/prelim_map__EoQ7KWJ7A.txt	832646	1786590246	
db_v2/library/added/prelim_map__K0Ib1INBY.txt	1070450	1786589938	
db_v2/library/added/prelim_map__LilzcMnHs.txt	935919	1786590244	
db_v2/library/added/prelim_map__NTC40cK2a.txt	1086270	1786590420	
db_v2/library/added/prelim_map__Ofc0L8erI.txt	1132654	1786590022	
db_v2/library/added/prelim_map_a7pyYRrrso.txt	1722834	1786591028	
db_v2/library/added/prelim_map_aHT0p7VcNK.txt	1087582	1786590912	
db_v2/library/added/prelim_map_aIEMyHBRUn.txt	856282	1786590249	
db_v2/library/added/prelim_map_aKKwHsd2TM.txt	947826	1786590740	
db_v2/library/added/prelim_map_aKZtBSHwLU.txt	938955	1786590562	
db_v2/library/added/prelim_map_aVz9OIRiii.txt	774009	1786590214	
db_v2/library/added/prelim_map_b4tUMti6af.txt	829226	1786590247	
db_v2/library/added/prelim_map_bB3teOYWZL.txt	952863	1786590094	
db_v2/library/added/prelim_map_bHQCsTrczN.txt	696681	1786590623	
db_v2/library/added/prelim_map_bHdbpdxA0H.txt	668625	1786590586	
db_v2/library/added/prelim_map_bHlqBXpSDM.txt	904138	1786589764	
db_v2/library/added/prelim_map_bSs8PKp9cb.txt	796056	1786590357	
db_v2/library/added/prelim_map_bbTYrJn106.txt	971912	1786590124	
db_v2/library/added/prelim_map_bipC_NW33p.txt	943224	1786590737	
db_v2/library/added/prelim_map_c9TRYOrirZ.txt	1290414	1786589965	
db_v2/library/added/prelim_map_c9eUeg1yjP.txt	925907	1786590731	
db_v2/library/added/prelim_map_cIL8HPAm2D.txt	646355	1786590821	
db_v2/library/added/prelim_map_cMH1v1a2NM.txt	792734	1786589932	
db_v2/library/added/prelim_map_cQkaDBWtK5.txt	798222	1786590188	
db_v2/library/added/prelim_map_cWkqQSC8U7.txt	1238894	1786590329	
db_v2/library/added/prelim_map_ci0LHtth_H.txt	832700	1786590736	
db_v2/library/added/prelim_map_cz1kwOapEq.txt	697653	1786590822	
db_v2/library/added/prelim_map_dAJBLgekkk.txt	949007	1786590639	
db_v2/library/added/prelim_map_dD9kgZ6zqq.txt	829534	1786590177	
db_v2/library/added/prelim_map_dDhWUDPJW4.txt	1406574	1786590868	
db_v2/library/added/prelim_map_dTeYhrVU_C.txt	804247	1786590536	
db_v2/library/added/prelim_map_dUxT5phE24.txt	835894	1786589738	
db_v2/library/added/prelim_map_dY9xzcMlGg.txt	1515430	1786590474	
db_v2/library/added/prelim_map_d_d29VoiCy.txt	1131256	1786590502	
db_v2/library/added/prelim_map_daArYCUyOC.txt	915219	1786590789	
db_v2/library/added/prelim_map_eCECg5VCtB.txt	1107619	1786589904	
db_v2/library/added/prelim_map_eQDzeYS0LW.txt	1019934	1786589864	
db_v2/library/added/prelim_map_eWobN4YzRt.txt	888506	1786590131	
db_v2/library/added/prelim_map_elrvEUgPAD.txt	797182	1786590792	
db_v2/library/added/prelim_map_enQo408VgV.txt	865539	1786590205	
db_v2/library/added/prelim_map_eqHvkiiATV.txt	1136285	1786590313	
db_v2/library/added/prelim_map_equd8dy4Dv.txt	1790572	1786590122	
db_v2/library/added/prelim_map_erRAZzZNHd.txt	2468120	1786590886	
db_v2/library/added/prelim_map_eydUGyTx_x.txt	1072882	1786590038	
db_v2/library/added/prelim_map_f2J6hbaTFz.txt	1219934	1786590001	
db_v2/library/added/prelim_map_fQ0Yd4dFGT.txt	930054	1786590127	
db_v2/library/added/prelim_map_fTeF7BPwhR.txt	711236	1786590846	
db_v2/library/added/prelim_map_feYlXmLeuo.txt	912894	1786590209	
db_v2/library/added/prelim_map_ffY1XbmXfw.txt	725235	1786590814	
db_v2/library/added/prelim_map_foeGBw7x7N.txt	1298754	1786590618	
db_v2/library/added/prelim_map_fxFag74ySJ.txt	1029594	1786590520	
db_v2/library/added/prelim_map_g2Gw1EroT1.txt	1195253	1786590297	
db_v2/library/added/prelim_map_gSIfnfVt5I.txt	961550	1786590255	
db_v2/library/added/prelim_map_gW3qolUpMd.txt	1098444	1786589898	
db_v2/library/added/prelim_map_gdMwqAJfWH.txt	745416	1786590866	
db_v2/library/added/prelim_map_gjgXUq1ZE3.txt	769674	1786590767	
db_v2/library/added/prelim_map_gjrXQHdWde.txt	849922	1786590261	
db_v2/library/added/prelim_map_h6urWddtjk.txt	1050766	1786590272	
db_v2/library/added/prelim_map_hEsHSSznJn.txt	888562	1786590894	
db_v2/library/added/prelim_map_hM9BvBXZNp.txt	1059582	1786590036	
db_v2/library/added/prelim_map_hOkdrTDZN6.txt	440553	1786589762	
db_v2/library/added/prelim_map_hU9WUFM0no.txt	978402	1786590763	
db_v2/library/added/prelim_map_hhBHDa4MQp.txt	1207694	1786590086	
db_v2/library/added/prelim_map_hvaw9YAyRK.txt	812920	1786590349	
db_v2/library/added/prelim_map_i4mzySoiVQ.txt	1497658	1786590479	
db_v2/library/added/prelim_map_i9AHe0actS.txt	1038404	1786590359	
db_v2/library/added/prelim_map_iE3AvW7QSv.txt	1216887	1786590997	
db_v2/library/added/prelim_map_iEINaXVgrp.txt	1111314	1786590281	
db_v2/library/added/prelim_map_iSq1KKVTTU.txt	856969	1786590427	
db_v2/library/added/prelim_map_icb6XVGxxJ.txt	1170444	1786590291	
db_v2/library/added/prelim_map_ijD7byFvd9.txt	1019054	1786589877	
db_v2/library/added/prelim_map_imDUUIuJ9G.txt	875268	1786590166	
db_v2/library/added/prelim_map_j9YPRI8Akv.txt	1117194	1786590332	
db_v2/library/added/prelim_map_jE8NL6eJLa.txt	810516	1786590173	
db_v2/library/added/prelim_map_jWTTvaONKO.txt	595216	1786590806	
db_v2/library/added/prelim_map_jeAkuTIK3U.txt	621168	1786590799	
db_v2/library/added/prelim_map_jkEVuYbsyy.txt	1075855	1786589810	
db_v2/library/added/prelim_map_jkwtt7Hntj.txt	1109774	1786589837	
db_v2/library/added/prelim_map_kO77KoVMoL.txt	1104489	1786590778	
db_v2/library/added/prelim_map_kPBEkq2nRO.txt	1362414	1786589917	
db_v2/library/added/prelim_map_kXbchdYRDB.txt	864184	1786590129	
db_v2/library/added/prelim_map_kduxQhtUg8.txt	831758	1786590137	
db_v2/library/added/prelim_map_knKd2PTPnl.txt	1038306	1786589976	
db_v2/library/added/prelim_map_kugiqFa8Gp.txt	886284	1786590765	
db_v2/library/added/prelim_map_l43aawKloT.txt	955630	1786590159	
db_v2/library/added/prelim_map_l7Y53COUXk.txt	1069194	1786589839	
db_v2/library/added/prelim_map_lojfKPIEn8.txt	964715	1786590199	
db_v2/library/added/prelim_map_lp4PzjmpxQ.txt	1167115	1786590064	
db_v2/library/added/prelim_map_lx7LpuOYDC.txt	887974	1786590425	
db_v2/library/added/prelim_map_m2ILNOKOu_.txt	760577	1786590710	
db_v2/library/added/prelim_map_m4Yo5b0ko4.txt	1111158	1786590058	
db_v2/library/added/prelim_map_m6B7nIjAQY.txt	1295106	1786590615	
db_v2/library/added/prelim_map_m6O50fpqwm.txt	1190974	1786589941	
db_v2/library/added/prelim_map_m8X3ljnVT_.txt	676998	1786590921	
db_v2/library/added/prelim_map_mBm_FXf4ey.txt	1208734	1786589824	
db_v2/library/added/prelim_map_mUrt69tbgP.txt	948384	1786590145	
db_v2/library/added/prelim_map_mZP7fPhQEp.txt	1337029	1786589791	
db_v2/library/added/prelim_map_mdFAhOWejV.txt	812730	1786590771	
db_v2/library/added/prelim_map_meKt0v2K8D.txt	1097772	1786589802	
db_v2/library/added/prelim_map_mwZuFbJWUH.txt	1512063	1786590560	
db_v2/library/added/prelim_map_mxeX7ISCc8.txt	858915	1786590642	
db_v2/library/added/prelim_map_nDmy3Nm3xH.txt	1073134	1786590081	
db_v2/library/added/prelim_map_nGjk8bLv7I.txt	849822	1786590237	
db_v2/library/added/prelim_map_nVjwOdRYps.txt	834046	1786589756	
db_v2/library/added/prelim_map_ng4alAOYOA.txt	1320147	1786589794	
db_v2/library/added/prelim_map_nglV3rocnt.txt	1219694	1786590323	
db_v2/library/added/prelim_map_nrJ2QvhQra.txt	981474	1786590072	
db_v2/library/added/prelim_map_nrxS_i9g5C.txt	991998	1786590083	
db_v2/library/added/prelim_map_ntETzw6QtI.txt	967774	1786589923	
db_v2/library/added/prelim_map_nytAJQ7fXR.txt	1200734	1786590041	
db_v2/library/added/prelim_map_oA9eqgHXwu.txt	1113466	1786589926	
db_v2/library/added/prelim_map_oBw57_EW6_.txt	934864	1786590540	
db_v2/library/added/prelim_map_oFUCf9tIXA.txt	845000	1786590385	
db_v2/library/added/prelim_map_oHjO64e1FX.txt	787387	1786590702	
db_v2/library/added/prelim_map_oKJcqps8wp.txt	1109193	1786590067	
db_v2/library/added/prelim_map_oQOv8Esobl.txt	927426	1786590377	
db_v2/library/added/prelim_map_oncsl7m1G1.txt	1302782	1786590612	
db_v2/library/added/prelim_map_oonkYocRU_.txt	845529	1786590352	
db_v2/library/added/prelim_map_ovmvfWcvRT.txt	842602	1786590379	
db_v2/library/added/prelim_map_p25_EYYase.txt	638203	1786590628	
db_v2/library/added/prelim_map_p3yRRwTFno.txt	1279848	1786590680	
db_v2/library/added/prelim_map_p9AzE9YAWR.txt	856235	1786589734	
db_v2/library/added/prelim_map_pEZ8VUPGb7.txt	918571	1786590444	
db_v2/library/added/prelim_map_pJkfofKSx2.txt	2142832	1786590944	
db_v2/library/added/prelim_map_pQdGcDzN1g.txt	890184	1786590148	
db_v2/library/added/prelim_map_pT7RypYh3t.txt	536577	1786590252	
db_v2/library/added/prelim_map_ph3srcX6rT.txt	900084	1786590544	
db_v2/library/added/prelim_map_q22C8MRUce.txt	1409040	1786590635	
db_v2/library/added/prelim_map_q4bs_LPKO_.txt	978774	1786590593	
db_v2/library/added/prelim_map_qE11V9colz.txt	842118	1786590590	
db_v2/library/added/prelim_map_qGZ5viqrle.txt	762867	1786590534	
db_v2/library/added/prelim_map_qP1uI1ozCO.txt	707681	1786590854	
db_v2/library/added/prelim_map_qhk2WINvA5.txt	893413	1786589760	
db_v2/library/added/prelim_map_rEEzNljmut.txt	746320	1786590704	
db_v2/library/added/prelim_map_rPUoc0pPvr.txt	1232675	1786589845	
db_v2/library/added/prelim_map_rXqMg_9XTo.txt	831660	1786590216	
db_v2/library/added/prelim_map_rYhTsfwz9Z.txt	960618	1786590744	
db_v2/library/added/prelim_map_raP4aVAt15.txt	1013458	1786589780	
db_v2/library/added/prelim_map_ro9WbQKV0v.txt	564993	1786590801	
db_v2/library/added/prelim_map_rpF1Nfxqzg.txt	786922	1786590186	
db_v2/library/added/prelim_map_rw_70k8auY.txt	1164892	1786590305	
db_v2/library/added/prelim_map_sAgfQTdEOl.txt	812544	1786589736	
db_v2/library/added/prelim_map_sDckajFiUI.txt	1196230	1786590374	
db_v2/library/added/prelim_map_sGtRMmAKYn.txt	747535	1786590201	
db_v2/library/added/prelim_map_sIDtlfkIle.txt	714712	1786590850	
db_v2/library/added/prelim_map_sRVUzre03a.txt	735542	1786590203	
db_v2/library/added/prelim_map_sTfhqc8Hp7.txt	979486	1786590759	
db_v2/library/added/prelim_map_sXWIhW7Crp.txt	1198410	1786590078	
db_v2/library/added/prelim_map_sbFtaUtmnf.txt	923134	1786589861	
db_v2/library/added/prelim_map_sfYU1TioOQ.txt	804957	1786590430	
db_v2/library/added/prelim_map_tNIdlE8EqE.txt	1407051	1786590566	
db_v2/library/added/prelim_map_tSWD_GBpO5.txt	1426046	1786590486	
db_v2/library/added/prelim_map_tTTJVOklFl.txt	872254	1786589746	
db_v2/library/added/prelim_map_tV0z61ZVuh.txt	899804	1786589808	
db_v2/library/added/prelim_map_tZyhnnUQzB.txt	1159347	1786590055	
db_v2/library/added/prelim_map_ta2AG2NqqU.txt	1349511	1786589777	
db_v2/library/added/prelim_map_ttVvLDpel5.txt	1654794	1786590493	
db_v2/library/added/prelim_map_uGMZffK1ei.txt	1763879	1786591054	
db_v2/library/added/prelim_map_uf7T0NkfyC.txt	818274	1786590311	
db_v2/library/added/prelim_map_ufIAidzkz9.txt	1010025	1786590407	
db_v2/library/added/prelim_map_uiVyok8Jqp.txt	861033	1786590549	
db_v2/library/added/prelim_map_ukwMaLKHfW.txt	826186	1786590235	
db_v2/library/added/prelim_map_usL5rgs03v.txt	768939	1786590170	
db_v2/library/added/prelim_map_v5B8TFZg3q.txt	615355	1786590805	
db_v2/library/added/prelim_map_v5Q_ffEhD4.txt	579683	1786590800	
db_v2/library/added/prelim_map_vCBu5jFmTE.txt	930296	1786589722	
db_v2/library/added/prelim_map_vdCrKt5KKL.txt	962838	1786590402	
db_v2/library/added/prelim_map_vddaXSgyQ5.txt	1185906	1786591008	
db_v2/library/added/prelim_map_vgt7xuyUWp.txt	733465	1786590168	
db_v2/library/added/prelim_map_vm5MJ9tjRg.txt	942366	1786590742	
db_v2/library/added/prelim_map_vvaxIImauR.txt	1208494	1786589914	
db_v2/library/added/prelim_map_w9gZ7AOKMY.txt	817032	1786590211	
db_v2/library/added/prelim_map_wB2Ru61ILY.txt	877450	1786590728	
db_v2/library/added/prelim_map_wMnAu1lsnK.txt	815473	1786590195	
db_v2/library/added/prelim_map_wX0zjRpsX6.txt	1220375	1786590599	
db_v2/library/added/prelim_map_wc8yrg2rX7.txt	1975803	1786591048	
db_v2/library/added/prelim_map_wfbNYwiVoh.txt	922044	1786589851	
db_v2/library/added/prelim_map_whyh5ap7md.txt	1705106	1786590933	
db_v2/library/added/prelim_map_wsT3s3uoio.txt	1098088	1786590499	
db_v2/library/added/prelim_map_wuSMzwW3YM.txt	1649087	1786590687	
db_v2/library/added/prelim_map_x5aOhQYSnD.txt	836564	1786590394	
db_v2/library/added/prelim_map_xFg5CinQiF.txt	888870	1786590588	
db_v2/library/added/prelim_map_xGrYtgirt1.txt	1190814	1786589704	
db_v2/library/added/prelim_map_xNRJDKDidF.txt	877738	1786589766	
db_v2/library/added/prelim_map_xPyKdgpkgu.txt	1940111	1786590958	
db_v2/library/added/prelim_map_xVAK7ZoEky.txt	809846	1786590630	
db_v2/library/added/prelim_map_xVRg_J3sya.txt	644783	1786590809	
db_v2/library/added/prelim_map_xaNjHw8AJD.txt	1133899	1786590691	
db_v2/library/added/prelim_map_xdMpR5ivGc.txt	950539	1786590746	
db_v2/library/added/prelim_map_xe4u9kY1bM.txt	822642	1786590775	
db_v2/library/added/prelim_map_xk_0otcJX9.txt	901467	1786589896	
db_v2/library/added/prelim_map_xm4FjWl_jh.txt	1151534	1786590070	
db_v2/library/added/prelim_map_xpiH6ut0Wm.txt	963439	1786590366	
db_v2/library/added/prelim_map_yC58pj6YjN.txt	1041806	1786589821	
db_v2/library/added/prelim_map_yVXTl_K1DR.txt	963440	1786590119	
db_v2/library/added/prelim_map_y_egh0kh17.txt	804448	1786590181	
db_v2/library/added/prelim_map_y_g1JzLWPq.txt	2653194	1786590920	
db_v2/library/added/prelim_map_ye2y0MDlcc.txt	986957	1786590369	
db_v2/library/added/prelim_map_yevXqkcdB3.txt	922174	1786590569	
db_v2/library/added/prelim_map_yhHJ2_D04i.txt	821431	1786590748	
db_v2/library/added/prelim_map_z7Pl5wmZah.txt	510885	1786590808	
db_v2/library/added/prelim_map_zEeiIZfwKs.txt	890298	1786590726	
db_v2/library/added/prelim_map_zWWDOVaNZW.txt	954474	1786590812	
db_v2/library/added/prelim_map_z_Nwj63kxS.txt	712500	1786590855	
db_v2/library/added/prelim_map_zekXl14puG.txt	992628	1786590371	
db_v2/library/added/prelim_map_zm1XNpife0.txt	1200594	1786590285	
db_v2/library/added/prelim_map_ztk4qODe3f.txt	1013764	1786589911	
db_v2/library/added/prelim_map_zu8hkfWjDJ.txt	899168	1786590755	
db_v2/library/added/prelim_map_zyYWEtbpN1.txt	741524	1786589784	
db_v2/library/added/psVdxNFMvw.fna	26974233	1786590275	
db_v2/library/added/px9XfrhpWz.fna	19664552	1786590249	
db_v2/library/added/q72akHZdTM.fna	19383840	1786589748	
db_v2/library/added/qKBlBEfOL_.fna	725626	1786590569	
db_v2/library/added/qMXyW3aYW6.fna	20068645	1786590137	
db_v2/library/added/qRPFekJUEj.fna	26584719	1786589791	
db_v2/library/added/qjSF84lVL2.fna	16099155	1786590092	
db_v2/library/added/qnHLglv0ac.fna	25769824	1786589806	
db_v2/library/added/quOtoB3r1p.fna	18433856	1786590700	
db_v2/library/added/qvWXMwwqvO.fna	20239211	1786589995	
db_v2/library/added/r7ZIWEiNWo.fna	27042720	1786590529	
db_v2/library/added/rCJmukCbrQ.fna	18418001	1786590699	
db_v2/library/added/rE6Kkv0vIK.fna	24634598	1786590326	
db_v2/library/added/rGqjFEpHfa.fna	23333023	1786590162	
db_v2/library/added/rQ8jMCyGgW.fna	16409637	1786590809	
db_v2/library/added/rX0cqGcyHB.fna	19498834	1786590179	
db_v2/library/added/rgM6AhO5eV.fna	21588110	1786590109	
db_v2/library/added/rhEFvGuSEg.fna	17424257	1786590844	
db_v2/library/added/rrt4aO10CQ.fna	23048705	1786590571	
db_v2/library/added/s3N5MAOMXt.fna	23079254	1786589842	
db_v2/library/added/sA_YamOH8l.fna	24568431	1786589908	
db_v2/library/added/sAtNodmyeJ.fna	20565496	1786589862	
db_v2/library/added/sHtlWntZoa.fna	15096143	1786590103	
db_v2/library/added/sN3GH115xx.fna	18369650	1786590187	
db_v2/library/added/s_Ba93Qfc_.fna	23372620	1786590458	
db_v2/library/added/skc5AuxQVn.fna	20215871	1786590794	
db_v2/library/added/slmpJudnOp.fna	23792177	1786590318	
db_v2/library/added/tVrisEN951.fna	24327746	1786590613	
db_v2/library/added/twDrwbd8p5.fna	21064449	1786590555	
db_v2/library/added/u0wjVNRChY.fna	19374233	1786590239	
db_v2/library/added/u75r38h6w7.fna	15712377	1786590802	
db_v2/library/added/uHWX2epUxx.fna	19883424	1786590738	
db_v2/library/added/uJEV9dij9p.fna	18566591	1786590724	
db_v2/library/added/uNfLHFcYoO.fna	17058181	1786590814	
db_v2/library/added/uUnSXA7bHE.fna	22044968	1786590547	
db_v2/library/added/uXfHpYx6FR.fna	39286330	1786591022	
db_v2/library/added/uc50d87Dzc.fna	18652253	1786590168	
db_v2/library/added/uiY0E27Akc.fna	17856410	1786589729	
db_v2/library/added/uj52WIggS8.fna	23705890	1786589976	
db_v2/library/added/uuC8pdJXvc.fna	25382617	1786590020	
db_v2/library/added/v1jiH2sDSd.fna	20453736	1786589720	
db_v2/library/added/v3P1ZGauYO.fna	37595702	1786590981	
db_v2/library/added/vE2x8Tuv5r.fna	15581193	1786590852	
db_v2/library/added/vESw_RwUj4.fna	20855402	1786589991	
db_v2/library/added/vRKGykS4ob.fna	24286865	1786590618	
db_v2/library/added/vRzA8M71ZO.fna	16727312	1786590824	
db_v2/library/added/vW8HhVaIbG.fna	24588792	1786590323	
db_v2/library/added/vYpPe1PVS7.fna	10211016	1786590226	
db_v2/library/added/vYxz_Bvk_L.fna	19615615	1786590778	
db_v2/library/added/vsAOTeIzsA.fna	23617984	1786589815	
db_v2/library/added/vx438FRN_z.fna	18601171	1786590641	
db_v2/library/added/vxa_N2yPZ4.fna	19575630	1786590172	
db_v2/library/added/wNuFXXTXKv.fna	21231611	1786590313	
db_v2/library/added/wTploTh5Dv.fna	26570166	1786589891	
db_v2/library/added/wTqsfmdyhe.fna	24559669	1786589953	
db_v2/library/added/w_0PPVuEty.fna	21447415	1786589944	
db_v2/library/added/wbM3SqymDp.fna	23601356	1786590010	
db_v2/library/added/we3TugnrAn.fna	19972076	1786590224	
db_v2/library/added/wu2yrI6BM5.fna	21738619	1786589723	
db_v2/library/added/x0BBLTvyVu.fna	39258805	1786591034	
db_v2/library/added/x7vn35BJIr.fna	22413746	1786590599	
db_v2/library/added/xI5cpAx6_4.fna	41905684	1786590928	
db_v2/library/added/xJHIyXdF0w.fna	24537024	1786590070	
db_v2/library/added/xNpR8PrrYt.fna	22176224	1786589896	
db_v2/library/added/xRU7R7qZU3.fna	25383586	1786590075	
db_v2/library/added/xg9wo5fx2a.fna	24666212	1786590032	
db_v2/library/added/xgeFwu6uJj.fna	15550674	1786590855	
db_v2/library/added/xlO6Bd0wRn.fna	11361246	1786589762	
db_v2/library/added/xoRwHVbAxp.fna	20388703	1786590131	
db_v2/library/added/y4eIcWqIfU.fna	30445215	1786591009	
db_v2/library/added/y9RfYVUUGa.fna	15514118	1786590845	
db_v2/library/added/yD1D_zy3Xh.fna	15430660	1786590850	
db_v2/library/added/yF1M9e0Q4k.fna	24820010	1786590329	
db_v2/library/added/yGywYqiWn3.fna	37364009	1786590944	
db_v2/library/added/yMW0Svni9h.fna	22493543	1786590052	
db_v2/library/added/yWdlMAo_Wg.fna	20490890	1786590096	
db_v2/library/added/yabU6cKoFq.fna	15553068	1786590810	
db_v2/library/added/ygJzftIrnh.fna	40597427	1786590901	
db_v2/library/added/yh0rdjifG0.fna	20407958	1786590784	
db_v2/library/added/ymL9SgXSad.fna	20039826	1786590590	
db_v2/library/added/z2W3K941UE.fna	24402885	1786589782	
db_v2/library/added/zCHp4igps5.fna	20197422	1786589851	
db_v2/library/added/zU9BzN3bX6.fna	24236191	1786590621	
db_v2/library/added/zgKDaFf7aB.fna	16241184	1786590115	
db_v2/library/added/zjLSaIPBzM.fna	20623746	1786590201	
db_v2/library/added/ztwr_XfnXO.fna	14705699	1786590623	
db_v2/opts.k2d	64	1786593561	9619a63924563d88fac9d68e82f9e89b
db_v2/seqid2taxid.map	506444492	1786591069	
db_v2/taxo.k2d	43001	1786591114	dd8497c255defafd9d42ccad37adcd4f
db_v2/taxonomy/citations.dmp	19771591	1786588206	
db_v2/taxonomy/delnodes.dmp	7612875	1786588017	
db_v2/taxonomy/division.dmp	452	1786587601	
db_v2/taxonomy/gc.prt	16444	1786588208	
db_v2/taxonomy/gencode.dmp	4921	1786587601	
db_v2/taxonomy/images.dmp	5162896	1786588017	
db_v2/taxonomy/merged.dmp	1892311	1786588017	
db_v2/taxonomy/names.dmp	304031544	1786588201	
db_v2/taxonomy/nodes.dmp	224681908	1786588148	
db_v2/taxonomy/prelim_map.txt	551748368	1786591066	
db_v2/taxonomy/readme.txt	3099	1743016605	
