bp	setting	n_runs	coinf_rate	coinf_rate_hc
PRJEB31334	field	153	0.6797	0.0654
PRJEB39201	field	539	0.1429	0.1317
PRJEB84390	field	99	0.3838	0.1515
PRJEB15280	field	117	0.2906	0.2393
PRJNA1228670	field	198	0.1616	0.1566
PRJNA687280	lab	46	0.4348	0.4348
PRJNA484520	lab	63	0.3016	0.0
PRJNA577523	lab	18	1.0	0.0
PRJNA705878	lab	15	1.0	0.0
PRJNA761393	lab	17	0.8824	0.0
PRJNA1458989	lab	17	0.7647	0.0
PRJNA757692	lab	14	0.9286	0.0
PRJNA775969	lab	13	0.9231	0.0
PRJEB47693	field	27	0.4074	0.3333
PRJNA1113144	lab	18	0.6111	0.0
PRJEB33109	field	11	1.0	0.0
PRJNA1244880	lab	48	0.2083	0.0417
PRJEB65589	field	46	0.2174	0.1522
PRJNA352342	lab	10	1.0	0.0
PRJNA850943	lab	19	0.5263	0.0
PRJNA574904	lab	9	1.0	1.0
PRJEB5141	lab	8	1.0	0.0
PRJNA1183537	lab	12	0.6667	0.0
PRJNA486288	field	7	1.0	0.2857
PRJEB59062	lab	27	0.2593	0.0
PRJNA636958	lab	12	0.5833	0.0
PRJNA148307	lab	9	0.6667	0.0
PRJNA1292970	field	69	0.087	0.029
PRJNA254725	lab	6	1.0	1.0
PRJNA605036	lab	9	0.6667	0.0
PRJNA609405	lab	8	0.75	0.0
PRJNA707596	lab	11	0.5455	0.0909
PRJNA1400105	lab	6	1.0	0.6667
PRJNA514418	lab	9	0.6667	0.0
PRJNA344473	lab	13	0.4615	0.0
PRJNA780900	lab	7	0.8571	0.0
PRJNA875114	lab	19	0.3158	0.2632
PRJEB32362	lab	9	0.5556	0.0
PRJNA811707	lab	6	0.8333	0.0
PRJNA1293538	lab	9	0.5556	0.0
PRJNA1092066	lab	5	1.0	0.0
PRJNA643593	lab	6	0.8333	0.0
PRJNA565562	lab	5	1.0	0.0
PRJNA797683	lab	9	0.5556	0.0
PRJNA1055939	field	16	0.3125	0.125
PRJNA1217477	lab	213	0.0235	0.0235
PRJNA870250	lab	11	0.4545	0.0
PRJNA662919	lab	8	0.625	0.0
PRJNA875112	lab	13	0.3846	0.2308
PRJNA870262	lab	6	0.8333	0.0
PRJNA1055734	field	47	0.1064	0.1064
PRJNA714375	lab	5	1.0	0.0
PRJNA412801	lab	12	0.4167	0.0
PRJNA834779	lab	7	0.7143	0.0
PRJNA630776	lab	7	0.7143	0.0
PRJNA1207595	lab	4	1.0	0.0
PRJNA700975	lab	4	1.0	1.0
PRJNA1100932	lab	6	0.6667	0.0
PRJNA176472	lab	4	1.0	0.0
PRJNA1366440	lab	6	0.6667	0.0
PRJNA946259	lab	7	0.5714	0.0
PRJNA1328502	lab	6	0.6667	0.0
PRJDB33989	lab	5	0.8	0.0
PRJNA419139	lab	6	0.6667	0.3333
PRJNA1392009	lab	9	0.4444	0.4444
PRJNA925193	field	10	0.3	0.3
PRJNA1173477	lab	6	0.5	0.0
PRJNA383548	lab	12	0.25	0.0
PRJNA542165	lab	6	0.5	0.0
PRJNA540383	lab	8	0.375	0.25
PRJNA1107791	lab	18	0.1667	0.1667
PRJDB39595	lab	5	0.6	0.0
PRJEB68334	lab	18	0.1667	0.1667
PRJNA905255	lab	6	0.5	0.0
PRJEB36485	field	39	0.0769	0.0513
PRJNA1405621	lab	11	0.2727	0.0
PRJNA435897	lab	12	0.25	0.0
PRJDB38620	lab	3	1.0	0.0
PRJNA1191549	lab	7	0.4286	0.0
PRJNA976214	lab	7	0.4286	0.0
PRJNA1431145	lab	3	1.0	0.0
PRJNA515801	lab	9	0.3333	0.0
PRJNA1475220	lab	3	1.0	0.0
PRJNA842823	lab	12	0.25	0.0
PRJNA577532	lab	3	1.0	0.0
PRJNA706136	lab	3	1.0	1.0
PRJNA896484	lab	6	0.5	0.0
PRJNA834642	lab	3	1.0	0.0
PRJDB39409	lab	6	0.3333	0.0
PRJNA253086	lab	4	0.5	0.0
PRJNA558612	field	7	0.2857	0.2857
PRJNA448328	lab	13	0.1538	0.1538
PRJNA1315207	lab	6	0.3333	0.0
PRJNA1108966	lab	5	0.4	0.2
PRJNA1332781	lab	2	1.0	0.0
PRJNA977635	lab	2	1.0	0.0
PRJNA791339	lab	2	1.0	0.0
PRJNA1314854	lab	5	0.4	0.2
PRJEB67960	lab	5	0.4	0.0
PRJNA952825	lab	2	1.0	0.0
PRJNA1013391	lab	2	1.0	0.0
PRJNA1433507	lab	9	0.2222	0.0
PRJNA574559	lab	2	1.0	0.0
PRJNA1402133	lab	3	0.6667	0.0
PRJNA819185	lab	3	0.6667	0.0
PRJNA1354640	lab	5	0.4	0.0
PRJNA593073	lab	2	1.0	0.0
PRJNA728113	lab	5	0.4	0.0
PRJNA240676	lab	2	1.0	0.5
PRJNA649398	lab	2	1.0	0.0
PRJEB13569	field	4	0.5	0.5
PRJNA1479102	lab	12	0.1667	0.1667
PRJNA765923	lab	4	0.5	0.0
PRJNA1193783	lab	3	0.6667	0.0
PRJNA515188	lab	2	1.0	0.0
PRJDB39569	lab	3	0.6667	0.3333
PRJNA1127037	lab	3	0.6667	0.6667
PRJNA628751	lab	1	1.0	0.0
PRJNA1248058	lab	1	1.0	0.0
PRJNA853137	lab	6	0.1667	0.1667
PRJNA531386	lab	1	1.0	0.0
PRJNA747857	lab	1	1.0	0.0
PRJNA1250817	field	28	0.0357	0.0357
PRJEB34186	lab	12	0.0833	0.0
PRJNA854212	lab	2	0.5	0.5
PRJNA725323	lab	1	1.0	0.0
PRJNA808992	lab	9	0.1111	0.0
PRJNA560644	lab	11	0.0909	0.0909
PRJNA545454	lab	2	0.5	0.0
PRJNA422914	lab	2	0.5	0.0
PRJNA716464	lab	1	1.0	0.0
PRJNA950118	lab	35	0.0286	0.0286
PRJNA956871	lab	11	0.0909	0.0909
PRJEB39756	field	8	0.125	0.125
PRJNA1196143	lab	1	1.0	0.0
PRJNA293594	lab	1	1.0	0.0
PRJNA1017476	lab	12	0.0833	0.0
PRJNA1021048	lab	5	0.2	0.2
PRJNA338256	lab	8	0.125	0.0
PRJNA883377	lab	3	0.3333	0.0
PRJNA1272045	lab	14	0.0714	0.0714
PRJNA283526	lab	1	1.0	1.0
PRJNA350867	lab	1	1.0	0.0
PRJNA932159	lab	2	0.5	0.0
PRJNA1162778	lab	11	0.0909	0.0909
PRJNA487807	lab	4	0.25	0.0
PRJNA670487	field	32	0.0312	0.0312
PRJEB13072	lab	1	1.0	1.0
PRJNA1157721	lab	4	0.25	0.0
PRJNA1491631	lab	1	1.0	0.0
PRJNA748207	lab	1	1.0	0.0
PRJNA1202856	lab	4	0.25	0.0
PRJNA36323	lab	3	0.3333	0.0
PRJNA397359	lab	1	1.0	0.0
PRJNA398030	lab	1	1.0	0.0
PRJNA1499897	lab	4	0.25	0.25
PRJDB19723	lab	11	0.0909	0.0909
PRJNA899438	lab	6	0.1667	0.1667
PRJNA1244272	lab	1	1.0	0.0
PRJNA641525	lab	2	0.5	0.0
PRJNA1189264	lab	5	0.2	0.0
PRJNA689117	lab	1	1.0	1.0
PRJNA1182511	lab	1	1.0	1.0
PRJNA1471993	lab	5	0.2	0.0
PRJNA1275759	lab	1	1.0	1.0
PRJNA1330017	lab	7	0.1429	0.1429
PRJNA768797	lab	3	0.3333	0.0
PRJNA667277	lab	1	1.0	0.0
PRJNA761500	lab	5	0.2	0.0
PRJNA1170567	lab	3	0.3333	0.0
PRJNA1161467	lab	5	0.2	0.2
PRJNA911587	lab	1	1.0	1.0
PRJNA842515	lab	2	0.5	0.0
PRJNA892753	lab	2	0.5	0.0
PRJNA321325	field	3	0.3333	0.3333
PRJNA1457645	lab	1	1.0	1.0
PRJNA1465031	lab	2	0.5	0.0
PRJNA926886	lab	3	0.3333	0.0
PRJNA450087	lab	21	0.0476	0.0
PRJNA509606	lab	4	0.25	0.0
PRJNA552611	lab	2	0.5	0.0
PRJNA720576	lab	1	1.0	0.0
PRJNA531693	lab	11	0.0909	0.0
PRJNA564795	field	2	0.5	0.5
PRJNA986958	lab	3	0.3333	0.3333
PRJNA1255403	lab	2	0.5	0.0
PRJNA573599	lab	26	0.0385	0.0385
PRJNA1156254	lab	6	0.1667	0.0
PRJNA548392	lab	1	1.0	0.0
PRJNA764554	lab	3	0.3333	0.3333
PRJEB59238	lab	18	0.0556	0.0
PRJNA415853	lab	6	0.1667	0.0
PRJNA483762	lab	3	0.3333	0.0
PRJNA1058883	lab	2	0.5	0.0
PRJNA757397	lab	10	0.1	0.0
PRJEB48949	field	26	0.0385	0.0385
PRJNA1245489	lab	18	0.0556	0.0
PRJNA246444	lab	1	1.0	0.0
PRJNA686475	lab	2	0.0	0.0
PRJNA1031678	lab	2	0.0	0.0
PRJNA872313	lab	8	0.0	0.0
PRJNA1267768	lab	2	0.0	0.0
PRJNA171217	lab	1	0.0	0.0
PRJNA392275	lab	5	0.0	0.0
PRJNA588102	lab	1	0.0	0.0
PRJNA778051	lab	5	0.0	0.0
PRJNA926806	lab	2	0.0	0.0
PRJNA1231252	lab	21	0.0	0.0
PRJNA1279063	field	24	0.0	0.0
PRJNA372579	lab	1	0.0	0.0
PRJNA473896	lab	6	0.0	0.0
PRJNA1237996	lab	36	0.0	0.0
PRJEB44222	lab	18	0.0	0.0
PRJEB50522	lab	81	0.0	0.0
PRJNA813432	lab	144	0.0	0.0
PRJEB77002	field	6	0.0	0.0
PRJNA328045	lab	39	0.0	0.0
PRJNA1083222	lab	4	0.0	0.0
PRJNA1347294	lab	2	0.0	0.0
PRJNA260080	lab	3	0.0	0.0
PRJNA245759	lab	3	0.0	0.0
PRJNA516496	lab	6	0.0	0.0
PRJEB45007	lab	3	0.0	0.0
PRJNA1011491	lab	12	0.0	0.0
PRJNA325291	lab	6	0.0	0.0
PRJNA1137604	lab	27	0.0	0.0
PRJEB46918	lab	28	0.0	0.0
PRJEB14966	lab	8	0.0	0.0
PRJNA841073	lab	9	0.0	0.0
PRJNA293991	lab	9	0.0	0.0
PRJNA250530	lab	1	0.0	0.0
PRJNA151285	lab	22	0.0	0.0
PRJDB8014	lab	12	0.0	0.0
PRJNA523226	lab	9	0.0	0.0
PRJNA849030	lab	24	0.0	0.0
PRJNA1247000	lab	24	0.0	0.0
PRJNA1338360	lab	34	0.0	0.0
PRJNA496584	lab	1	0.0	0.0
PRJNA1044756	lab	12	0.0	0.0
PRJNA932210	lab	8	0.0	0.0
PRJNA613154	lab	2	0.0	0.0
PRJEB53625	lab	2	0.0	0.0
PRJEB75530	lab	41	0.0	0.0
PRJNA610657	lab	1	0.0	0.0
PRJNA1164193	lab	12	0.0	0.0
PRJNA975738	lab	1	0.0	0.0
PRJNA344467	lab	6	0.0	0.0
PRJEB20188	lab	9	0.0	0.0
PRJNA447872	lab	2	0.0	0.0
PRJNA670341	lab	32	0.0	0.0
PRJNA1148379	lab	24	0.0	0.0
PRJNA831271	lab	6	0.0	0.0
PRJEB46468	lab	12	0.0	0.0
PRJNA516028	lab	25	0.0	0.0
PRJNA694214	lab	9	0.0	0.0
PRJNA844585	lab	8	0.0	0.0
PRJNA644240	lab	7	0.0	0.0
PRJNA909570	lab	1	0.0	0.0
PRJEB8798	lab	20	0.0	0.0
PRJNA786373	lab	9	0.0	0.0
PRJNA245071	lab	3	0.0	0.0
PRJNA372589	lab	1	0.0	0.0
PRJNA415282	lab	5	0.0	0.0
PRJNA591157	lab	3	0.0	0.0
PRJNA601001	lab	12	0.0	0.0
PRJNA1101711	lab	9	0.0	0.0
PRJNA1256908	lab	2	0.0	0.0
PRJNA1181034	lab	1	0.0	0.0
PRJNA372582	lab	1	0.0	0.0
PRJNA874673	lab	2	0.0	0.0
PRJNA1158549	lab	18	0.0	0.0
PRJNA357960	lab	1	0.0	0.0
PRJNA673988	lab	7	0.0	0.0
PRJNA1287296	lab	2	0.0	0.0
PRJNA803733	lab	6	0.0	0.0
PRJNA529541	lab	12	0.0	0.0
PRJNA1063333	field	36	0.0	0.0
PRJNA646251	lab	6	0.0	0.0
PRJNA1246341	lab	3	0.0	0.0
PRJNA345005	lab	2	0.0	0.0
PRJNA526829	lab	60	0.0	0.0
PRJNA565800	lab	4	0.0	0.0
PRJNA671670	lab	9	0.0	0.0
PRJNA372591	lab	1	0.0	0.0
PRJNA672111	lab	1	0.0	0.0
PRJNA853492	lab	21	0.0	0.0
PRJNA664705	lab	10	0.0	0.0
PRJNA441049	lab	1	0.0	0.0
PRJEB22223	lab	12	0.0	0.0
PRJNA295929	lab	1	0.0	0.0
PRJNA373349	lab	1	0.0	0.0
PRJEB30662	lab	5	0.0	0.0
PRJNA692809	lab	1	0.0	0.0
PRJNA532644	lab	5	0.0	0.0
PRJNA904717	lab	1	0.0	0.0
PRJNA713956	lab	1	0.0	0.0
PRJNA698760	lab	1	0.0	0.0
PRJNA352824	lab	3	0.0	0.0
PRJNA1064071	lab	6	0.0	0.0
PRJNA938757	lab	2	0.0	0.0
PRJNA863277	lab	4	0.0	0.0
PRJNA1122186	lab	6	0.0	0.0
PRJNA832871	lab	12	0.0	0.0
PRJNA179498	lab	1	0.0	0.0
PRJNA1145503	lab	4	0.0	0.0
PRJNA393407	lab	3	0.0	0.0
PRJNA259589	lab	1	0.0	0.0
PRJNA177586	lab	4	0.0	0.0
PRJDB15953	lab	2	0.0	0.0
PRJNA396467	lab	10	0.0	0.0
PRJNA527147	lab	6	0.0	0.0
PRJNA944941	lab	7	0.0	0.0
PRJNA371695	lab	4	0.0	0.0
PRJNA372598	lab	1	0.0	0.0
PRJNA545805	lab	1	0.0	0.0
PRJNA799676	lab	12	0.0	0.0
PRJNA441161	lab	1	0.0	0.0
PRJNA870298	lab	1	0.0	0.0
PRJNA622764	lab	6	0.0	0.0
PRJNA556310	lab	4	0.0	0.0
PRJNA299335	lab	3	0.0	0.0
PRJNA501892	lab	18	0.0	0.0
PRJEB46991	lab	1	0.0	0.0
PRJNA300619	lab	1	0.0	0.0
PRJNA373361	lab	1	0.0	0.0
PRJNA326901	lab	11	0.0	0.0
PRJNA1122550	lab	7	0.0	0.0
PRJNA297400	lab	2	0.0	0.0
PRJEB55233	lab	12	0.0	0.0
PRJNA246736	lab	3	0.0	0.0
PRJNA441163	lab	1	0.0	0.0
PRJNA441162	lab	1	0.0	0.0
PRJEB51980	lab	23	0.0	0.0
PRJNA477716	lab	2	0.0	0.0
PRJNA383862	lab	6	0.0	0.0
PRJNA419480	lab	4	0.0	0.0
PRJNA1188614	lab	3	0.0	0.0
PRJNA646633	lab	1	0.0	0.0
PRJNA392846	lab	1	0.0	0.0
PRJNA473305	lab	3	0.0	0.0
PRJNA311604	lab	12	0.0	0.0
PRJNA774504	lab	1	0.0	0.0
PRJNA1100184	lab	2	0.0	0.0
PRJNA418175	lab	6	0.0	0.0
PRJNA441175	lab	1	0.0	0.0
PRJNA396589	lab	1	0.0	0.0
PRJNA804666	lab	1	0.0	0.0
PRJNA1166635	lab	9	0.0	0.0
PRJDB41276	lab	6	0.0	0.0
PRJNA915611	lab	3	0.0	0.0
PRJNA441170	lab	1	0.0	0.0
PRJNA169154	lab	1	0.0	0.0
PRJNA1043471	lab	6	0.0	0.0
PRJNA506360	lab	6	0.0	0.0
PRJNA441164	lab	1	0.0	0.0
PRJNA373353	lab	1	0.0	0.0
PRJNA1435232	lab	4	0.0	0.0
PRJNA751374	lab	15	0.0	0.0
PRJNA373354	lab	1	0.0	0.0
PRJNA382499	lab	4	0.0	0.0
PRJNA985902	lab	1	0.0	0.0
PRJNA637940	lab	2	0.0	0.0
PRJNA379426	lab	3	0.0	0.0
PRJNA372585	lab	1	0.0	0.0
PRJNA372580	lab	1	0.0	0.0
PRJNA787799	lab	3	0.0	0.0
PRJNA441157	lab	1	0.0	0.0
PRJNA604447	lab	8	0.0	0.0
PRJNA1111437	lab	3	0.0	0.0
PRJNA987192	lab	2	0.0	0.0
PRJNA630379	lab	18	0.0	0.0
PRJNA373363	lab	1	0.0	0.0
PRJNA1082681	lab	6	0.0	0.0
PRJNA358831	lab	6	0.0	0.0
PRJNA306679	lab	6	0.0	0.0
PRJNA329579	lab	1	0.0	0.0
PRJNA355407	field	3	0.0	0.0
PRJNA552738	lab	2	0.0	0.0
PRJNA441158	lab	1	0.0	0.0
PRJNA297402	lab	2	0.0	0.0
PRJNA1088402	lab	2	0.0	0.0
PRJNA1187605	lab	3	0.0	0.0
PRJNA325493	lab	6	0.0	0.0
PRJNA743515	lab	5	0.0	0.0
PRJNA372593	lab	1	0.0	0.0
PRJNA372596	lab	1	0.0	0.0
PRJNA372576	lab	1	0.0	0.0
PRJNA373348	lab	1	0.0	0.0
PRJNA391093	lab	3	0.0	0.0
PRJNA861388	lab	1	0.0	0.0
PRJNA230463	lab	1	0.0	0.0
PRJNA296349	lab	6	0.0	0.0
PRJNA669466	field	2	0.0	0.0
PRJNA372571	lab	1	0.0	0.0
PRJNA1065649	lab	1	0.0	0.0
PRJEB19257	lab	2	0.0	0.0
PRJNA441173	lab	1	0.0	0.0
PRJNA372584	lab	1	0.0	0.0
PRJNA372573	lab	1	0.0	0.0
PRJNA373356	lab	1	0.0	0.0
PRJNA587128	field	4	0.0	0.0
PRJNA764088	lab	1	0.0	0.0
PRJNA294234	field	1	0.0	0.0
PRJNA441166	lab	1	0.0	0.0
PRJNA147097	lab	2	0.0	0.0
PRJNA373350	lab	1	0.0	0.0
PRJNA971132	lab	1	0.0	0.0
PRJNA660623	lab	3	0.0	0.0
PRJNA373355	lab	1	0.0	0.0
PRJNA373352	lab	1	0.0	0.0
PRJNA373360	lab	1	0.0	0.0
PRJNA373358	lab	1	0.0	0.0
PRJNA810452	lab	1	0.0	0.0
PRJNA1205778	lab	1	0.0	0.0
PRJNA372578	lab	1	0.0	0.0
PRJNA372586	lab	1	0.0	0.0
PRJNA877037	lab	1	0.0	0.0
PRJNA441159	lab	1	0.0	0.0
PRJNA293109	lab	3	0.0	0.0
PRJNA1018533	lab	2	0.0	0.0
PRJNA373346	lab	1	0.0	0.0
PRJNA389503	lab	1	0.0	0.0
PRJNA1121488	lab	1	0.0	0.0
PRJNA234029	lab	1	0.0	0.0
PRJNA979975	lab	1	0.0	0.0
PRJNA372583	lab	1	0.0	0.0
PRJNA956133	lab	1	0.0	0.0
PRJNA441174	lab	1	0.0	0.0
PRJNA372575	lab	1	0.0	0.0
PRJNA1389356	lab	1	0.0	0.0
PRJNA441168	lab	1	0.0	0.0
PRJNA441160	lab	1	0.0	0.0
PRJNA372595	lab	1	0.0	0.0
PRJNA631873	lab	1	0.0	0.0
PRJNA1498604	lab	1	0.0	0.0
PRJNA1025922	lab	1	0.0	0.0
PRJNA408529	lab	1	0.0	0.0
PRJNA833778	lab	1	0.0	0.0
PRJNA441156	lab	1	0.0	0.0
PRJNA441169	lab	1	0.0	0.0
PRJNA372581	lab	1	0.0	0.0
PRJNA373364	lab	1	0.0	0.0
PRJNA279922	lab	1	0.0	0.0
PRJNA372592	lab	1	0.0	0.0
PRJNA408460	lab	1	0.0	0.0
PRJNA237967	lab	2	0.0	0.0
PRJNA373357	lab	1	0.0	0.0
PRJNA373362	lab	1	0.0	0.0
PRJNA318835	lab	1	0.0	0.0
PRJNA372597	lab	1	0.0	0.0
PRJNA372572	lab	1	0.0	0.0
PRJNA441176	lab	1	0.0	0.0
PRJNA373351	lab	1	0.0	0.0
PRJNA373359	lab	1	0.0	0.0
PRJNA906097	lab	1	0.0	0.0
PRJNA373347	lab	1	0.0	0.0
PRJNA492254	lab	1	0.0	0.0
PRJNA408458	lab	1	0.0	0.0
PRJNA372570	lab	1	0.0	0.0
PRJNA809650	lab	1	0.0	0.0
PRJNA372594	lab	1	0.0	0.0
PRJNA372588	lab	1	0.0	0.0
PRJNA896582	lab	2	0.0	0.0
PRJNA372590	lab	1	0.0	0.0
PRJEB6937	lab	1	0.0	0.0
PRJNA381081	lab	1	0.0	0.0
PRJNA564465	lab	1	0.0	0.0
PRJNA372577	lab	1	0.0	0.0
PRJNA516233	lab	2	0.0	0.0
PRJNA1422174	lab	1	0.0	0.0
PRJNA372587	lab	1	0.0	0.0
PRJNA556551	lab	12	0.0	0.0
PRJNA597539	field	2	0.0	0.0
PRJNA575278	field	2	0.0	0.0
PRJNA601749	lab	13	0.0	0.0
PRJNA1203667	lab	2	0.0	0.0
PRJNA1220327	lab	1	0.0	0.0
PRJNA892893	lab	6	0.0	0.0
PRJNA816480	lab	2	0.0	0.0
PRJEB75479	lab	2	0.0	0.0
PRJNA1331714	field	1	0.0	0.0
PRJNA861798	field	1	0.0	0.0
PRJEB9490	lab	2	0.0	0.0
PRJDB10741	field	1	0.0	0.0
PRJNA271201	lab	1	0.0	0.0
PRJNA530979	field	1	0.0	0.0
PRJNA524449	field	1	0.0	0.0
PRJNA996293	field	1	0.0	0.0
PRJDB16961	field	1	0.0	0.0
PRJNA901343	lab	2	0.0	0.0
PRJNA327437	lab	18	0.0	0.0
PRJNA1041741	lab	69	0.0	0.0
PRJNA473829	lab	559	0.0	0.0
PRJNA327013	lab	5	0.0	0.0
PRJNA721951	lab	10	0.0	0.0
PRJNA605241	lab	5	0.0	0.0
PRJNA1188982	lab	3	0.0	0.0
PRJNA640476	lab	3	0.0	0.0
PRJNA1123450	lab	54	0.0	0.0
PRJNA804213	lab	99	0.0	0.0
PRJDB39419	lab	4	0.0	0.0
PRJNA977839	lab	9	0.0	0.0
PRJNA1129295	lab	5	0.0	0.0
PRJNA603232	lab	1	0.0	0.0
PRJNA1195373	lab	19	0.0	0.0
PRJNA918399	lab	21	0.0	0.0
PRJNA477359	lab	12	0.0	0.0
PRJNA695871	lab	2	0.0	0.0
PRJEB39308	lab	14	0.0	0.0
PRJNA1424250	lab	16	0.0	0.0
PRJNA1465640	lab	24	0.0	0.0
PRJNA321917	lab	6	0.0	0.0
PRJNA733070	lab	3	0.0	0.0
PRJNA1240218	lab	14	0.0	0.0
PRJNA1022321	lab	9	0.0	0.0
PRJNA562996	lab	1	0.0	0.0
PRJNA563186	lab	6	0.0	0.0
PRJNA1013336	lab	26	0.0	0.0
PRJNA1203349	lab	3	0.0	0.0
PRJNA1270936	lab	8	0.0	0.0
PRJNA1265690	lab	2	0.0	0.0
PRJNA1108053	lab	12	0.0	0.0
PRJNA509214	lab	55	0.0	0.0
PRJEB79854	lab	1	0.0	0.0
PRJNA1190367	lab	6	0.0	0.0
PRJNA471709	lab	18	0.0	0.0
PRJNA974369	lab	45	0.0	0.0
PRJDB37035	lab	4	0.0	0.0
PRJNA417591	lab	2	0.0	0.0
PRJNA1371123	lab	6	0.0	0.0
PRJEB55600	lab	33	0.0	0.0
PRJNA957910	lab	6	0.0	0.0
PRJNA1394332	lab	3	0.0	0.0
PRJNA830457	lab	9	0.0	0.0
PRJDB5533	lab	4	0.0	0.0
PRJNA308408	lab	9	0.0	0.0
PRJNA918425	lab	6	0.0	0.0
PRJNA1144135	lab	8	0.0	0.0
PRJNA1015113	lab	12	0.0	0.0
PRJNA610066	lab	3	0.0	0.0
PRJNA1326257	lab	2	0.0	0.0
PRJNA423161	lab	5	0.0	0.0
PRJNA795871	lab	6	0.0	0.0
PRJNA1428298	lab	14	0.0	0.0
PRJNA293283	lab	1	0.0	0.0
PRJNA938065	lab	6	0.0	0.0
PRJNA1031966	lab	6	0.0	0.0
PRJNA575005	lab	2	0.0	0.0
PRJNA542779	lab	2	0.0	0.0
PRJNA755600	lab	6	0.0	0.0
PRJNA681568	lab	2	0.0	0.0
PRJNA662936	lab	15	0.0	0.0
PRJNA893349	lab	2	0.0	0.0
PRJNA1073691	lab	9	0.0	0.0
PRJNA738872	lab	4	0.0	0.0
PRJEB88178	lab	34	0.0	0.0
PRJNA854090	lab	6	0.0	0.0
PRJNA495475	lab	1	0.0	0.0
PRJNA786267	lab	7	0.0	0.0
PRJNA679433	lab	9	0.0	0.0
PRJNA731024	field	48	0.0	0.0
PRJNA261444	lab	2	0.0	0.0
PRJNA1035538	lab	3	0.0	0.0
PRJNA1322505	lab	10	0.0	0.0
PRJNA810908	lab	1	0.0	0.0
PRJNA714266	lab	1	0.0	0.0
PRJNA633718	lab	13	0.0	0.0
PRJNA1120176	lab	4	0.0	0.0
PRJNA566098	lab	5	0.0	0.0
PRJNA1015548	lab	3	0.0	0.0
PRJNA1103879	lab	6	0.0	0.0
PRJNA831331	lab	1	0.0	0.0
PRJNA789389	lab	5	0.0	0.0
PRJNA471653	lab	1	0.0	0.0
PRJNA869950	lab	4	0.0	0.0
PRJNA414570	lab	6	0.0	0.0
PRJNA505650	lab	5	0.0	0.0
PRJNA540228	lab	23	0.0	0.0
PRJNA759653	lab	4	0.0	0.0
PRJNA808784	lab	2	0.0	0.0
PRJNA861273	lab	1	0.0	0.0
PRJNA1455163	lab	1	0.0	0.0
PRJNA767817	lab	4	0.0	0.0
PRJNA766564	lab	5	0.0	0.0
PRJNA1321556	lab	2	0.0	0.0
PRJNA896583	lab	10	0.0	0.0
PRJNA1414443	lab	5	0.0	0.0
PRJNA884711	lab	1	0.0	0.0
PRJNA1101865	lab	8	0.0	0.0
PRJNA824616	lab	3	0.0	0.0
PRJNA683746	lab	1	0.0	0.0
PRJNA623526	lab	8	0.0	0.0
PRJNA1255829	lab	4	0.0	0.0
PRJNA281236	field	12	0.0	0.0
PRJNA819267	lab	6	0.0	0.0
PRJNA1135242	lab	2	0.0	0.0
PRJNA1314400	lab	8	0.0	0.0
PRJNA1080050	lab	1	0.0	0.0
PRJNA738667	lab	1	0.0	0.0
PRJNA998578	lab	11	0.0	0.0
PRJNA488315	field	2	0.0	0.0
PRJNA1094674	lab	1	0.0	0.0
PRJNA978953	lab	7	0.0	0.0
PRJNA1006331	lab	7	0.0	0.0
PRJNA1112547	lab	10	0.0	0.0
PRJNA1102319	lab	6	0.0	0.0
PRJNA1470446	lab	6	0.0	0.0
PRJNA1457471	lab	7	0.0	0.0
PRJEB94937	lab	17	0.0	0.0
PRJNA1216614	lab	4	0.0	0.0
PRJNA1426942	lab	10	0.0	0.0
PRJNA832802	lab	15	0.0	0.0
PRJNA808232	lab	5	0.0	0.0
PRJNA1211507	lab	1	0.0	0.0
PRJDB34659	lab	4	0.0	0.0
PRJEB24521	lab	6	0.0	0.0
PRJNA434179	lab	1	0.0	0.0
PRJNA1135933	lab	24	0.0	0.0
PRJEB42393	lab	1	0.0	0.0
PRJNA480740	lab	4	0.0	0.0
PRJNA1171632	lab	1	0.0	0.0
PRJNA492966	lab	1	0.0	0.0
PRJNA788379	lab	2	0.0	0.0
PRJNA1219206	lab	1	0.0	0.0
PRJNA331148	lab	3	0.0	0.0
PRJNA471157	lab	3	0.0	0.0
PRJNA902094	lab	1	0.0	0.0
PRJNA339424	lab	1	0.0	0.0
PRJNA1079030	lab	4	0.0	0.0
PRJNA836253	lab	3	0.0	0.0
PRJNA1086032	lab	1	0.0	0.0
PRJNA360515	lab	5	0.0	0.0
PRJNA1069975	lab	6	0.0	0.0
PRJNA357202	lab	3	0.0	0.0
PRJNA717217	lab	9	0.0	0.0
PRJNA1221348	lab	2	0.0	0.0
PRJNA1226203	lab	4	0.0	0.0
PRJNA1276321	lab	2	0.0	0.0
PRJNA1423781	lab	2	0.0	0.0
PRJNA761556	lab	2	0.0	0.0
PRJNA322501	lab	5	0.0	0.0
PRJEB37046	lab	6	0.0	0.0
PRJNA522013	lab	7	0.0	0.0
PRJNA1018845	lab	9	0.0	0.0
PRJNA643674	lab	6	0.0	0.0
PRJNA1135931	lab	1	0.0	0.0
PRJNA423270	lab	4	0.0	0.0
PRJNA1100217	lab	4	0.0	0.0
PRJNA632579	lab	8	0.0	0.0
PRJNA1143533	lab	12	0.0	0.0
PRJNA1479129	lab	4	0.0	0.0
PRJNA659604	lab	13	0.0	0.0
PRJNA819278	lab	1	0.0	0.0
PRJNA407369	lab	15	0.0	0.0
PRJNA274853	lab	12	0.0	0.0
PRJNA868217	lab	3	0.0	0.0
PRJNA886841	lab	7	0.0	0.0
PRJNA690691	lab	1	0.0	0.0
PRJNA841643	lab	1	0.0	0.0
PRJNA595999	lab	1	0.0	0.0
PRJNA358683	lab	1	0.0	0.0
PRJEB39398	lab	4	0.0	0.0
PRJNA797248	lab	6	0.0	0.0
PRJNA689677	lab	3	0.0	0.0
PRJDB38457	lab	6	0.0	0.0
PRJNA509070	lab	1	0.0	0.0
PRJNA1101972	lab	8	0.0	0.0
PRJEB109258	field	2	0.0	0.0
PRJNA1038948	lab	1	0.0	0.0
PRJNA1265958	lab	4	0.0	0.0
PRJNA1122595	lab	7	0.0	0.0
PRJNA1280538	lab	3	0.0	0.0
PRJNA893261	lab	3	0.0	0.0
PRJNA674985	lab	10	0.0	0.0
PRJNA1294153	lab	4	0.0	0.0
PRJNA1475870	lab	6	0.0	0.0
PRJNA1356318	lab	1	0.0	0.0
PRJEB10574	lab	8	0.0	0.0
PRJEB36444	lab	2	0.0	0.0
PRJNA853857	lab	3	0.0	0.0
PRJNA575690	lab	3	0.0	0.0
PRJNA1203410	lab	6	0.0	0.0
PRJNA1402668	lab	2	0.0	0.0
PRJNA762085	lab	2	0.0	0.0
PRJNA369690	lab	3	0.0	0.0
PRJNA759282	field	4	0.0	0.0
PRJNA957090	lab	3	0.0	0.0
PRJNA1475882	lab	3	0.0	0.0
PRJNA432638	lab	1	0.0	0.0
PRJNA900512	lab	3	0.0	0.0
PRJNA897109	lab	1	0.0	0.0
PRJNA414966	lab	4	0.0	0.0
PRJNA1013591	lab	8	0.0	0.0
PRJNA721468	lab	8	0.0	0.0
PRJNA1390436	lab	6	0.0	0.0
PRJNA1434284	lab	1	0.0	0.0
PRJNA960834	lab	2	0.0	0.0
PRJEB85720	lab	10	0.0	0.0
PRJNA957574	lab	2	0.0	0.0
PRJNA841031	lab	4	0.0	0.0
PRJNA318049	lab	6	0.0	0.0
PRJNA485739	lab	2	0.0	0.0
PRJNA607858	lab	6	0.0	0.0
PRJNA477556	lab	7	0.0	0.0
PRJNA938609	lab	3	0.0	0.0
PRJNA151401	lab	2	0.0	0.0
PRJEB44745	lab	1	0.0	0.0
PRJNA1445478	lab	5	0.0	0.0
PRJNA483957	lab	10	0.0	0.0
PRJNA791784	lab	2	0.0	0.0
PRJNA875113	lab	12	0.0	0.0
PRJNA407898	lab	2	0.0	0.0
PRJNA839510	lab	1	0.0	0.0
PRJEB23306	lab	1	0.0	0.0
PRJNA1250220	lab	3	0.0	0.0
PRJEB21223	lab	5	0.0	0.0
PRJNA741487	lab	4	0.0	0.0
PRJEB64683	lab	3	0.0	0.0
PRJNA549565	lab	1	0.0	0.0
PRJEB24686	lab	9	0.0	0.0
PRJNA740181	lab	4	0.0	0.0
PRJNA1452953	lab	12	0.0	0.0
PRJNA524268	lab	6	0.0	0.0
PRJNA1143388	field	2	0.0	0.0
PRJNA1134673	field	5	0.0	0.0
PRJNA1245285	lab	10	0.0	0.0
PRJNA903693	lab	1	0.0	0.0
PRJNA742147	lab	4	0.0	0.0
PRJNA1215988	lab	2	0.0	0.0
PRJNA741058	lab	2	0.0	0.0
PRJNA1414147	lab	10	0.0	0.0
PRJNA739552	lab	6	0.0	0.0
PRJNA322439	lab	2	0.0	0.0
PRJNA1477694	lab	3	0.0	0.0
PRJDB9318	lab	6	0.0	0.0
PRJNA1108929	lab	6	0.0	0.0
PRJNA846583	lab	2	0.0	0.0
PRJNA1242805	lab	2	0.0	0.0
PRJNA1127845	lab	14	0.0	0.0
PRJEB88084	lab	6	0.0	0.0
PRJNA1036172	lab	6	0.0	0.0
PRJNA742853	lab	1	0.0	0.0
PRJNA1197544	lab	2	0.0	0.0
PRJNA957941	lab	1	0.0	0.0
PRJNA276444	lab	6	0.0	0.0
PRJNA1038810	lab	1	0.0	0.0
PRJEB13048	lab	2	0.0	0.0
PRJNA289545	lab	4	0.0	0.0
PRJNA415716	lab	14	0.0	0.0
PRJNA564947	lab	1	0.0	0.0
PRJNA1187339	lab	4	0.0	0.0
PRJNA782344	lab	4	0.0	0.0
PRJNA432224	lab	3	0.0	0.0
PRJNA739851	lab	4	0.0	0.0
PRJNA209313	lab	1	0.0	0.0
PRJNA419281	lab	2	0.0	0.0
PRJNA1416783	field	1	0.0	0.0
PRJNA1253310	lab	3	0.0	0.0
PRJNA757130	lab	6	0.0	0.0
PRJEB80223	lab	1	0.0	0.0
PRJNA1460992	lab	3	0.0	0.0
PRJNA1203070	lab	6	0.0	0.0
PRJNA1038947	lab	1	0.0	0.0
PRJNA953858	lab	2	0.0	0.0
PRJNA590671	lab	2	0.0	0.0
PRJNA1367956	lab	5	0.0	0.0
PRJDB39205	lab	1	0.0	0.0
PRJNA700696	lab	6	0.0	0.0
PRJNA1191001	field	1	0.0	0.0
PRJNA1103823	lab	4	0.0	0.0
PRJNA991318	lab	4	0.0	0.0
PRJNA1426573	lab	3	0.0	0.0
PRJDB12449	lab	2	0.0	0.0
PRJNA231064	lab	2	0.0	0.0
PRJNA1006160	lab	1	0.0	0.0
PRJNA418121	lab	6	0.0	0.0
PRJNA916485	lab	3	0.0	0.0
PRJNA1312333	lab	4	0.0	0.0
PRJNA473206	lab	1	0.0	0.0
PRJNA1043684	lab	3	0.0	0.0
PRJNA956666	lab	1	0.0	0.0
PRJNA575568	lab	2	0.0	0.0
PRJNA1181513	lab	6	0.0	0.0
PRJNA749126	lab	2	0.0	0.0
PRJNA735336	lab	3	0.0	0.0
PRJNA1177454	lab	6	0.0	0.0
PRJNA978633	lab	3	0.0	0.0
PRJDB16420	lab	1	0.0	0.0
PRJNA329199	lab	1	0.0	0.0
PRJNA1160434	lab	1	0.0	0.0
PRJNA657713	lab	1	0.0	0.0
PRJNA818435	lab	3	0.0	0.0
PRJNA850847	lab	3	0.0	0.0
PRJNA339565	lab	3	0.0	0.0
PRJNA574280	lab	8	0.0	0.0
PRJNA1201637	lab	2	0.0	0.0
PRJNA646588	lab	2	0.0	0.0
PRJNA1228322	lab	3	0.0	0.0
PRJNA1400237	lab	8	0.0	0.0
PRJNA352773	lab	3	0.0	0.0
PRJNA301699	lab	1	0.0	0.0
PRJNA1028178	field	1	0.0	0.0
PRJNA1251656	lab	2	0.0	0.0
PRJNA908908	lab	6	0.0	0.0
PRJNA318879	lab	1	0.0	0.0
PRJNA776419	lab	1	0.0	0.0
PRJNA1160431	lab	5	0.0	0.0
PRJNA240125	lab	1	0.0	0.0
PRJNA868504	lab	2	0.0	0.0
PRJNA744887	lab	2	0.0	0.0
PRJDB36112	lab	2	0.0	0.0
PRJDB12891	lab	1	0.0	0.0
PRJNA1087463	field	2	0.0	0.0
PRJNA556349	lab	1	0.0	0.0
PRJNA574764	lab	2	0.0	0.0
PRJNA859548	lab	2	0.0	0.0
PRJNA934741	lab	1	0.0	0.0
PRJNA836737	lab	1	0.0	0.0
PRJNA1276679	lab	1	0.0	0.0
PRJNA1088814	lab	2	0.0	0.0
PRJNA904271	lab	4	0.0	0.0
PRJNA751625	lab	2	0.0	0.0
PRJNA637760	lab	1	0.0	0.0
PRJDB41559	lab	1	0.0	0.0
PRJNA361024	lab	1	0.0	0.0
PRJNA730711	lab	1	0.0	0.0
PRJNA176022	lab	1	0.0	0.0
PRJEB34899	lab	1	0.0	0.0
PRJNA852375	field	2	0.0	0.0
PRJNA1344827	lab	2	0.0	0.0
PRJNA1335525	lab	1	0.0	0.0
PRJNA315041	lab	1	0.0	0.0
PRJNA757744	lab	3	0.0	0.0
PRJNA669995	lab	2	0.0	0.0
PRJNA1072674	lab	3	0.0	0.0
PRJDB12902	lab	1	0.0	0.0
PRJNA1402980	lab	1	0.0	0.0
PRJNA924676	lab	1	0.0	0.0
PRJNA900521	lab	3	0.0	0.0
PRJNA1127494	field	2	0.0	0.0
PRJEB33674	lab	3	0.0	0.0
PRJNA988279	lab	1	0.0	0.0
PRJNA1006415	lab	1	0.0	0.0
PRJEB88172	lab	1	0.0	0.0
PRJNA246735	lab	4	0.0	0.0
PRJNA1374450	lab	1	0.0	0.0
PRJNA589993	lab	1	0.0	0.0
PRJNA1038808	field	1	0.0	0.0
PRJNA1072624	lab	1	0.0	0.0
PRJNA307989	lab	1	0.0	0.0
PRJNA858969	lab	1	0.0	0.0
PRJNA1010139	lab	1	0.0	0.0
PRJNA490074	lab	4	0.0	0.0
PRJEB110406	lab	1	0.0	0.0
PRJDB38806	lab	3	0.0	0.0
PRJNA273659	lab	2	0.0	0.0
PRJNA937310	lab	1	0.0	0.0
PRJNA299503	lab	1	0.0	0.0
PRJNA777456	lab	2	0.0	0.0
PRJNA476551	lab	1	0.0	0.0
PRJNA695320	lab	1	0.0	0.0
PRJNA309643	lab	1	0.0	0.0
PRJNA477951	lab	1	0.0	0.0
PRJNA515933	lab	2	0.0	0.0
PRJNA1211198	lab	1	0.0	0.0
PRJNA307634	field	1	0.0	0.0
PRJNA1230716	lab	1	0.0	0.0
PRJNA839539	lab	1	0.0	0.0
PRJNA1266229	lab	1	0.0	0.0
PRJNA1221773	lab	1	0.0	0.0
PRJNA616416	lab	1	0.0	0.0
PRJNA936832	lab	4	0.0	0.0
PRJNA629966	lab	2	0.0	0.0
PRJEB34944	lab	1	0.0	0.0
PRJNA563868	lab	1	0.0	0.0
PRJNA715088	lab	1	0.0	0.0
PRJNA1018266	field	1	0.0	0.0
PRJNA745147	lab	2	0.0	0.0
PRJNA776278	lab	1	0.0	0.0
PRJNA349155	lab	1	0.0	0.0
PRJNA357594	lab	1	0.0	0.0
PRJNA534308	lab	1	0.0	0.0
PRJNA1496248	lab	1	0.0	0.0
PRJNA1462132	lab	1	0.0	0.0
PRJNA1040252	lab	1	0.0	0.0
PRJNA725619	lab	1	0.0	0.0
PRJNA778182	lab	1	0.0	0.0
PRJNA1242503	lab	1	0.0	0.0
PRJNA504749	lab	1	0.0	0.0
PRJNA1245619	lab	1	0.0	0.0
PRJNA971242	lab	1	0.0	0.0
PRJNA378602	lab	1	0.0	0.0
PRJNA576276	lab	1	0.0	0.0
PRJNA1008994	lab	1	0.0	0.0
PRJNA1218812	lab	1	0.0	0.0
PRJEB107162	lab	13	0.0	0.0
PRJEB107075	lab	14	0.0	0.0
