taxid	organism_name	genus	n_assemblies	quality_kmers	quality_new	quality_frac_new	quality_shared_congener	quality_frac_shared	mean_kmers	mean_new	mean_frac_new	mean_frac_shared	n_congener_taxa	permutations
13684	Parastagonospora nodorum	Parastagonospora	1	19705000	19705000	1.0	0	0.0	19851280	19851280	1.0	0.0	0	25
13684	Parastagonospora nodorum	Parastagonospora	2	19778000	73000	0.003691	0	0.0	21862488	2011208	0.091994	0.0	0	25
13684	Parastagonospora nodorum	Parastagonospora	3	19813200	35200	0.001777	0	0.0	22843560	981072	0.042947	0.0	0	25
13684	Parastagonospora nodorum	Parastagonospora	4	21698600	1885400	0.08689	0	0.0	23577712	734152	0.031138	0.0	0	25
13684	Parastagonospora nodorum	Parastagonospora	5	22610800	912200	0.040344	0	0.0	24157888	580176	0.024016	0.0	0	25
13684	Parastagonospora nodorum	Parastagonospora	6	23290200	679400	0.029171	0	0.0	24567216	409328	0.016662	0.0	0	25
13684	Parastagonospora nodorum	Parastagonospora	7	23302000	11800	0.000506	0	0.0	24863976	296760	0.011935	0.0	0	25
13684	Parastagonospora nodorum	Parastagonospora	8	23318600	16600	0.000712	0	0.0	25178928	314952	0.012509	0.0	0	25
13684	Parastagonospora nodorum	Parastagonospora	9	23329600	11000	0.000472	0	0.0	25538560	359632	0.014082	0.0	0	25
13684	Parastagonospora nodorum	Parastagonospora	10	23876200	546600	0.022893	0	0.0	25718904	180344	0.007012	0.0	0	25
13684	Parastagonospora nodorum	Parastagonospora	11	24241600	365400	0.015073	0	0.0	25912064	193160	0.007454	0.0	0	25
13684	Parastagonospora nodorum	Parastagonospora	12	24848600	607000	0.024428	0	0.0	26053368	141304	0.005424	0.0	0	25
13684	Parastagonospora nodorum	Parastagonospora	13	24852800	4200	0.000169	0	0.0	26197400	144032	0.005498	0.0	0	25
13684	Parastagonospora nodorum	Parastagonospora	14	24857000	4200	0.000169	0	0.0	26310736	113336	0.004308	0.0	0	25
13684	Parastagonospora nodorum	Parastagonospora	15	24859800	2800	0.000113	0	0.0	26430288	119552	0.004523	0.0	0	25
13684	Parastagonospora nodorum	Parastagonospora	16	25093000	233200	0.009293	0	0.0	26545624	115336	0.004345	0.0	0	25
13684	Parastagonospora nodorum	Parastagonospora	17	25312200	219200	0.00866	0	0.0	26686608	140984	0.005283	0.0	0	25
13684	Parastagonospora nodorum	Parastagonospora	18	25314600	2400	9.5e-05	0	0.0	26851752	165144	0.00615	0.0	0	25
13684	Parastagonospora nodorum	Parastagonospora	19	25318400	3800	0.00015	0	0.0	26918640	66888	0.002485	0.0	0	25
13684	Parastagonospora nodorum	Parastagonospora	20	25460600	142200	0.005585	0	0.0	27024512	105872	0.003918	0.0	0	25
13684	Parastagonospora nodorum	Parastagonospora	21	25624000	163400	0.006377	0	0.0	27133392	108880	0.004013	0.0	0	25
13684	Parastagonospora nodorum	Parastagonospora	22	25776200	152200	0.005905	0	0.0	27241256	107864	0.00396	0.0	0	25
13684	Parastagonospora nodorum	Parastagonospora	23	25939400	163200	0.006292	0	0.0	27326488	85232	0.003119	0.0	0	25
13684	Parastagonospora nodorum	Parastagonospora	24	26094200	154800	0.005932	0	0.0	27386400	59912	0.002188	0.0	0	25
13684	Parastagonospora nodorum	Parastagonospora	25	26189400	95200	0.003635	0	0.0	27449960	63560	0.002315	0.0	0	25
13684	Parastagonospora nodorum	Parastagonospora	26	26286400	97000	0.00369	0	0.0	27531040	81080	0.002945	0.0	0	25
13684	Parastagonospora nodorum	Parastagonospora	27	26383600	97200	0.003684	0	0.0	27589240	58200	0.00211	0.0	0	25
13684	Parastagonospora nodorum	Parastagonospora	28	26674800	291200	0.010917	0	0.0	27688656	99416	0.00359	0.0	0	25
13684	Parastagonospora nodorum	Parastagonospora	29	26684200	9400	0.000352	0	0.0	27750952	62296	0.002245	0.0	0	25
13684	Parastagonospora nodorum	Parastagonospora	30	26744200	60000	0.002243	0	0.0	27826184	75232	0.002704	0.0	0	25
13684	Parastagonospora nodorum	Parastagonospora	31	26793200	49000	0.001829	0	0.0	27903432	77248	0.002768	0.0	0	25
13684	Parastagonospora nodorum	Parastagonospora	32	26857600	64400	0.002398	0	0.0	27947520	44088	0.001578	0.0	0	25
13684	Parastagonospora nodorum	Parastagonospora	33	26863600	6000	0.000223	0	0.0	27984104	36584	0.001307	0.0	0	25
13684	Parastagonospora nodorum	Parastagonospora	34	26946000	82400	0.003058	0	0.0	28039352	55248	0.00197	0.0	0	25
13684	Parastagonospora nodorum	Parastagonospora	35	26957800	11800	0.000438	0	0.0	28079568	40216	0.001432	0.0	0	25
13684	Parastagonospora nodorum	Parastagonospora	36	26960800	3000	0.000111	0	0.0	28121592	42024	0.001494	0.0	0	25
13684	Parastagonospora nodorum	Parastagonospora	37	26963600	2800	0.000104	0	0.0	28157200	35608	0.001265	0.0	0	25
13684	Parastagonospora nodorum	Parastagonospora	38	27037600	74000	0.002737	0	0.0	28275368	118168	0.004179	0.0	0	25
13684	Parastagonospora nodorum	Parastagonospora	39	27037800	200	7e-06	0	0.0	28318640	43272	0.001528	0.0	0	25
13684	Parastagonospora nodorum	Parastagonospora	40	27113800	76000	0.002803	0	0.0	28390872	72232	0.002544	0.0	0	25
13684	Parastagonospora nodorum	Parastagonospora	41	27175600	61800	0.002274	0	0.0	28444096	53224	0.001871	0.0	0	25
13684	Parastagonospora nodorum	Parastagonospora	42	27240400	64800	0.002379	0	0.0	28527768	83672	0.002933	0.0	0	25
13684	Parastagonospora nodorum	Parastagonospora	43	27307200	66800	0.002446	0	0.0	28559232	31464	0.001102	0.0	0	25
13684	Parastagonospora nodorum	Parastagonospora	44	27347000	39800	0.001455	0	0.0	28604976	45744	0.001599	0.0	0	25
13684	Parastagonospora nodorum	Parastagonospora	45	27400200	53200	0.001942	0	0.0	28671152	66176	0.002308	0.0	0	25
13684	Parastagonospora nodorum	Parastagonospora	46	27403200	3000	0.000109	0	0.0	28752408	81256	0.002826	0.0	0	25
13684	Parastagonospora nodorum	Parastagonospora	47	27432000	28800	0.00105	0	0.0	28793904	41496	0.001441	0.0	0	25
13684	Parastagonospora nodorum	Parastagonospora	48	27484800	52800	0.001921	0	0.0	28813544	19640	0.000682	0.0	0	25
13684	Parastagonospora nodorum	Parastagonospora	49	27488400	3600	0.000131	0	0.0	28854656	41112	0.001425	0.0	0	25
13684	Parastagonospora nodorum	Parastagonospora	50	27537200	48800	0.001772	0	0.0	28878296	23640	0.000819	0.0	0	25
13684	Parastagonospora nodorum	Parastagonospora	51	27590800	53600	0.001943	0	0.0	28912280	33984	0.001175	0.0	0	25
13684	Parastagonospora nodorum	Parastagonospora	52	27596000	5200	0.000188	0	0.0	28936904	24624	0.000851	0.0	0	25
13684	Parastagonospora nodorum	Parastagonospora	53	27600400	4400	0.000159	0	0.0	29007552	70648	0.002436	0.0	0	25
13684	Parastagonospora nodorum	Parastagonospora	54	27638400	38000	0.001375	0	0.0	29034600	27048	0.000932	0.0	0	25
13684	Parastagonospora nodorum	Parastagonospora	55	27645000	6600	0.000239	0	0.0	29058784	24184	0.000832	0.0	0	25
13684	Parastagonospora nodorum	Parastagonospora	56	27649600	4600	0.000166	0	0.0	29122872	64088	0.002201	0.0	0	25
13684	Parastagonospora nodorum	Parastagonospora	57	27653400	3800	0.000137	0	0.0	29152824	29952	0.001027	0.0	0	25
13684	Parastagonospora nodorum	Parastagonospora	58	27898000	244600	0.008768	0	0.0	29176704	23880	0.000818	0.0	0	25
13684	Parastagonospora nodorum	Parastagonospora	59	27902000	4000	0.000143	0	0.0	29197648	20944	0.000717	0.0	0	25
13684	Parastagonospora nodorum	Parastagonospora	60	27904000	2000	7.2e-05	0	0.0	29223096	25448	0.000871	0.0	0	25
13684	Parastagonospora nodorum	Parastagonospora	61	27905400	1400	5e-05	0	0.0	29239904	16808	0.000575	0.0	0	25
13684	Parastagonospora nodorum	Parastagonospora	62	27912400	7000	0.000251	0	0.0	29302520	62616	0.002137	0.0	0	25
13684	Parastagonospora nodorum	Parastagonospora	63	27915800	3400	0.000122	0	0.0	29330512	27992	0.000954	0.0	0	25
13684	Parastagonospora nodorum	Parastagonospora	64	27962200	46400	0.001659	0	0.0	29359400	28888	0.000984	0.0	0	25
13684	Parastagonospora nodorum	Parastagonospora	65	28021200	59000	0.002106	0	0.0	29379184	19784	0.000673	0.0	0	25
13684	Parastagonospora nodorum	Parastagonospora	66	28027200	6000	0.000214	0	0.0	29395616	16432	0.000559	0.0	0	25
13684	Parastagonospora nodorum	Parastagonospora	67	28051600	24400	0.00087	0	0.0	29418232	22616	0.000769	0.0	0	25
13684	Parastagonospora nodorum	Parastagonospora	68	28086400	34800	0.001239	0	0.0	29441760	23528	0.000799	0.0	0	25
13684	Parastagonospora nodorum	Parastagonospora	69	28127400	41000	0.001458	0	0.0	29463472	21712	0.000737	0.0	0	25
13684	Parastagonospora nodorum	Parastagonospora	70	28163800	36400	0.001292	0	0.0	29485544	22072	0.000749	0.0	0	25
13684	Parastagonospora nodorum	Parastagonospora	71	28166400	2600	9.2e-05	0	0.0	29547608	62064	0.0021	0.0	0	25
13684	Parastagonospora nodorum	Parastagonospora	72	28205400	39000	0.001383	0	0.0	29567872	20264	0.000685	0.0	0	25
13684	Parastagonospora nodorum	Parastagonospora	73	28207400	2000	7.1e-05	0	0.0	29591248	23376	0.00079	0.0	0	25
13684	Parastagonospora nodorum	Parastagonospora	74	28247200	39800	0.001409	0	0.0	29630128	38880	0.001312	0.0	0	25
13684	Parastagonospora nodorum	Parastagonospora	75	28251000	3800	0.000135	0	0.0	29653192	23064	0.000778	0.0	0	25
13684	Parastagonospora nodorum	Parastagonospora	76	28256000	5000	0.000177	0	0.0	29671744	18552	0.000625	0.0	0	25
13684	Parastagonospora nodorum	Parastagonospora	77	28341800	85800	0.003027	0	0.0	29698096	26352	0.000887	0.0	0	25
13684	Parastagonospora nodorum	Parastagonospora	78	28344400	2600	9.2e-05	0	0.0	29723848	25752	0.000866	0.0	0	25
13684	Parastagonospora nodorum	Parastagonospora	79	28386400	42000	0.00148	0	0.0	29752376	28528	0.000959	0.0	0	25
13684	Parastagonospora nodorum	Parastagonospora	80	28424200	37800	0.00133	0	0.0	29769424	17048	0.000573	0.0	0	25
13684	Parastagonospora nodorum	Parastagonospora	81	28426800	2600	9.1e-05	0	0.0	29795288	25864	0.000868	0.0	0	25
13684	Parastagonospora nodorum	Parastagonospora	82	28465200	38400	0.001349	0	0.0	29850624	55336	0.001854	0.0	0	25
13684	Parastagonospora nodorum	Parastagonospora	83	28502200	37000	0.001298	0	0.0	29861912	11288	0.000378	0.0	0	25
13684	Parastagonospora nodorum	Parastagonospora	84	28552200	50000	0.001751	0	0.0	29883688	21776	0.000729	0.0	0	25
13684	Parastagonospora nodorum	Parastagonospora	85	28554000	1800	6.3e-05	0	0.0	29902432	18744	0.000627	0.0	0	25
13684	Parastagonospora nodorum	Parastagonospora	86	28556600	2600	9.1e-05	0	0.0	29919584	17152	0.000573	0.0	0	25
13684	Parastagonospora nodorum	Parastagonospora	87	28558200	1600	5.6e-05	0	0.0	29938352	18768	0.000627	0.0	0	25
13684	Parastagonospora nodorum	Parastagonospora	88	28560800	2600	9.1e-05	0	0.0	29957680	19328	0.000645	0.0	0	25
13684	Parastagonospora nodorum	Parastagonospora	89	28562200	1400	4.9e-05	0	0.0	29977024	19344	0.000645	0.0	0	25
13684	Parastagonospora nodorum	Parastagonospora	90	28617600	55400	0.001936	0	0.0	29993720	16696	0.000557	0.0	0	25
13684	Parastagonospora nodorum	Parastagonospora	91	28638200	20600	0.000719	0	0.0	30018544	24824	0.000827	0.0	0	25
13684	Parastagonospora nodorum	Parastagonospora	92	28640800	2600	9.1e-05	0	0.0	30034112	15568	0.000518	0.0	0	25
13684	Parastagonospora nodorum	Parastagonospora	93	28675200	34400	0.0012	0	0.0	30052472	18360	0.000611	0.0	0	25
13684	Parastagonospora nodorum	Parastagonospora	94	28677000	1800	6.3e-05	0	0.0	30067976	15504	0.000516	0.0	0	25
13684	Parastagonospora nodorum	Parastagonospora	95	28695000	18000	0.000627	0	0.0	30090056	22080	0.000734	0.0	0	25
13684	Parastagonospora nodorum	Parastagonospora	96	28715200	20200	0.000703	0	0.0	30105888	15832	0.000526	0.0	0	25
13684	Parastagonospora nodorum	Parastagonospora	97	28739600	24400	0.000849	0	0.0	30122640	16752	0.000556	0.0	0	25
13684	Parastagonospora nodorum	Parastagonospora	98	28765200	25600	0.00089	0	0.0	30147864	25224	0.000837	0.0	0	25
13684	Parastagonospora nodorum	Parastagonospora	99	28791200	26000	0.000903	0	0.0	30205248	57384	0.0019	0.0	0	25
13684	Parastagonospora nodorum	Parastagonospora	100	28815600	24400	0.000847	0	0.0	30216696	11448	0.000379	0.0	0	25
13684	Parastagonospora nodorum	Parastagonospora	101	28843200	27600	0.000957	0	0.0	30233952	17256	0.000571	0.0	0	25
13684	Parastagonospora nodorum	Parastagonospora	102	28846600	3400	0.000118	0	0.0	30251512	17560	0.00058	0.0	0	25
13684	Parastagonospora nodorum	Parastagonospora	103	28865400	18800	0.000651	0	0.0	30267664	16152	0.000534	0.0	0	25
13684	Parastagonospora nodorum	Parastagonospora	104	28866000	600	2.1e-05	0	0.0	30285008	17344	0.000573	0.0	0	25
13684	Parastagonospora nodorum	Parastagonospora	105	28882800	16800	0.000582	0	0.0	30307840	22832	0.000753	0.0	0	25
13684	Parastagonospora nodorum	Parastagonospora	106	28909000	26200	0.000906	0	0.0	30324160	16320	0.000538	0.0	0	25
13684	Parastagonospora nodorum	Parastagonospora	107	28933600	24600	0.00085	0	0.0	30346864	22704	0.000748	0.0	0	25
13684	Parastagonospora nodorum	Parastagonospora	108	28955000	21400	0.000739	0	0.0	30364832	17968	0.000592	0.0	0	25
13684	Parastagonospora nodorum	Parastagonospora	109	28997800	42800	0.001476	0	0.0	30380264	15432	0.000508	0.0	0	25
13684	Parastagonospora nodorum	Parastagonospora	110	29010000	12200	0.000421	0	0.0	30394048	13784	0.000454	0.0	0	25
13684	Parastagonospora nodorum	Parastagonospora	111	29027000	17000	0.000586	0	0.0	30408544	14496	0.000477	0.0	0	25
13684	Parastagonospora nodorum	Parastagonospora	112	29027600	600	2.1e-05	0	0.0	30424384	15840	0.000521	0.0	0	25
13684	Parastagonospora nodorum	Parastagonospora	113	29051400	23800	0.000819	0	0.0	30433680	9296	0.000305	0.0	0	25
13684	Parastagonospora nodorum	Parastagonospora	114	29075000	23600	0.000812	0	0.0	30449776	16096	0.000529	0.0	0	25
13684	Parastagonospora nodorum	Parastagonospora	115	29076200	1200	4.1e-05	0	0.0	30465504	15728	0.000516	0.0	0	25
13684	Parastagonospora nodorum	Parastagonospora	116	29103400	27200	0.000935	0	0.0	30478376	12872	0.000422	0.0	0	25
13684	Parastagonospora nodorum	Parastagonospora	117	29125400	22000	0.000755	0	0.0	30497688	19312	0.000633	0.0	0	25
13684	Parastagonospora nodorum	Parastagonospora	118	29136600	11200	0.000384	0	0.0	30511320	13632	0.000447	0.0	0	25
13684	Parastagonospora nodorum	Parastagonospora	119	29161200	24600	0.000844	0	0.0	30522240	10920	0.000358	0.0	0	25
13684	Parastagonospora nodorum	Parastagonospora	120	29239200	78000	0.002668	0	0.0	30540288	18048	0.000591	0.0	0	25
13684	Parastagonospora nodorum	Parastagonospora	121	29258200	19000	0.000649	0	0.0	30552960	12672	0.000415	0.0	0	25
13684	Parastagonospora nodorum	Parastagonospora	122	29258800	600	2.1e-05	0	0.0	30568824	15864	0.000519	0.0	0	25
13684	Parastagonospora nodorum	Parastagonospora	123	29275200	16400	0.00056	0	0.0	30580776	11952	0.000391	0.0	0	25
13684	Parastagonospora nodorum	Parastagonospora	124	29282400	7200	0.000246	0	0.0	30596096	15320	0.000501	0.0	0	25
13684	Parastagonospora nodorum	Parastagonospora	125	29286200	3800	0.00013	0	0.0	30611120	15024	0.000491	0.0	0	25
13684	Parastagonospora nodorum	Parastagonospora	126	29327200	41000	0.001398	0	0.0	30621976	10856	0.000355	0.0	0	25
13684	Parastagonospora nodorum	Parastagonospora	127	29329600	2400	8.2e-05	0	0.0	30631136	9160	0.000299	0.0	0	25
13684	Parastagonospora nodorum	Parastagonospora	128	29343600	14000	0.000477	0	0.0	30645096	13960	0.000456	0.0	0	25
13684	Parastagonospora nodorum	Parastagonospora	129	29370800	27200	0.000926	0	0.0	30663496	18400	0.0006	0.0	0	25
13684	Parastagonospora nodorum	Parastagonospora	130	29371600	800	2.7e-05	0	0.0	30672584	9088	0.000296	0.0	0	25
13684	Parastagonospora nodorum	Parastagonospora	131	29372400	800	2.7e-05	0	0.0	30685992	13408	0.000437	0.0	0	25
13684	Parastagonospora nodorum	Parastagonospora	132	29405400	33000	0.001122	0	0.0	30699208	13216	0.00043	0.0	0	25
13684	Parastagonospora nodorum	Parastagonospora	133	29421000	15600	0.00053	0	0.0	30710712	11504	0.000375	0.0	0	25
13684	Parastagonospora nodorum	Parastagonospora	134	29442600	21600	0.000734	0	0.0	30723456	12744	0.000415	0.0	0	25
13684	Parastagonospora nodorum	Parastagonospora	135	29469600	27000	0.000916	0	0.0	30734736	11280	0.000367	0.0	0	25
13684	Parastagonospora nodorum	Parastagonospora	136	29499600	30000	0.001017	0	0.0	30744488	9752	0.000317	0.0	0	25
13684	Parastagonospora nodorum	Parastagonospora	137	29500800	1200	4.1e-05	0	0.0	30754432	9944	0.000323	0.0	0	25
13684	Parastagonospora nodorum	Parastagonospora	138	29507800	7000	0.000237	0	0.0	30765368	10936	0.000355	0.0	0	25
13684	Parastagonospora nodorum	Parastagonospora	139	29566000	58200	0.001968	0	0.0	30774440	9072	0.000295	0.0	0	25
13684	Parastagonospora nodorum	Parastagonospora	140	29568400	2400	8.1e-05	0	0.0	30787256	12816	0.000416	0.0	0	25
13684	Parastagonospora nodorum	Parastagonospora	141	29588400	20000	0.000676	0	0.0	30797920	10664	0.000346	0.0	0	25
13684	Parastagonospora nodorum	Parastagonospora	142	29599400	11000	0.000372	0	0.0	30810584	12664	0.000411	0.0	0	25
13684	Parastagonospora nodorum	Parastagonospora	143	29612200	12800	0.000432	0	0.0	30825296	14712	0.000477	0.0	0	25
13684	Parastagonospora nodorum	Parastagonospora	144	29615400	3200	0.000108	0	0.0	30838544	13248	0.00043	0.0	0	25
13684	Parastagonospora nodorum	Parastagonospora	145	29644600	29200	0.000985	0	0.0	30848112	9568	0.00031	0.0	0	25
13684	Parastagonospora nodorum	Parastagonospora	146	29648000	3400	0.000115	0	0.0	30856208	8096	0.000262	0.0	0	25
13684	Parastagonospora nodorum	Parastagonospora	147	29655800	7800	0.000263	0	0.0	30868128	11920	0.000386	0.0	0	25
13684	Parastagonospora nodorum	Parastagonospora	148	29671600	15800	0.000532	0	0.0	30884472	16344	0.000529	0.0	0	25
13684	Parastagonospora nodorum	Parastagonospora	149	29734200	62600	0.002105	0	0.0	30895216	10744	0.000348	0.0	0	25
13684	Parastagonospora nodorum	Parastagonospora	150	29743400	9200	0.000309	0	0.0	30907576	12360	0.0004	0.0	0	25
13684	Parastagonospora nodorum	Parastagonospora	151	29764400	21000	0.000706	0	0.0	30916896	9320	0.000301	0.0	0	25
13684	Parastagonospora nodorum	Parastagonospora	152	29789400	25000	0.000839	0	0.0	30926816	9920	0.000321	0.0	0	25
13684	Parastagonospora nodorum	Parastagonospora	153	29864800	75400	0.002525	0	0.0	30943000	16184	0.000523	0.0	0	25
13684	Parastagonospora nodorum	Parastagonospora	154	30003000	138200	0.004606	0	0.0	30951912	8912	0.000288	0.0	0	25
13684	Parastagonospora nodorum	Parastagonospora	155	30972200	969200	0.031293	0	0.0	30962008	10096	0.000326	0.0	0	25
13684	Parastagonospora nodorum	Parastagonospora	156	30972200	0	0.0	0	0.0	30972200	10192	0.000329	0.0	0	25
5507	Fusarium oxysporum	Fusarium	1	24206600	24206600	1.0	18269400	0.754728	22803136	22803136	1.0	0.765141	85	25
5507	Fusarium oxysporum	Fusarium	2	32533600	8327000	0.255951	23788600	0.731201	31979432	9176296	0.286944	0.716729	85	25
5507	Fusarium oxysporum	Fusarium	3	39242800	6709200	0.170966	26211600	0.667934	37441424	5461992	0.145881	0.674399	85	25
5507	Fusarium oxysporum	Fusarium	4	44654600	5411800	0.121192	27194200	0.60899	41541152	4099728	0.098691	0.639234	85	25
5507	Fusarium oxysporum	Fusarium	5	44654600	0	0.0	27194200	0.60899	45947960	4406808	0.095909	0.614246	85	25
5507	Fusarium oxysporum	Fusarium	6	48873800	4219200	0.086328	28026600	0.573448	48350824	2402864	0.049696	0.599327	85	25
5507	Fusarium oxysporum	Fusarium	7	51185400	2311600	0.045161	28318200	0.553248	50880200	2529376	0.049712	0.578659	85	25
5507	Fusarium oxysporum	Fusarium	8	52924200	1738800	0.032855	28585000	0.540112	54117336	3237136	0.059817	0.557604	85	25
5507	Fusarium oxysporum	Fusarium	9	54253600	1329400	0.024503	28747200	0.529867	57216216	3098880	0.054161	0.540836	85	25
5507	Fusarium oxysporum	Fusarium	10	56723600	2470000	0.043544	31217200	0.550339	59997968	2781752	0.046364	0.529243	85	25
5507	Fusarium oxysporum	Fusarium	11	60776800	4053200	0.06669	31742200	0.522275	62544456	2546488	0.040715	0.520431	85	25
5507	Fusarium oxysporum	Fusarium	12	63935800	3159000	0.049409	32223200	0.503993	64220960	1676504	0.026105	0.512119	85	25
5507	Fusarium oxysporum	Fusarium	13	65895600	1959800	0.029741	32489400	0.493044	66610104	2389144	0.035868	0.503031	85	25
5507	Fusarium oxysporum	Fusarium	14	68658200	2762600	0.040237	33070800	0.481673	68650624	2040520	0.029723	0.496608	85	25
5507	Fusarium oxysporum	Fusarium	15	71567200	2909000	0.040647	33492600	0.467988	70529056	1878432	0.026633	0.48771	85	25
5507	Fusarium oxysporum	Fusarium	16	72135400	568200	0.007877	33537200	0.46492	72581040	2051984	0.028272	0.483366	85	25
5507	Fusarium oxysporum	Fusarium	17	72291600	156200	0.002161	33551800	0.464118	74251608	1670568	0.022499	0.481967	85	25
5507	Fusarium oxysporum	Fusarium	18	74173600	1882000	0.025373	33833000	0.456133	76514392	2262784	0.029573	0.473379	85	25
5507	Fusarium oxysporum	Fusarium	19	75988600	1815000	0.023885	34230000	0.450462	78155928	1641536	0.021003	0.470111	85	25
5507	Fusarium oxysporum	Fusarium	20	76725600	737000	0.009606	34316400	0.447261	79572192	1416264	0.017798	0.464139	85	25
5507	Fusarium oxysporum	Fusarium	21	77835000	1109400	0.014253	34443800	0.442523	82368768	2796576	0.033952	0.456607	85	25
5507	Fusarium oxysporum	Fusarium	22	78423400	588400	0.007503	34502000	0.439945	83732320	1363552	0.016285	0.4539	85	25
5507	Fusarium oxysporum	Fusarium	23	79234600	811200	0.010238	34567000	0.436261	84671656	939336	0.011094	0.452109	85	25
5507	Fusarium oxysporum	Fusarium	24	80281600	1047000	0.013042	34648200	0.431583	86226904	1555248	0.018037	0.446852	85	25
5507	Fusarium oxysporum	Fusarium	25	80323600	42000	0.000523	34650600	0.431388	87205672	978768	0.011224	0.446664	85	25
5507	Fusarium oxysporum	Fusarium	26	85221400	4897800	0.057471	39548400	0.464067	88650568	1444896	0.016299	0.441675	85	25
5507	Fusarium oxysporum	Fusarium	27	86009200	787800	0.009159	39629200	0.460755	89679808	1029240	0.011477	0.439231	85	25
5507	Fusarium oxysporum	Fusarium	28	86541800	532600	0.006154	39652600	0.45819	90812640	1132832	0.012474	0.436875	85	25
5507	Fusarium oxysporum	Fusarium	29	86541800	0	0.0	39652600	0.45819	91860000	1047360	0.011402	0.433706	85	25
5507	Fusarium oxysporum	Fusarium	30	86581200	39400	0.000455	39654200	0.458	92934632	1074632	0.011563	0.429821	85	25
5507	Fusarium oxysporum	Fusarium	31	86604800	23600	0.000273	39655800	0.457894	93862992	928360	0.009891	0.428242	85	25
5507	Fusarium oxysporum	Fusarium	32	86620200	15400	0.000178	39657000	0.457826	95068488	1205496	0.01268	0.424908	85	25
5507	Fusarium oxysporum	Fusarium	33	87415000	794800	0.009092	39731800	0.454519	96387440	1318952	0.013684	0.424006	85	25
5507	Fusarium oxysporum	Fusarium	34	89029800	1614800	0.018138	39816200	0.447223	97712480	1325040	0.013561	0.425732	85	25
5507	Fusarium oxysporum	Fusarium	35	89192200	162400	0.001821	39821800	0.446472	99847864	2135384	0.021386	0.422175	85	25
5507	Fusarium oxysporum	Fusarium	36	102021800	12829600	0.125754	43015600	0.421631	101256752	1408888	0.013914	0.418348	85	25
5507	Fusarium oxysporum	Fusarium	37	102503400	481600	0.004698	43271600	0.422148	102111816	855064	0.008374	0.415657	85	25
5507	Fusarium oxysporum	Fusarium	38	102966800	463400	0.0045	43294400	0.42047	103067040	955224	0.009268	0.413771	85	25
5507	Fusarium oxysporum	Fusarium	39	103690400	723600	0.006978	43350200	0.418073	103524608	457568	0.00442	0.412259	85	25
5507	Fusarium oxysporum	Fusarium	40	106202200	2511800	0.023651	43645000	0.410961	104129864	605256	0.005813	0.411054	85	25
5507	Fusarium oxysporum	Fusarium	41	109648400	3446200	0.03143	43747200	0.398977	106122576	1992712	0.018777	0.408531	85	25
5507	Fusarium oxysporum	Fusarium	42	110831800	1183400	0.010677	43839200	0.395547	106635008	512432	0.004805	0.406919	85	25
5507	Fusarium oxysporum	Fusarium	43	111284400	452600	0.004067	43862200	0.394145	107909168	1274160	0.011808	0.405398	85	25
5507	Fusarium oxysporum	Fusarium	44	112949600	1665200	0.014743	43953800	0.389145	108856472	947304	0.008702	0.404148	85	25
5507	Fusarium oxysporum	Fusarium	45	113236200	286600	0.002531	43961000	0.388224	109426224	569752	0.005207	0.402871	85	25
5507	Fusarium oxysporum	Fusarium	46	113236200	0	0.0	43961000	0.388224	110109416	683192	0.006205	0.402384	85	25
5507	Fusarium oxysporum	Fusarium	47	113587400	351200	0.003092	43987400	0.387256	110909376	799960	0.007213	0.401284	85	25
5507	Fusarium oxysporum	Fusarium	48	113882600	295200	0.002592	44005200	0.386408	111642912	733536	0.00657	0.400188	85	25
5507	Fusarium oxysporum	Fusarium	49	113904800	22200	0.000195	44006800	0.386347	112303848	660936	0.005885	0.3987	85	25
5507	Fusarium oxysporum	Fusarium	50	113927600	22800	0.0002	44007800	0.386279	112886072	582224	0.005158	0.397608	85	25
5507	Fusarium oxysporum	Fusarium	51	114152600	225000	0.001971	44022400	0.385645	113722184	836112	0.007352	0.395264	85	25
5507	Fusarium oxysporum	Fusarium	52	114161000	8400	7.4e-05	44023000	0.385622	114568296	846112	0.007385	0.392848	85	25
5507	Fusarium oxysporum	Fusarium	53	114168000	7000	6.1e-05	44023000	0.385598	115338184	769888	0.006675	0.39129	85	25
5507	Fusarium oxysporum	Fusarium	54	115190600	1022600	0.008877	44114600	0.38297	115999360	661176	0.0057	0.390282	85	25
5507	Fusarium oxysporum	Fusarium	55	116495400	1304800	0.0112	45419400	0.389881	116495400	496040	0.004258	0.389881	85	25
318829	Pyricularia oryzae	Pyricularia	1	16290800	16290800	1.0	13422200	0.823913	16261680	16261680	1.0	0.906266	3	25
318829	Pyricularia oryzae	Pyricularia	2	16290800	0	0.0	13422200	0.823913	17976256	1714576	0.09538	0.864279	3	25
318829	Pyricularia oryzae	Pyricularia	3	17589600	1298800	0.073839	14012200	0.796618	19207072	1230816	0.064081	0.836546	3	25
318829	Pyricularia oryzae	Pyricularia	4	20372400	2782800	0.136597	16454800	0.807701	19956776	749704	0.037566	0.816416	3	25
318829	Pyricularia oryzae	Pyricularia	5	20563200	190800	0.009279	16491800	0.802006	20414744	457968	0.022433	0.802789	3	25
318829	Pyricularia oryzae	Pyricularia	6	20899200	336000	0.016077	16633600	0.795896	20885984	471240	0.022562	0.791427	3	25
318829	Pyricularia oryzae	Pyricularia	7	21694000	794800	0.036637	16735600	0.771439	21160640	274656	0.01298	0.784927	3	25
318829	Pyricularia oryzae	Pyricularia	8	22005000	311000	0.014133	16772800	0.762227	21401136	240496	0.011238	0.778239	3	25
318829	Pyricularia oryzae	Pyricularia	9	22183800	178800	0.00806	16831400	0.758725	21632216	231080	0.010682	0.772107	3	25
318829	Pyricularia oryzae	Pyricularia	10	22299600	115800	0.005193	16859600	0.756049	21931456	299240	0.013644	0.763305	3	25
318829	Pyricularia oryzae	Pyricularia	11	22475800	176200	0.00784	16926800	0.753112	22110928	179472	0.008117	0.758398	3	25
318829	Pyricularia oryzae	Pyricularia	12	22570600	94800	0.0042	16938000	0.750445	22324544	213616	0.009569	0.752683	3	25
318829	Pyricularia oryzae	Pyricularia	13	22632800	62200	0.002748	16947600	0.748807	22428608	104064	0.00464	0.750598	3	25
318829	Pyricularia oryzae	Pyricularia	14	22732200	99400	0.004373	16952000	0.745726	22656240	227632	0.010047	0.74451	3	25
318829	Pyricularia oryzae	Pyricularia	15	22828200	96000	0.004205	16957800	0.742844	22767464	111224	0.004885	0.741717	3	25
318829	Pyricularia oryzae	Pyricularia	16	22918800	90600	0.003953	16975200	0.740667	22972208	204744	0.008913	0.736233	3	25
318829	Pyricularia oryzae	Pyricularia	17	22952600	33800	0.001473	16979000	0.739742	23096624	124416	0.005387	0.732922	3	25
318829	Pyricularia oryzae	Pyricularia	18	22984800	32200	0.001401	16979600	0.738732	23298720	202096	0.008674	0.727479	3	25
318829	Pyricularia oryzae	Pyricularia	19	22992600	7800	0.000339	16980000	0.738498	23372336	73616	0.00315	0.725541	3	25
318829	Pyricularia oryzae	Pyricularia	20	23013000	20400	0.000886	16981200	0.737896	23445592	73256	0.003125	0.723701	3	25
318829	Pyricularia oryzae	Pyricularia	21	23025200	12200	0.00053	16982400	0.737557	23514936	69344	0.002949	0.722094	3	25
318829	Pyricularia oryzae	Pyricularia	22	23030000	4800	0.000208	16982600	0.737412	23632376	117440	0.004969	0.719068	3	25
318829	Pyricularia oryzae	Pyricularia	23	23073200	43200	0.001872	16987600	0.736248	23690136	57760	0.002438	0.717631	3	25
318829	Pyricularia oryzae	Pyricularia	24	23087600	14400	0.000624	16989400	0.735867	23768080	77944	0.003279	0.715662	3	25
318829	Pyricularia oryzae	Pyricularia	25	23144400	56800	0.002454	16997200	0.734398	23877576	109496	0.004586	0.712911	3	25
318829	Pyricularia oryzae	Pyricularia	26	23209200	64800	0.002792	17006600	0.732753	23937280	59704	0.002494	0.711645	3	25
318829	Pyricularia oryzae	Pyricularia	27	23630200	421000	0.017816	17034000	0.720857	23969040	31760	0.001325	0.71089	3	25
318829	Pyricularia oryzae	Pyricularia	28	23654200	24000	0.001015	17035600	0.720193	24007632	38592	0.001607	0.709867	3	25
318829	Pyricularia oryzae	Pyricularia	29	23659400	5200	0.00022	17036400	0.720069	24142056	134424	0.005568	0.706442	3	25
318829	Pyricularia oryzae	Pyricularia	30	23671400	12000	0.000507	17037200	0.719738	24266240	124184	0.005118	0.703212	3	25
318829	Pyricularia oryzae	Pyricularia	31	23677600	6200	0.000262	17037600	0.719566	24309696	43456	0.001788	0.702218	3	25
318829	Pyricularia oryzae	Pyricularia	32	23687200	9600	0.000405	17038200	0.7193	24352976	43280	0.001777	0.701151	3	25
318829	Pyricularia oryzae	Pyricularia	33	23690600	3400	0.000144	17038200	0.719197	24441008	88032	0.003602	0.698974	3	25
318829	Pyricularia oryzae	Pyricularia	34	23693200	2600	0.00011	17038200	0.719118	24518400	77392	0.003156	0.696998	3	25
318829	Pyricularia oryzae	Pyricularia	35	23704400	11200	0.000472	17042400	0.718955	24558264	39864	0.001623	0.696109	3	25
318829	Pyricularia oryzae	Pyricularia	36	23711600	7200	0.000304	17042600	0.718745	24626288	68024	0.002762	0.694467	3	25
318829	Pyricularia oryzae	Pyricularia	37	23934000	222400	0.009292	17081200	0.713679	24726672	100384	0.00406	0.692008	3	25
318829	Pyricularia oryzae	Pyricularia	38	23971400	37400	0.00156	17084000	0.712683	24756472	29800	0.001204	0.691332	3	25
318829	Pyricularia oryzae	Pyricularia	39	23992600	21200	0.000884	17084000	0.712053	24801184	44712	0.001803	0.690325	3	25
318829	Pyricularia oryzae	Pyricularia	40	23995200	2600	0.000108	17084000	0.711976	24929152	127968	0.005133	0.687216	3	25
318829	Pyricularia oryzae	Pyricularia	41	24001600	6400	0.000267	17084600	0.711811	25003264	74112	0.002964	0.685428	3	25
318829	Pyricularia oryzae	Pyricularia	42	24005000	3400	0.000142	17084600	0.71171	25025392	22128	0.000884	0.684894	3	25
318829	Pyricularia oryzae	Pyricularia	43	24671000	666000	0.026995	17120000	0.693932	25082016	56624	0.002258	0.683577	3	25
318829	Pyricularia oryzae	Pyricularia	44	25154200	483200	0.01921	17154200	0.681962	25111392	29376	0.00117	0.682954	3	25
318829	Pyricularia oryzae	Pyricularia	45	25184400	30200	0.001199	17155800	0.681207	25184400	73008	0.002899	0.681207	3	25
5061	Aspergillus niger	Aspergillus	1	16418600	16418600	1.0	164600	0.010025	16665152	16665152	1.0	0.009829	3	25
5061	Aspergillus niger	Aspergillus	2	20461000	4042400	0.197566	180600	0.008827	22001032	5335880	0.242529	0.008295	3	25
5061	Aspergillus niger	Aspergillus	3	25489200	5028200	0.197268	191600	0.007517	25832016	3830984	0.148304	0.007478	3	25
5061	Aspergillus niger	Aspergillus	4	27330400	1841200	0.067368	195200	0.007142	27483832	1651816	0.060101	0.007151	3	25
5061	Aspergillus niger	Aspergillus	5	30202400	2872000	0.095092	199600	0.006609	29617456	2133624	0.072039	0.006802	3	25
5061	Aspergillus niger	Aspergillus	6	31251600	1049200	0.033573	200600	0.006419	31256960	1639504	0.052452	0.006541	3	25
5061	Aspergillus niger	Aspergillus	7	32539800	1288200	0.039588	202400	0.00622	32742952	1485992	0.045384	0.006346	3	25
5061	Aspergillus niger	Aspergillus	8	33799600	1259800	0.037273	204000	0.006036	34474656	1731704	0.050231	0.00614	3	25
5061	Aspergillus niger	Aspergillus	9	34768000	968400	0.027853	207000	0.005954	35249568	774912	0.021984	0.006042	3	25
5061	Aspergillus niger	Aspergillus	10	35710600	942600	0.026396	207400	0.005808	37331920	2082352	0.055779	0.005846	3	25
5061	Aspergillus niger	Aspergillus	11	36511200	800600	0.021928	208600	0.005713	37965112	633192	0.016678	0.005769	3	25
5061	Aspergillus niger	Aspergillus	12	36849400	338200	0.009178	209000	0.005672	38742400	777288	0.020063	0.005685	3	25
5061	Aspergillus niger	Aspergillus	13	37134600	285200	0.00768	209000	0.005628	39105048	362648	0.009274	0.005642	3	25
5061	Aspergillus niger	Aspergillus	14	37265800	131200	0.003521	209200	0.005614	40201992	1096944	0.027286	0.005546	3	25
5061	Aspergillus niger	Aspergillus	15	38188400	922600	0.024159	209600	0.005489	40547536	345544	0.008522	0.005509	3	25
5061	Aspergillus niger	Aspergillus	16	38201800	13400	0.000351	209600	0.005487	41083120	535584	0.013037	0.005448	3	25
5061	Aspergillus niger	Aspergillus	17	38392600	190800	0.00497	210800	0.005491	41504936	421816	0.010163	0.005405	3	25
5061	Aspergillus niger	Aspergillus	18	38573000	180400	0.004677	210800	0.005465	42661544	1156608	0.027111	0.005312	3	25
5061	Aspergillus niger	Aspergillus	19	38998800	425800	0.010918	211000	0.00541	43090624	429080	0.009958	0.005273	3	25
5061	Aspergillus niger	Aspergillus	20	39018800	20000	0.000513	211200	0.005413	43620248	529624	0.012142	0.005222	3	25
5061	Aspergillus niger	Aspergillus	21	39164600	145800	0.003723	211600	0.005403	43973952	353704	0.008043	0.005188	3	25
5061	Aspergillus niger	Aspergillus	22	39213000	48400	0.001234	211600	0.005396	45055784	1081832	0.024011	0.005123	3	25
5061	Aspergillus niger	Aspergillus	23	39292400	79400	0.002021	211600	0.005385	45474896	419112	0.009216	0.005084	3	25
5061	Aspergillus niger	Aspergillus	24	39397400	105000	0.002665	211600	0.005371	45733112	258216	0.005646	0.005063	3	25
5061	Aspergillus niger	Aspergillus	25	39424000	26600	0.000675	211600	0.005367	46604624	871512	0.0187	0.005012	3	25
5061	Aspergillus niger	Aspergillus	26	39445200	21200	0.000537	211600	0.005364	47540680	936056	0.01969	0.00496	3	25
5061	Aspergillus niger	Aspergillus	27	40944000	1498800	0.036606	212400	0.005188	47998296	457616	0.009534	0.004921	3	25
5061	Aspergillus niger	Aspergillus	28	40944000	0	0.0	212400	0.005188	48367160	368864	0.007626	0.004893	3	25
5061	Aspergillus niger	Aspergillus	29	40966400	22400	0.000547	212400	0.005185	48659360	292200	0.006005	0.004869	3	25
5061	Aspergillus niger	Aspergillus	30	40980800	14400	0.000351	212400	0.005183	48949640	290280	0.00593	0.004845	3	25
5061	Aspergillus niger	Aspergillus	31	41470400	489600	0.011806	212600	0.005127	49873224	923584	0.018519	0.004796	3	25
5061	Aspergillus niger	Aspergillus	32	41592200	121800	0.002928	212600	0.005112	50268904	395680	0.007871	0.004763	3	25
5061	Aspergillus niger	Aspergillus	33	56024200	14432000	0.257603	257200	0.004591	51042592	773688	0.015158	0.004728	3	25
5061	Aspergillus niger	Aspergillus	34	56399800	375600	0.00666	257200	0.00456	51356432	313840	0.006111	0.004706	3	25
5061	Aspergillus niger	Aspergillus	35	56444600	44800	0.000794	257200	0.004557	51455128	98696	0.001918	0.004699	3	25
5061	Aspergillus niger	Aspergillus	36	56467800	23200	0.000411	257200	0.004555	52773288	1318160	0.024978	0.004653	3	25
5061	Aspergillus niger	Aspergillus	37	56584200	116400	0.002057	257200	0.004545	54110136	1336848	0.024706	0.004606	3	25
5061	Aspergillus niger	Aspergillus	38	56588000	3800	6.7e-05	257200	0.004545	55452240	1342104	0.024203	0.004561	3	25
5061	Aspergillus niger	Aspergillus	39	56589200	1200	2.1e-05	257200	0.004545	56246320	794080	0.014118	0.004532	3	25
5061	Aspergillus niger	Aspergillus	40	56616000	26800	0.000473	257200	0.004543	56461904	215584	0.003818	0.004517	3	25
5061	Aspergillus niger	Aspergillus	41	57477600	861600	0.01499	257200	0.004475	57169944	708040	0.012385	0.004494	3	25
5061	Aspergillus niger	Aspergillus	42	57477600	0	0.0	257200	0.004475	57477600	307656	0.005353	0.004475	3	25
456999	Rhizoctonia solani	Rhizoctonia	1	15339000	15339000	1.0	0	0.0	14427840	14427840	1.0	0.0	0	25
456999	Rhizoctonia solani	Rhizoctonia	2	31307400	15968400	0.510052	0	0.0	27157312	12729472	0.468731	0.0	0	25
456999	Rhizoctonia solani	Rhizoctonia	3	37443200	6135800	0.16387	0	0.0	38960112	11802800	0.302946	0.0	0	25
456999	Rhizoctonia solani	Rhizoctonia	4	54101800	16658600	0.307912	0	0.0	50648928	11688816	0.230781	0.0	0	25
456999	Rhizoctonia solani	Rhizoctonia	5	71049800	16948000	0.238537	0	0.0	61348496	10699568	0.174406	0.0	0	25
456999	Rhizoctonia solani	Rhizoctonia	6	72387800	1338000	0.018484	0	0.0	71938712	10590216	0.147212	0.0	0	25
456999	Rhizoctonia solani	Rhizoctonia	7	77062200	4674400	0.060657	0	0.0	82195088	10256376	0.124781	0.0	0	25
456999	Rhizoctonia solani	Rhizoctonia	8	81734000	4671800	0.057159	0	0.0	90678544	8483456	0.093555	0.0	0	25
456999	Rhizoctonia solani	Rhizoctonia	9	81734000	0	0.0	0	0.0	100000576	9322032	0.09322	0.0	0	25
456999	Rhizoctonia solani	Rhizoctonia	10	99062200	17328200	0.174922	0	0.0	108243808	8243232	0.076154	0.0	0	25
456999	Rhizoctonia solani	Rhizoctonia	11	112835200	13773000	0.122063	0	0.0	114892320	6648512	0.057867	0.0	0	25
456999	Rhizoctonia solani	Rhizoctonia	12	127762200	14927000	0.116834	0	0.0	123038296	8145976	0.066207	0.0	0	25
456999	Rhizoctonia solani	Rhizoctonia	13	128923400	1161200	0.009007	0	0.0	129928952	6890656	0.053034	0.0	0	25
456999	Rhizoctonia solani	Rhizoctonia	14	133073200	4149800	0.031184	0	0.0	136677296	6748344	0.049374	0.0	0	25
456999	Rhizoctonia solani	Rhizoctonia	15	140010600	6937400	0.049549	0	0.0	146546936	9869640	0.067348	0.0	0	25
456999	Rhizoctonia solani	Rhizoctonia	16	153763200	13752600	0.08944	0	0.0	152038400	5491464	0.036119	0.0	0	25
456999	Rhizoctonia solani	Rhizoctonia	17	165268400	11505200	0.069615	0	0.0	158624864	6586464	0.041522	0.0	0	25
456999	Rhizoctonia solani	Rhizoctonia	18	166428600	1160200	0.006971	0	0.0	164974824	6349960	0.03849	0.0	0	25
456999	Rhizoctonia solani	Rhizoctonia	19	177156400	10727800	0.060556	0	0.0	170603600	5628776	0.032993	0.0	0	25
456999	Rhizoctonia solani	Rhizoctonia	20	180370800	3214400	0.017821	0	0.0	177464536	6860936	0.038661	0.0	0	25
456999	Rhizoctonia solani	Rhizoctonia	21	191419600	11048800	0.05772	0	0.0	183369376	5904840	0.032202	0.0	0	25
456999	Rhizoctonia solani	Rhizoctonia	22	193561000	2141400	0.011063	0	0.0	192421648	9052272	0.047044	0.0	0	25
456999	Rhizoctonia solani	Rhizoctonia	23	196410200	2849200	0.014506	0	0.0	197421544	4999896	0.025326	0.0	0	25
456999	Rhizoctonia solani	Rhizoctonia	24	199245600	2835400	0.014231	0	0.0	201466224	4044680	0.020076	0.0	0	25
456999	Rhizoctonia solani	Rhizoctonia	25	207335800	8090200	0.03902	0	0.0	207335800	5869576	0.02831	0.0	0	25
45151	Pyrenophora tritici-repentis	Pyrenophora	1	16939200	16939200	1.0	2033000	0.120017	15579576	15579576	1.0	0.121276	2	25
45151	Pyrenophora tritici-repentis	Pyrenophora	2	18108800	1169600	0.064587	2082800	0.115016	16825056	1245480	0.074025	0.117737	2	25
45151	Pyrenophora tritici-repentis	Pyrenophora	3	18311600	202800	0.011075	2091400	0.114212	17390376	565320	0.032508	0.115961	2	25
45151	Pyrenophora tritici-repentis	Pyrenophora	4	18865800	554200	0.029376	2115200	0.112118	17938520	548144	0.030557	0.114148	2	25
45151	Pyrenophora tritici-repentis	Pyrenophora	5	19033200	167400	0.008795	2119800	0.111374	18293688	355168	0.019415	0.112915	2	25
45151	Pyrenophora tritici-repentis	Pyrenophora	6	19118800	85600	0.004477	2121800	0.11098	18557632	263944	0.014223	0.111939	2	25
45151	Pyrenophora tritici-repentis	Pyrenophora	7	19317400	198600	0.010281	2127000	0.110108	18846416	288784	0.015323	0.110977	2	25
45151	Pyrenophora tritici-repentis	Pyrenophora	8	19817800	500400	0.02525	2139200	0.107943	19147928	301512	0.015746	0.109976	2	25
45151	Pyrenophora tritici-repentis	Pyrenophora	9	19817800	0	0.0	2139200	0.107943	19397000	249072	0.012841	0.109103	2	25
45151	Pyrenophora tritici-repentis	Pyrenophora	10	19886800	69000	0.00347	2140400	0.107629	19538032	141032	0.007218	0.108464	2	25
45151	Pyrenophora tritici-repentis	Pyrenophora	11	19954000	67200	0.003368	2141200	0.107307	19815584	277552	0.014007	0.107722	2	25
45151	Pyrenophora tritici-repentis	Pyrenophora	12	19995000	41000	0.002051	2142200	0.107137	19951344	135760	0.006805	0.107267	2	25
45151	Pyrenophora tritici-repentis	Pyrenophora	13	20040600	45600	0.002275	2142600	0.106913	20111672	160328	0.007972	0.106706	2	25
45151	Pyrenophora tritici-repentis	Pyrenophora	14	20105800	65200	0.003243	2143800	0.106626	20304312	192640	0.009488	0.106113	2	25
45151	Pyrenophora tritici-repentis	Pyrenophora	15	20144400	38600	0.001916	2144000	0.106432	20449320	145008	0.007091	0.105548	2	25
45151	Pyrenophora tritici-repentis	Pyrenophora	16	20171600	27200	0.001348	2144000	0.106288	20594912	145592	0.007069	0.105052	2	25
45151	Pyrenophora tritici-repentis	Pyrenophora	17	20198000	26400	0.001307	2144200	0.106159	20842208	247296	0.011865	0.10428	2	25
45151	Pyrenophora tritici-repentis	Pyrenophora	18	20209400	11400	0.000564	2144200	0.106099	20986376	144168	0.00687	0.10384	2	25
45151	Pyrenophora tritici-repentis	Pyrenophora	19	21048200	838800	0.039851	2182000	0.103667	21058144	71768	0.003408	0.103545	2	25
45151	Pyrenophora tritici-repentis	Pyrenophora	20	21083000	34800	0.001651	2182200	0.103505	21181672	123528	0.005832	0.103145	2	25
45151	Pyrenophora tritici-repentis	Pyrenophora	21	21131000	48000	0.002272	2182600	0.103289	21285936	104264	0.004898	0.102717	2	25
45151	Pyrenophora tritici-repentis	Pyrenophora	22	21227600	96600	0.004551	2184400	0.102904	21398368	112432	0.005254	0.102249	2	25
45151	Pyrenophora tritici-repentis	Pyrenophora	23	21412200	184600	0.008621	2190200	0.102287	21510840	112472	0.005229	0.101839	2	25
45151	Pyrenophora tritici-repentis	Pyrenophora	24	21570800	158600	0.007353	2191600	0.1016	21570800	59960	0.00278	0.1016	2	25
5127	Fusarium fujikuroi	Fusarium	1	21859400	21859400	1.0	16906400	0.773416	20862160	20862160	1.0	0.774438	85	25
5127	Fusarium fujikuroi	Fusarium	2	25961400	4102000	0.158004	19058200	0.734098	23562320	2700160	0.114597	0.74928	85	25
5127	Fusarium fujikuroi	Fusarium	3	27470600	1509200	0.054939	19639400	0.714924	24904176	1341856	0.053881	0.733321	85	25
5127	Fusarium fujikuroi	Fusarium	4	27892400	421800	0.015122	19777200	0.709053	26022920	1118744	0.042991	0.720451	85	25
5127	Fusarium fujikuroi	Fusarium	5	28069200	176800	0.006299	19842400	0.70691	26626944	604024	0.022685	0.71227	85	25
5127	Fusarium fujikuroi	Fusarium	6	28069200	0	0.0	19842400	0.70691	27128912	501968	0.018503	0.705717	85	25
5127	Fusarium fujikuroi	Fusarium	7	28459800	390600	0.013725	19971200	0.701734	27961688	832776	0.029783	0.697342	85	25
5127	Fusarium fujikuroi	Fusarium	8	28841000	381200	0.013217	20079400	0.69621	28440880	479192	0.016849	0.692058	85	25
5127	Fusarium fujikuroi	Fusarium	9	28978400	137400	0.004741	20106200	0.693834	29002240	561360	0.019356	0.685494	85	25
5127	Fusarium fujikuroi	Fusarium	10	29655400	677000	0.022829	20281600	0.683909	29560296	558056	0.018879	0.680313	85	25
5127	Fusarium fujikuroi	Fusarium	11	29842400	187000	0.006266	20311800	0.680636	29958520	398224	0.013293	0.675613	85	25
5127	Fusarium fujikuroi	Fusarium	12	31348600	1506200	0.048047	20858600	0.665376	30238400	279880	0.009256	0.672111	85	25
5127	Fusarium fujikuroi	Fusarium	13	31486200	137600	0.00437	20882000	0.663211	30766088	527688	0.017152	0.667641	85	25
5127	Fusarium fujikuroi	Fusarium	14	31521400	35200	0.001117	20884600	0.662553	31224064	457976	0.014667	0.662829	85	25
5127	Fusarium fujikuroi	Fusarium	15	31776200	254800	0.008019	20961200	0.659651	31448320	224256	0.007131	0.660144	85	25
5127	Fusarium fujikuroi	Fusarium	16	31819000	42800	0.001345	20964600	0.65887	31670712	222392	0.007022	0.65741	85	25
5127	Fusarium fujikuroi	Fusarium	17	32084000	265000	0.00826	20972000	0.653659	31883720	213008	0.006681	0.654925	85	25
5127	Fusarium fujikuroi	Fusarium	18	32166200	82200	0.002555	20978000	0.652175	32166200	282480	0.008782	0.652175	85	25
29920	Phytophthora cactorum	Phytophthora	1	25628200	25628200	1.0	18811600	0.73402	25702440	25702440	1.0	0.716035	18	25
29920	Phytophthora cactorum	Phytophthora	2	29024200	3396000	0.117006	19787600	0.681762	28787272	3084832	0.10716	0.680013	18	25
29920	Phytophthora cactorum	Phytophthora	3	30068400	1044200	0.034727	19944800	0.663314	30038344	1251072	0.041649	0.661309	18	25
29920	Phytophthora cactorum	Phytophthora	4	30657800	589400	0.019225	20014400	0.652832	30964048	925704	0.029896	0.647284	18	25
29920	Phytophthora cactorum	Phytophthora	5	30880800	223000	0.007221	20040400	0.64896	31804352	840304	0.026421	0.634679	18	25
29920	Phytophthora cactorum	Phytophthora	6	31075400	194600	0.006262	20066600	0.645739	32385728	581376	0.017952	0.626559	18	25
29920	Phytophthora cactorum	Phytophthora	7	31223000	147600	0.004727	20078600	0.643071	32856560	470832	0.01433	0.619595	18	25
29920	Phytophthora cactorum	Phytophthora	8	31426400	203400	0.006472	20097800	0.63952	33240984	384424	0.011565	0.614361	18	25
29920	Phytophthora cactorum	Phytophthora	9	31578600	152200	0.00482	20115800	0.637007	33656712	415728	0.012352	0.60873	18	25
29920	Phytophthora cactorum	Phytophthora	10	31951600	373000	0.011674	20303400	0.635442	34136360	479648	0.014051	0.602096	18	25
29920	Phytophthora cactorum	Phytophthora	11	32172200	220600	0.006857	20319800	0.631595	34688928	552568	0.015929	0.593578	18	25
29920	Phytophthora cactorum	Phytophthora	12	32379800	207600	0.006411	20393000	0.629806	35182640	493712	0.014033	0.587051	18	25
29920	Phytophthora cactorum	Phytophthora	13	32442400	62600	0.00193	20397200	0.62872	35725128	542488	0.015185	0.579261	18	25
29920	Phytophthora cactorum	Phytophthora	14	35132200	2689800	0.076562	20417200	0.581153	35996880	271752	0.007549	0.575486	18	25
29920	Phytophthora cactorum	Phytophthora	15	35495200	363000	0.010227	20493400	0.577357	36253280	256400	0.007072	0.571844	18	25
29920	Phytophthora cactorum	Phytophthora	16	35799200	304000	0.008492	20515800	0.57308	36511800	258520	0.00708	0.56823	18	25
29920	Phytophthora cactorum	Phytophthora	17	35957400	158200	0.0044	20522800	0.570753	36887464	375664	0.010184	0.56367	18	25
29920	Phytophthora cactorum	Phytophthora	18	37194600	1237200	0.033263	20827600	0.559963	37194600	307136	0.008258	0.559963	18	25
1051616	Verticillium nonalfalfae	Verticillium	1	13050600	13050600	1.0	9217600	0.706297	13165432	13165432	1.0	0.703166	4	25
1051616	Verticillium nonalfalfae	Verticillium	2	13380000	329400	0.024619	9412000	0.703438	13538072	372640	0.027525	0.700475	4	25
1051616	Verticillium nonalfalfae	Verticillium	3	13469000	89000	0.006608	9457600	0.702175	13763424	225352	0.016373	0.697698	4	25
1051616	Verticillium nonalfalfae	Verticillium	4	13511800	42800	0.003168	9473400	0.701121	13909744	146320	0.010519	0.695561	4	25
1051616	Verticillium nonalfalfae	Verticillium	5	13600000	88200	0.006485	9534200	0.701044	14209168	299424	0.021073	0.691754	4	25
1051616	Verticillium nonalfalfae	Verticillium	6	13640800	40800	0.002991	9552800	0.700311	14347616	138448	0.00965	0.690025	4	25
1051616	Verticillium nonalfalfae	Verticillium	7	13667000	26200	0.001917	9563800	0.699773	14422856	75240	0.005217	0.689027	4	25
1051616	Verticillium nonalfalfae	Verticillium	8	13688400	21400	0.001563	9571000	0.699205	14450256	27400	0.001896	0.688483	4	25
1051616	Verticillium nonalfalfae	Verticillium	9	13726000	37600	0.002739	9584400	0.698266	14559808	109552	0.007524	0.687157	4	25
1051616	Verticillium nonalfalfae	Verticillium	10	13746800	20800	0.001513	9593000	0.697835	14667128	107320	0.007317	0.685777	4	25
1051616	Verticillium nonalfalfae	Verticillium	11	13778000	31200	0.002264	9604000	0.697053	14688504	21376	0.001455	0.685402	4	25
1051616	Verticillium nonalfalfae	Verticillium	12	13804000	26000	0.001884	9617400	0.696711	14839024	150520	0.010144	0.683767	4	25
1051616	Verticillium nonalfalfae	Verticillium	13	13822600	18600	0.001346	9626800	0.696454	14852512	13488	0.000908	0.683526	4	25
1051616	Verticillium nonalfalfae	Verticillium	14	13877400	54800	0.003949	9641200	0.694741	14909552	57040	0.003826	0.682711	4	25
1051616	Verticillium nonalfalfae	Verticillium	15	13927600	50200	0.003604	9665000	0.693946	14963336	53784	0.003594	0.682052	4	25
1051616	Verticillium nonalfalfae	Verticillium	16	14987400	1059800	0.070713	10215600	0.681613	14974704	11368	0.000759	0.681884	4	25
1051616	Verticillium nonalfalfae	Verticillium	17	14987400	0	0.0	10215600	0.681613	14987400	12696	0.000847	0.681613	4	25
5518	Fusarium graminearum	Fusarium	1	18703800	18703800	1.0	14196000	0.75899	18246224	18246224	1.0	0.766309	85	25
5518	Fusarium graminearum	Fusarium	2	20592600	1888800	0.091722	14874600	0.722327	20350400	2104176	0.103397	0.727589	85	25
5518	Fusarium graminearum	Fusarium	3	21355000	762400	0.035701	15085000	0.706392	21491720	1141320	0.053105	0.703533	85	25
5518	Fusarium graminearum	Fusarium	4	22617800	1262800	0.055832	15408200	0.681242	22269824	778104	0.03494	0.686385	85	25
5518	Fusarium graminearum	Fusarium	5	22984600	366800	0.015959	15495600	0.674173	22954992	685168	0.029848	0.672016	85	25
5518	Fusarium graminearum	Fusarium	6	23455600	471000	0.02008	15573400	0.663952	23575888	620896	0.026336	0.659037	85	25
5518	Fusarium graminearum	Fusarium	7	23965200	509600	0.021264	15676800	0.654149	24023368	447480	0.018627	0.650133	85	25
5518	Fusarium graminearum	Fusarium	8	24342800	377600	0.015512	15723800	0.645932	24430440	407072	0.016662	0.641666	85	25
5518	Fusarium graminearum	Fusarium	9	24658400	315600	0.012799	15772600	0.639644	24778560	348120	0.014049	0.634539	85	25
5518	Fusarium graminearum	Fusarium	10	24837400	179000	0.007207	15802000	0.636218	25110456	331896	0.013217	0.628244	85	25
5518	Fusarium graminearum	Fusarium	11	25336800	499400	0.01971	15852400	0.625667	25380152	269696	0.010626	0.623115	85	25
5518	Fusarium graminearum	Fusarium	12	25798800	462000	0.017908	15889800	0.615912	25736680	356528	0.013853	0.6165	85	25
5518	Fusarium graminearum	Fusarium	13	26149000	350200	0.013392	15947000	0.609851	26045032	308352	0.011839	0.610966	85	25
5518	Fusarium graminearum	Fusarium	14	26248800	99800	0.003802	15955200	0.607845	26262400	217368	0.008277	0.607152	85	25
5518	Fusarium graminearum	Fusarium	15	26248800	0	0.0	15955200	0.607845	26540912	278512	0.010494	0.602401	85	25
5518	Fusarium graminearum	Fusarium	16	26759200	510400	0.019074	16013400	0.598426	26759200	218288	0.008157	0.598426	85	25
5523	Fusarium lateritium	Fusarium	1	17357400	17357400	1.0	3804000	0.219157	17034384	17034384	1.0	0.396386	85	25
5523	Fusarium lateritium	Fusarium	2	19538600	2181200	0.111635	4008200	0.205143	29249696	12215312	0.417622	0.483506	85	25
5523	Fusarium lateritium	Fusarium	3	36588800	17050200	0.465995	20453400	0.559007	36313224	7063528	0.194517	0.45032	85	25
5523	Fusarium lateritium	Fusarium	4	38081000	1492200	0.039185	20595200	0.540826	45345728	9032504	0.199192	0.421892	85	25
5523	Fusarium lateritium	Fusarium	5	48830400	10749400	0.220137	31243000	0.639827	55371488	10025760	0.181064	0.392459	85	25
5523	Fusarium lateritium	Fusarium	6	49724200	893800	0.017975	31312400	0.629722	63632704	8261216	0.129827	0.392173	85	25
5523	Fusarium lateritium	Fusarium	7	60120000	10395800	0.172917	32440400	0.539594	70365072	6732368	0.095678	0.393261	85	25
5523	Fusarium lateritium	Fusarium	8	60746400	626400	0.010312	32478200	0.534652	75808808	5443736	0.071809	0.385288	85	25
5523	Fusarium lateritium	Fusarium	9	61204800	458400	0.00749	32507000	0.531118	82894472	7085664	0.085478	0.376851	85	25
5523	Fusarium lateritium	Fusarium	10	61609800	405000	0.006574	32528000	0.527968	90392680	7498208	0.082951	0.37808	85	25
5523	Fusarium lateritium	Fusarium	11	62748200	1138400	0.018142	33244200	0.529803	96966752	6574072	0.067797	0.374348	85	25
5523	Fusarium lateritium	Fusarium	12	81509800	18761600	0.230176	35638600	0.437231	101221096	4254344	0.04203	0.370499	85	25
5523	Fusarium lateritium	Fusarium	13	82341800	832000	0.010104	35714600	0.433736	105725712	4504616	0.042607	0.371161	85	25
5523	Fusarium lateritium	Fusarium	14	97751000	15409200	0.157637	38091000	0.389674	110470896	4745184	0.042954	0.371832	85	25
5523	Fusarium lateritium	Fusarium	15	116042800	18291800	0.15763	42179200	0.36348	116042800	5571904	0.048016	0.36348	85	25
1715230	Fusarium cf. solani	Fusarium	1	21069000	21069000	1.0	19593200	0.929954	19566656	19566656	1.0	0.884571	85	25
1715230	Fusarium cf. solani	Fusarium	2	22397000	1328000	0.059294	20688200	0.923704	26732080	7165424	0.268046	0.874359	85	25
1715230	Fusarium cf. solani	Fusarium	3	22662400	265400	0.011711	20892600	0.921906	34966568	8234488	0.235496	0.799074	85	25
1715230	Fusarium cf. solani	Fusarium	4	29869800	7207400	0.241294	27132000	0.908342	39965072	4998504	0.125072	0.771118	85	25
1715230	Fusarium cf. solani	Fusarium	5	30159600	289800	0.009609	27379200	0.90781	43387024	3421952	0.07887	0.759411	85	25
1715230	Fusarium cf. solani	Fusarium	6	34732200	4572600	0.131653	31001000	0.892572	46556688	3169664	0.068082	0.747264	85	25
1715230	Fusarium cf. solani	Fusarium	7	34915800	183600	0.005258	31133800	0.891682	50517776	3961088	0.07841	0.72718	85	25
1715230	Fusarium cf. solani	Fusarium	8	35094200	178400	0.005083	31261000	0.890774	53769664	3251888	0.060478	0.712234	85	25
1715230	Fusarium cf. solani	Fusarium	9	49112400	14018200	0.285431	36710600	0.747481	55474752	1705088	0.030736	0.707766	85	25
1715230	Fusarium cf. solani	Fusarium	10	51884400	2772000	0.053426	37304200	0.718987	57129480	1654728	0.028965	0.700856	85	25
1715230	Fusarium cf. solani	Fusarium	11	54140400	2256000	0.041669	38939400	0.71923	58541488	1412008	0.02412	0.696744	85	25
1715230	Fusarium cf. solani	Fusarium	12	62740400	8600000	0.137073	42504200	0.677461	61129936	2588448	0.042343	0.684598	85	25
1715230	Fusarium cf. solani	Fusarium	13	63171800	431400	0.006829	42660200	0.675304	62287480	1157544	0.018584	0.679254	85	25
1715230	Fusarium cf. solani	Fusarium	14	63232400	60600	0.000958	42678200	0.674942	63232400	944920	0.014944	0.674942	85	25
5059	Aspergillus flavus	Aspergillus	1	18375000	18375000	1.0	44800	0.002438	18251768	18251768	1.0	0.002469	3	25
5059	Aspergillus flavus	Aspergillus	2	19930600	1555600	0.078051	45600	0.002288	20677328	2425560	0.117305	0.002286	3	25
5059	Aspergillus flavus	Aspergillus	3	22088400	2157800	0.097689	48000	0.002173	22010896	1333568	0.060587	0.002195	3	25
5059	Aspergillus flavus	Aspergillus	4	22277600	189200	0.008493	48600	0.002182	22912824	901928	0.039363	0.002131	3	25
5059	Aspergillus flavus	Aspergillus	5	23268600	991000	0.04259	49000	0.002106	23658968	746144	0.031537	0.002098	3	25
5059	Aspergillus flavus	Aspergillus	6	23565000	296400	0.012578	49200	0.002088	24445160	786192	0.032161	0.002064	3	25
5059	Aspergillus flavus	Aspergillus	7	24627800	1062800	0.043154	49800	0.002022	25033640	588480	0.023508	0.002045	3	25
5059	Aspergillus flavus	Aspergillus	8	24627800	0	0.0	49800	0.002022	25371720	338080	0.013325	0.002021	3	25
5059	Aspergillus flavus	Aspergillus	9	25190400	562600	0.022334	50000	0.001985	25700448	328728	0.012791	0.00201	3	25
5059	Aspergillus flavus	Aspergillus	10	25238800	48400	0.001918	50000	0.001981	25971272	270824	0.010428	0.001997	3	25
5059	Aspergillus flavus	Aspergillus	11	25238800	0	0.0	50000	0.001981	26304576	333304	0.012671	0.001987	3	25
5059	Aspergillus flavus	Aspergillus	12	25752400	513600	0.019944	50400	0.001957	26631312	326736	0.012269	0.001974	3	25
5059	Aspergillus flavus	Aspergillus	13	27000400	1248000	0.046222	53000	0.001963	27000400	369088	0.01367	0.001963	3	25
40559	Botrytis cinerea	Botrytis	1	17123600	17123600	1.0	3407000	0.198965	16610672	16610672	1.0	0.199613	6	25
40559	Botrytis cinerea	Botrytis	2	17123600	0	0.0	3407000	0.198965	19224408	2613736	0.135959	0.184291	6	25
40559	Botrytis cinerea	Botrytis	3	18873600	1750000	0.092722	3533200	0.187203	20600224	1375816	0.066786	0.176184	6	25
40559	Botrytis cinerea	Botrytis	4	20225600	1352000	0.066846	3631400	0.179545	21750024	1149800	0.052864	0.16995	6	25
40559	Botrytis cinerea	Botrytis	5	21913200	1687600	0.077013	3732400	0.170327	22450720	700696	0.03121	0.166029	6	25
40559	Botrytis cinerea	Botrytis	6	22269600	356400	0.016004	3743000	0.168077	23243560	792840	0.03411	0.161908	6	25
40559	Botrytis cinerea	Botrytis	7	22675800	406200	0.017913	3756400	0.165657	23832416	588856	0.024708	0.158856	6	25
40559	Botrytis cinerea	Botrytis	8	23900400	1224600	0.051238	3806400	0.159261	24476736	644320	0.026324	0.155745	6	25
40559	Botrytis cinerea	Botrytis	9	24608000	707600	0.028755	3836600	0.155909	24990920	514184	0.020575	0.153309	6	25
40559	Botrytis cinerea	Botrytis	10	24830800	222800	0.008973	3841000	0.154687	25394192	403272	0.01588	0.151459	6	25
40559	Botrytis cinerea	Botrytis	11	25158600	327800	0.013029	3866400	0.153681	25868776	474584	0.018346	0.149271	6	25
40559	Botrytis cinerea	Botrytis	12	26376400	1217800	0.04617	3878400	0.147041	26376400	507624	0.019245	0.147041	6	25
27337	Verticillium dahliae	Verticillium	1	16560200	16560200	1.0	13773000	0.831693	13791080	13791080	1.0	0.914884	4	25
27337	Verticillium dahliae	Verticillium	2	17941200	1381000	0.076974	14611200	0.814394	15877704	2086624	0.131418	0.876473	4	25
27337	Verticillium dahliae	Verticillium	3	18269400	328200	0.017964	14748000	0.807251	16966928	1089224	0.064197	0.850068	4	25
27337	Verticillium dahliae	Verticillium	4	18302200	32800	0.001792	14755600	0.80622	17360120	393192	0.022649	0.840844	4	25
27337	Verticillium dahliae	Verticillium	5	18401000	98800	0.005369	14778000	0.803109	18067264	707144	0.03914	0.822184	4	25
27337	Verticillium dahliae	Verticillium	6	18448200	47200	0.002559	14782000	0.801271	18478064	410800	0.022232	0.811245	4	25
27337	Verticillium dahliae	Verticillium	7	18620000	171800	0.009227	14830800	0.796498	19036784	558720	0.029349	0.797965	4	25
27337	Verticillium dahliae	Verticillium	8	19000000	380000	0.02	14904800	0.784463	19368024	331240	0.017102	0.789465	4	25
27337	Verticillium dahliae	Verticillium	9	19000000	0	0.0	14904800	0.784463	19521920	153896	0.007883	0.785473	4	25
27337	Verticillium dahliae	Verticillium	10	19837800	837800	0.042233	15405000	0.776548	19820736	298816	0.015076	0.777304	4	25
27337	Verticillium dahliae	Verticillium	11	20159800	322000	0.015972	15464000	0.767071	20159800	339064	0.016819	0.767071	4	25
948311	Fusarium proliferatum	Fusarium	1	22535400	22535400	1.0	19056600	0.84563	21554680	21554680	1.0	0.847052	85	25
948311	Fusarium proliferatum	Fusarium	2	22535400	0	0.0	19056600	0.84563	27755216	6200536	0.223401	0.804128	85	25
948311	Fusarium proliferatum	Fusarium	3	27654400	5119000	0.185106	22160200	0.801326	33154136	5398920	0.162843	0.767106	85	25
948311	Fusarium proliferatum	Fusarium	4	32179400	4525000	0.140618	24192800	0.75181	36452800	3298664	0.090491	0.744803	85	25
948311	Fusarium proliferatum	Fusarium	5	34300600	2121200	0.061841	24979800	0.728261	38580768	2127968	0.055156	0.728426	85	25
948311	Fusarium proliferatum	Fusarium	6	36589600	2289000	0.062559	25787800	0.704785	41781480	3200712	0.076606	0.713776	85	25
948311	Fusarium proliferatum	Fusarium	7	37676600	1087000	0.028851	26170400	0.694606	44948184	3166704	0.070452	0.699481	85	25
948311	Fusarium proliferatum	Fusarium	8	39860400	2183800	0.054786	27351000	0.68617	47773384	2825200	0.059138	0.690203	85	25
948311	Fusarium proliferatum	Fusarium	9	50227200	10366800	0.206398	34185000	0.680607	50227200	2453816	0.048854	0.680607	85	25
53985	Phytophthora fragariae	Phytophthora	1	29975000	29975000	1.0	21496000	0.717131	29468552	29468552	1.0	0.719726	18	25
53985	Phytophthora fragariae	Phytophthora	2	31567800	1592800	0.050456	22207600	0.703489	32469328	3000776	0.092419	0.692752	18	25
53985	Phytophthora fragariae	Phytophthora	3	32414000	846200	0.026106	22521200	0.694799	33810400	1341072	0.039664	0.679128	18	25
53985	Phytophthora fragariae	Phytophthora	4	33724800	1310800	0.038868	22951800	0.680561	34715736	905336	0.026079	0.669768	18	25
53985	Phytophthora fragariae	Phytophthora	5	36137400	2412600	0.066762	23701800	0.65588	35385272	669536	0.018921	0.66253	18	25
53985	Phytophthora fragariae	Phytophthora	6	36727400	590000	0.016064	23830000	0.648834	36031616	646344	0.017938	0.655531	18	25
53985	Phytophthora fragariae	Phytophthora	7	36971000	243600	0.006589	23885800	0.646069	36579152	547536	0.014969	0.649523	18	25
53985	Phytophthora fragariae	Phytophthora	8	37409400	438400	0.011719	23974000	0.640855	36942176	363024	0.009827	0.645558	18	25
53985	Phytophthora fragariae	Phytophthora	9	37602800	193400	0.005143	24012400	0.63858	37602800	660624	0.017568	0.63858	18	25
5516	Fusarium culmorum	Fusarium	1	16473600	16473600	1.0	11705800	0.710579	16412848	16412848	1.0	0.709317	85	25
5516	Fusarium culmorum	Fusarium	2	17467400	993800	0.056895	12103600	0.692925	17755680	1342832	0.075628	0.689499	85	25
5516	Fusarium culmorum	Fusarium	3	17963200	495800	0.027601	12276200	0.683408	18587944	832264	0.044774	0.676503	85	25
5516	Fusarium culmorum	Fusarium	4	18276400	313200	0.017137	12383400	0.677562	19113096	525152	0.027476	0.667942	85	25
5516	Fusarium culmorum	Fusarium	5	18889200	612800	0.032442	12566800	0.66529	19515664	402568	0.020628	0.661249	85	25
5516	Fusarium culmorum	Fusarium	6	19089800	200600	0.010508	12613400	0.66074	19834840	319176	0.016092	0.656082	85	25
5516	Fusarium culmorum	Fusarium	7	19199200	109400	0.005698	12641600	0.658444	20094304	259464	0.012912	0.652011	85	25
5516	Fusarium culmorum	Fusarium	8	20455200	1256000	0.061402	13246400	0.647581	20455200	360896	0.017643	0.647581	85	25
4792	Phytophthora nicotianae	Phytophthora	1	21366800	21366800	1.0	1227600	0.057454	23503064	23503064	1.0	0.054181	18	25
4792	Phytophthora nicotianae	Phytophthora	2	27794000	6427200	0.231244	1416600	0.050968	27984256	4481192	0.160133	0.050215	18	25
4792	Phytophthora nicotianae	Phytophthora	3	29846200	2052200	0.068759	1442200	0.048321	29695352	1711096	0.057622	0.048411	18	25
4792	Phytophthora nicotianae	Phytophthora	4	31231400	1385200	0.044353	1459600	0.046735	31131400	1436048	0.046129	0.046955	18	25
4792	Phytophthora nicotianae	Phytophthora	5	31791000	559600	0.017602	1465200	0.046089	32160624	1029224	0.032003	0.045923	18	25
4792	Phytophthora nicotianae	Phytophthora	6	33772600	1981600	0.058675	1495800	0.04429	33049592	888968	0.026898	0.04503	18	25
4792	Phytophthora nicotianae	Phytophthora	7	33772600	0	0.0	1495800	0.04429	33686120	636528	0.018896	0.044409	18	25
4792	Phytophthora nicotianae	Phytophthora	8	34265000	492400	0.01437	1501800	0.043829	34265000	578880	0.016894	0.043829	18	25
3469074	[Neocosmospora] sp. B6999-1	[Neocosmospora]	1	21294400	21294400	1.0	18500800	0.868811	21057832	21057832	1.0	0.869231	4	25
3469074	[Neocosmospora] sp. B6999-1	[Neocosmospora]	2	22078600	784200	0.035519	19079200	0.864149	21913528	855696	0.039049	0.864291	4	25
3469074	[Neocosmospora] sp. B6999-1	[Neocosmospora]	3	22376000	297400	0.013291	19270400	0.861208	22269840	356312	0.016	0.861141	4	25
3469074	[Neocosmospora] sp. B6999-1	[Neocosmospora]	4	22561200	185200	0.008209	19374000	0.858731	22500480	230640	0.01025	0.858783	4	25
3469074	[Neocosmospora] sp. B6999-1	[Neocosmospora]	5	22706000	144800	0.006377	19450200	0.856611	22666064	165584	0.007305	0.856958	4	25
3469074	[Neocosmospora] sp. B6999-1	[Neocosmospora]	6	22801400	95400	0.004184	19498000	0.855123	22783760	117696	0.005166	0.855369	4	25
3469074	[Neocosmospora] sp. B6999-1	[Neocosmospora]	7	22883200	81800	0.003575	19543200	0.854041	22883200	99440	0.004346	0.854041	4	25
3469077	[Neocosmospora] sp. B6999-4	[Neocosmospora]	1	22591200	22591200	1.0	19068400	0.844063	22482608	22482608	1.0	0.843906	4	25
3469077	[Neocosmospora] sp. B6999-4	[Neocosmospora]	2	23181600	590400	0.025468	19414200	0.837483	23160880	678272	0.029285	0.837353	4	25
3469077	[Neocosmospora] sp. B6999-4	[Neocosmospora]	3	23417800	236200	0.010086	19534400	0.834169	23455936	295056	0.012579	0.833319	4	25
3469077	[Neocosmospora] sp. B6999-4	[Neocosmospora]	4	23579800	162000	0.00687	19599200	0.831186	23625416	169480	0.007174	0.830522	4	25
3469077	[Neocosmospora] sp. B6999-4	[Neocosmospora]	5	23730400	150600	0.006346	19664000	0.828642	23735464	110048	0.004636	0.828544	4	25
3469077	[Neocosmospora] sp. B6999-4	[Neocosmospora]	6	23827200	96800	0.004063	19701600	0.826853	23817992	82528	0.003465	0.826962	4	25
3469077	[Neocosmospora] sp. B6999-4	[Neocosmospora]	7	23885800	58600	0.002453	19721000	0.825637	23885800	67808	0.002839	0.825637	4	25
5016	Bipolaris maydis	Bipolaris	1	16234600	16234600	1.0	4254600	0.26207	16435656	16435656	1.0	0.259158	5	25
5016	Bipolaris maydis	Bipolaris	2	16234800	200	1.2e-05	4254600	0.262067	17138536	702880	0.041012	0.254276	5	25
5016	Bipolaris maydis	Bipolaris	3	16580400	345600	0.020844	4301400	0.259427	17574928	436392	0.02483	0.251293	5	25
5016	Bipolaris maydis	Bipolaris	4	18016800	1436400	0.079726	4467400	0.247957	17942176	367248	0.020468	0.248354	5	25
5016	Bipolaris maydis	Bipolaris	5	18173600	156800	0.008628	4478800	0.246445	18030072	87896	0.004875	0.247628	5	25
5016	Bipolaris maydis	Bipolaris	6	18173600	0	0.0	4478800	0.246445	18276384	246312	0.013477	0.245702	5	25
5016	Bipolaris maydis	Bipolaris	7	18342200	168600	0.009192	4497400	0.245194	18342200	65816	0.003588	0.245194	5	25
27350	Puccinia striiformis	Puccinia	1	19081400	19081400	1.0	49000	0.002568	17474720	17474720	1.0	0.002651	3	25
27350	Puccinia striiformis	Puccinia	2	23707800	4626400	0.195143	53800	0.002269	21938704	4463984	0.203475	0.002395	3	25
27350	Puccinia striiformis	Puccinia	3	27269400	3561600	0.130608	58200	0.002134	24769480	2830776	0.114285	0.002243	3	25
27350	Puccinia striiformis	Puccinia	4	28526400	1257000	0.044064	59400	0.002082	26917272	2147792	0.079792	0.002136	3	25
27350	Puccinia striiformis	Puccinia	5	28526400	0	0.0	59400	0.002082	28242088	1324816	0.046909	0.002079	3	25
27350	Puccinia striiformis	Puccinia	6	29360400	834000	0.028406	60200	0.00205	29556056	1313968	0.044457	0.002022	3	25
27350	Puccinia striiformis	Puccinia	7	30908800	1548400	0.050096	60800	0.001967	30908800	1352744	0.043766	0.001967	3	25
208348	Puccinia triticina	Puccinia	1	19677600	19677600	1.0	121000	0.006149	15842080	15842080	1.0	0.00732	3	25
208348	Puccinia triticina	Puccinia	2	22108200	2430600	0.109941	123200	0.005573	19855608	4013528	0.202136	0.00618	3	25
208348	Puccinia triticina	Puccinia	3	24130200	2022000	0.083795	124600	0.005164	22242112	2386504	0.107297	0.0056	3	25
208348	Puccinia triticina	Puccinia	4	26270600	2140400	0.081475	128000	0.004872	24173824	1931712	0.079909	0.005211	3	25
208348	Puccinia triticina	Puccinia	5	26965800	695200	0.025781	128400	0.004762	25556024	1382200	0.054085	0.00497	3	25
208348	Puccinia triticina	Puccinia	6	26965800	0	0.0	128400	0.004762	26486896	930872	0.035145	0.004831	3	25
208348	Puccinia triticina	Puccinia	7	27434200	468400	0.017074	128800	0.004695	27434200	947304	0.03453	0.004695	3	25
120017	Ustilago hordei	Ustilago	1	11958200	11958200	1.0	6343600	0.530481	11981864	11981864	1.0	0.529358	2	25
120017	Ustilago hordei	Ustilago	2	12439400	481200	0.038684	6427200	0.516681	12381296	399432	0.032261	0.517325	2	25
120017	Ustilago hordei	Ustilago	3	12659800	220400	0.017409	6442400	0.508886	12590072	208776	0.016583	0.51041	2	25
120017	Ustilago hordei	Ustilago	4	12832200	172400	0.013435	6453800	0.502938	12748248	158176	0.012408	0.505137	2	25
120017	Ustilago hordei	Ustilago	5	12950400	118200	0.009127	6456600	0.498564	12851240	102992	0.008014	0.501555	2	25
120017	Ustilago hordei	Ustilago	6	13021400	71000	0.005453	6458000	0.495953	12955448	104208	0.008044	0.498065	2	25
120017	Ustilago hordei	Ustilago	7	13045200	23800	0.001824	6458200	0.495063	13045200	89752	0.00688	0.495063	2	25
164328	Phytophthora ramorum	Phytophthora	1	20169400	20169400	1.0	826600	0.040983	20223488	20223488	1.0	0.041054	18	25
164328	Phytophthora ramorum	Phytophthora	2	25075800	4906400	0.195663	915800	0.036521	23334528	3111040	0.133323	0.038133	18	25
164328	Phytophthora ramorum	Phytophthora	3	27092000	2016200	0.07442	940000	0.034697	25108672	1774144	0.070659	0.036508	18	25
164328	Phytophthora ramorum	Phytophthora	4	28285600	1193600	0.042198	958800	0.033897	26019944	911272	0.035022	0.035705	18	25
164328	Phytophthora ramorum	Phytophthora	5	29299600	1014000	0.034608	971400	0.033154	27092992	1073048	0.039606	0.034822	18	25
164328	Phytophthora ramorum	Phytophthora	6	29333200	33600	0.001145	971800	0.03313	28156448	1063456	0.03777	0.033996	18	25
164328	Phytophthora ramorum	Phytophthora	7	29333200	0	0.0	971800	0.03313	29333200	1176752	0.040117	0.03313	18	25
5499	Fulvia fulva	Fulvia	1	18519400	18519400	1.0	0	0.0	18424504	18424504	1.0	0.0	0	25
5499	Fulvia fulva	Fulvia	2	18519400	0	0.0	0	0.0	18643968	219464	0.011771	0.0	0	25
5499	Fulvia fulva	Fulvia	3	18737200	217800	0.011624	0	0.0	18759816	115848	0.006175	0.0	0	25
5499	Fulvia fulva	Fulvia	4	18771000	33800	0.001801	0	0.0	18811192	51376	0.002731	0.0	0	25
5499	Fulvia fulva	Fulvia	5	18794400	23400	0.001245	0	0.0	18832912	21720	0.001153	0.0	0	25
5499	Fulvia fulva	Fulvia	6	18843800	49400	0.002622	0	0.0	18843800	10888	0.000578	0.0	0	25
36651	Penicillium digitatum	Penicillium	1	12570600	12570600	1.0	906200	0.072089	12324648	12324648	1.0	0.072212	2	25
36651	Penicillium digitatum	Penicillium	2	12570600	0	0.0	906200	0.072089	12994200	669552	0.051527	0.070059	2	25
36651	Penicillium digitatum	Penicillium	3	13041600	471000	0.036115	916600	0.070283	13350248	356048	0.02667	0.068629	2	25
36651	Penicillium digitatum	Penicillium	4	13041600	0	0.0	916600	0.070283	13610008	259760	0.019086	0.067486	2	25
36651	Penicillium digitatum	Penicillium	5	13132000	90400	0.006884	917200	0.069845	13686504	76496	0.005589	0.067141	2	25
36651	Penicillium digitatum	Penicillium	6	13748600	616600	0.044848	919200	0.066858	13748600	62096	0.004517	0.066858	2	25
53485	Pyrenophora teres	Pyrenophora	1	16214800	16214800	1.0	1912800	0.117966	15744072	15744072	1.0	0.118879	2	25
53485	Pyrenophora teres	Pyrenophora	2	19255800	3041000	0.157926	2084800	0.108269	17631176	1887104	0.107032	0.113307	2	25
53485	Pyrenophora teres	Pyrenophora	3	20014200	758400	0.037893	2134600	0.106654	18495816	864640	0.046748	0.110748	2	25
53485	Pyrenophora teres	Pyrenophora	4	20014200	0	0.0	2134600	0.106654	19646456	1150640	0.058567	0.107495	2	25
53485	Pyrenophora teres	Pyrenophora	5	20405400	391200	0.019171	2141400	0.104943	20131184	484728	0.024078	0.106234	2	25
53485	Pyrenophora teres	Pyrenophora	6	20994400	589000	0.028055	2183000	0.10398	20994400	863216	0.041116	0.10398	2	25
1047171	Zymoseptoria tritici	Zymoseptoria	1	16339400	16339400	1.0	0	0.0	15269920	15269920	1.0	0.0	0	25
1047171	Zymoseptoria tritici	Zymoseptoria	2	19962400	3623000	0.181491	0	0.0	19674256	4404336	0.223863	0.0	0	25
1047171	Zymoseptoria tritici	Zymoseptoria	3	22239400	2277000	0.102386	0	0.0	22171424	2497168	0.11263	0.0	0	25
1047171	Zymoseptoria tritici	Zymoseptoria	4	23902600	1663200	0.069582	0	0.0	23475464	1304040	0.055549	0.0	0	25
1047171	Zymoseptoria tritici	Zymoseptoria	5	25456600	1554000	0.061045	0	0.0	24608208	1132744	0.046031	0.0	0	25
1047171	Zymoseptoria tritici	Zymoseptoria	6	25456600	0	0.0	0	0.0	25456600	848392	0.033327	0.0	0	25
325452	Phytophthora kernoviae	Phytophthora	1	13409800	13409800	1.0	12828600	0.956659	13549968	13549968	1.0	0.839798	18	25
325452	Phytophthora kernoviae	Phytophthora	2	19201800	5792000	0.301638	13088400	0.681624	16631904	3081936	0.185303	0.788877	18	25
325452	Phytophthora kernoviae	Phytophthora	3	19574200	372400	0.019025	13317600	0.680365	17765904	1134000	0.06383	0.743815	18	25
325452	Phytophthora kernoviae	Phytophthora	4	19824600	250400	0.012631	13325200	0.672155	19300872	1534968	0.079528	0.690081	18	25
325452	Phytophthora kernoviae	Phytophthora	5	19892000	67400	0.003388	13340200	0.670631	19900520	599648	0.030132	0.671361	18	25
325452	Phytophthora kernoviae	Phytophthora	6	20044000	152000	0.007583	13379200	0.667492	20044000	143480	0.007158	0.667492	18	25
119927	Alternaria tenuissima	Alternaria	1	18040800	18040800	1.0	16774200	0.929792	18123312	18123312	1.0	0.913675	26	25
119927	Alternaria tenuissima	Alternaria	2	22372600	4331800	0.193621	19993000	0.893638	22239960	4116648	0.185101	0.880727	26	25
119927	Alternaria tenuissima	Alternaria	3	25696400	3323800	0.129349	21833200	0.84966	24647960	2408000	0.097696	0.85908	26	25
119927	Alternaria tenuissima	Alternaria	4	27300000	1603600	0.05874	22763600	0.833832	26344344	1696384	0.064393	0.842056	26	25
119927	Alternaria tenuissima	Alternaria	5	27458400	158400	0.005769	22837600	0.831716	27458400	1114056	0.040573	0.831716	26	25
131363	Fusarium ambrosium	Fusarium	1	23330000	23330000	1.0	20331200	0.871462	21863184	21863184	1.0	0.884549	85	25
131363	Fusarium ambrosium	Fusarium	2	27755200	4425200	0.159437	23654600	0.852258	25989176	4125992	0.158758	0.864619	85	25
131363	Fusarium ambrosium	Fusarium	3	28044000	288800	0.010298	23838200	0.850029	28699256	2710080	0.09443	0.850776	85	25
131363	Fusarium ambrosium	Fusarium	4	31458000	3414000	0.108526	26354600	0.837771	30086576	1387320	0.046111	0.843812	85	25
131363	Fusarium ambrosium	Fusarium	5	31587600	129600	0.004103	26427000	0.836626	31587600	1501024	0.047519	0.836626	85	25
195108	Fusarium falciforme	Fusarium	1	22133800	22133800	1.0	13455000	0.607894	20193776	20193776	1.0	0.625918	85	25
195108	Fusarium falciforme	Fusarium	2	26914000	4780200	0.17761	15354800	0.570513	25367208	5173432	0.203942	0.580266	85	25
195108	Fusarium falciforme	Fusarium	3	28611800	1697800	0.059339	15829600	0.553254	28103848	2736640	0.097376	0.556947	85	25
195108	Fusarium falciforme	Fusarium	4	28611800	0	0.0	15829600	0.553254	29658304	1554456	0.052412	0.542687	85	25
195108	Fusarium falciforme	Fusarium	5	30412600	1800800	0.059212	16303600	0.53608	30412600	754296	0.024802	0.53608	85	25
1325733	Fusarium floridanum	Fusarium	1	22741600	22741600	1.0	21138600	0.929512	21249888	21249888	1.0	0.942626	85	25
1325733	Fusarium floridanum	Fusarium	2	24017000	1275400	0.053104	22269000	0.927218	22681416	1431528	0.063115	0.935754	85	25
1325733	Fusarium floridanum	Fusarium	3	24182800	165800	0.006856	22386800	0.925732	23690864	1009448	0.042609	0.928953	85	25
1325733	Fusarium floridanum	Fusarium	4	24280600	97800	0.004028	22450400	0.924623	24048328	357464	0.014864	0.926189	85	25
1325733	Fusarium floridanum	Fusarium	5	24348200	67600	0.002776	22492400	0.923781	24348200	299872	0.012316	0.923781	85	25
176275	Beauveria bassiana	Beauveria	1	15160000	15160000	1.0	0	0.0	14519920	14519920	1.0	0.0	0	25
176275	Beauveria bassiana	Beauveria	2	15160000	0	0.0	0	0.0	19172048	4652128	0.242652	0.0	0	25
176275	Beauveria bassiana	Beauveria	3	21309600	6149600	0.288584	0	0.0	21924336	2752288	0.125536	0.0	0	25
176275	Beauveria bassiana	Beauveria	4	23203800	1894200	0.081633	0	0.0	24007912	2083576	0.086787	0.0	0	25
176275	Beauveria bassiana	Beauveria	5	25026200	1822400	0.07282	0	0.0	25026200	1018288	0.040689	0.0	0	25
122368	Cercospora beticola	Cercospora	1	18171200	18171200	1.0	2348200	0.129226	18027704	18027704	1.0	0.129064	6	25
122368	Cercospora beticola	Cercospora	2	18171200	0	0.0	2348200	0.129226	19009904	982200	0.051668	0.125482	6	25
122368	Cercospora beticola	Cercospora	3	18512200	341000	0.01842	2363000	0.127646	19529904	520000	0.026626	0.123371	6	25
122368	Cercospora beticola	Cercospora	4	18512200	0	0.0	2363000	0.127646	20246584	716680	0.035398	0.120601	6	25
122368	Cercospora beticola	Cercospora	5	20397400	1885200	0.092424	2448600	0.120045	20397400	150816	0.007394	0.120045	6	25
101028	Fusarium pseudograminearum	Fusarium	1	17775200	17775200	1.0	8557800	0.481446	17214136	17214136	1.0	0.482817	85	25
101028	Fusarium pseudograminearum	Fusarium	2	17775200	0	0.0	8557800	0.481446	21387088	4172952	0.195115	0.447478	85	25
101028	Fusarium pseudograminearum	Fusarium	3	19523400	1748200	0.089544	9058200	0.463966	24765712	3378624	0.136423	0.42199	85	25
101028	Fusarium pseudograminearum	Fusarium	4	25961000	6437600	0.247972	10892600	0.419576	25882296	1116584	0.043141	0.41464	85	25
101028	Fusarium pseudograminearum	Fusarium	5	27985200	2024200	0.072331	11221600	0.400983	27985200	2102904	0.075143	0.400983	85	25
92637	Metarhizium acridum	Metarhizium	1	14115200	14115200	1.0	2033200	0.144043	13990040	13990040	1.0	0.14222	1	25
92637	Metarhizium acridum	Metarhizium	2	14115200	0	0.0	2033200	0.144043	15730440	1740400	0.110639	0.134382	1	25
92637	Metarhizium acridum	Metarhizium	3	16428200	2313000	0.140794	2172800	0.13226	16674568	944128	0.056621	0.130097	1	25
92637	Metarhizium acridum	Metarhizium	4	16428200	0	0.0	2172800	0.13226	17060824	386256	0.02264	0.128176	1	25
92637	Metarhizium acridum	Metarhizium	5	17260600	832400	0.048225	2191200	0.126948	17260600	199776	0.011574	0.126948	1	25
100787	Verticillium longisporum	Verticillium	1	21290000	21290000	1.0	14684600	0.689742	20561520	20561520	1.0	0.638681	4	25
100787	Verticillium longisporum	Verticillium	2	26878800	5588800	0.207926	16892400	0.628466	25392656	4831136	0.190257	0.613027	4	25
100787	Verticillium longisporum	Verticillium	3	28394800	1516000	0.05339	17358000	0.611309	27585768	2193112	0.079502	0.603076	4	25
100787	Verticillium longisporum	Verticillium	4	29384000	989200	0.033665	17546400	0.597141	28718688	1132920	0.039449	0.588467	4	25
100787	Verticillium longisporum	Verticillium	5	30139800	755800	0.025076	17623400	0.584722	30139800	1421112	0.047151	0.584722	4	25
156630	Alternaria arborescens	Alternaria	1	17631200	17631200	1.0	12501600	0.709061	17641176	17641176	1.0	0.709243	26	25
156630	Alternaria arborescens	Alternaria	2	19729200	2098000	0.10634	13421600	0.680291	19416528	1775352	0.091435	0.683149	26	25
156630	Alternaria arborescens	Alternaria	3	21138600	1409400	0.066674	13920200	0.65852	20601400	1184872	0.057514	0.665982	26	25
156630	Alternaria arborescens	Alternaria	4	21138600	0	0.0	13920200	0.65852	21138600	537200	0.025413	0.65852	26	25
1147111	Fusarium euwallaceae	Fusarium	1	23054600	23054600	1.0	21680800	0.940411	23150440	23150440	1.0	0.938502	85	25
1147111	Fusarium euwallaceae	Fusarium	2	24352000	1297400	0.053277	22643000	0.929821	23919872	769432	0.032167	0.934382	85	25
1147111	Fusarium euwallaceae	Fusarium	3	24532800	180800	0.00737	22777600	0.928455	24281064	361192	0.014875	0.931277	85	25
1147111	Fusarium euwallaceae	Fusarium	4	24631000	98200	0.003987	22842000	0.927368	24631000	349936	0.014207	0.927368	85	25
36050	Fusarium poae	Fusarium	1	18789400	18789400	1.0	5411600	0.288013	18542352	18542352	1.0	0.282573	85	25
36050	Fusarium poae	Fusarium	2	21890400	3101000	0.14166	5873200	0.2683	20121600	1579248	0.078485	0.274433	85	25
36050	Fusarium poae	Fusarium	3	22366600	476200	0.021291	5933200	0.265271	21209920	1088320	0.051312	0.269861	85	25
36050	Fusarium poae	Fusarium	4	22366600	0	0.0	5933200	0.265271	22366600	1156680	0.051715	0.265271	85	25
148305	Pyricularia grisea	Pyricularia	1	16340000	16340000	1.0	16305000	0.997858	16293240	16293240	1.0	0.21385	3	25
148305	Pyricularia grisea	Pyricularia	2	31323000	14983000	0.478339	17592000	0.561632	24100240	7807000	0.323939	0.405524	3	25
148305	Pyricularia grisea	Pyricularia	3	33402600	2079600	0.062259	17847400	0.534312	29779640	5679400	0.190714	0.495501	3	25
148305	Pyricularia grisea	Pyricularia	4	33402600	0	0.0	17847400	0.534312	33402600	3622960	0.108463	0.534312	3	25
5599	Alternaria alternata	Alternaria	1	18426200	18426200	1.0	17289800	0.938327	18720896	18720896	1.0	0.844419	26	25
5599	Alternaria alternata	Alternaria	2	23460400	5034200	0.214583	20967600	0.893744	25121552	6400656	0.254787	0.80022	26	25
5599	Alternaria alternata	Alternaria	3	23460400	0	0.0	20967600	0.893744	30144848	5023296	0.166639	0.745636	26	25
5599	Alternaria alternata	Alternaria	4	32604600	9144200	0.280457	23446200	0.719107	32604600	2459752	0.075442	0.719107	26	25
690256	Colletotrichum fructicola	Colletotrichum	1	21584200	21584200	1.0	19960200	0.92476	21728296	21728296	1.0	0.924961	64	25
690256	Colletotrichum fructicola	Colletotrichum	2	23802400	2218200	0.093192	21435400	0.900556	23170512	1442216	0.062244	0.907428	64	25
690256	Colletotrichum fructicola	Colletotrichum	3	24120400	318000	0.013184	21548200	0.89336	23894152	723640	0.030285	0.896184	64	25
690256	Colletotrichum fructicola	Colletotrichum	4	24300400	180000	0.007407	21616000	0.889533	24300400	406248	0.016718	0.889533	64	25
690259	Colletotrichum siamense	Colletotrichum	1	21108600	21108600	1.0	17492200	0.828676	21155960	21155960	1.0	0.818849	64	25
690259	Colletotrichum siamense	Colletotrichum	2	30972400	9863800	0.318471	23733000	0.766263	29143584	7987624	0.274078	0.773171	64	25
690259	Colletotrichum siamense	Colletotrichum	3	31052600	80200	0.002583	23773600	0.765591	33845144	4701560	0.138914	0.748231	64	25
690259	Colletotrichum siamense	Colletotrichum	4	36462200	5409600	0.148362	26765200	0.734053	36462200	2617056	0.071774	0.734053	64	25
2502994	Fusarium odoratissimum	Fusarium	1	22121200	22121200	1.0	21977600	0.993508	20350512	20350512	1.0	0.97855	85	25
2502994	Fusarium odoratissimum	Fusarium	2	22121200	0	0.0	21977600	0.993508	23887320	3536808	0.148062	0.96028	85	25
2502994	Fusarium odoratissimum	Fusarium	3	25248800	3127600	0.123871	23674800	0.93766	25037288	1149968	0.04593	0.947026	85	25
2502994	Fusarium odoratissimum	Fusarium	4	26067800	819000	0.031418	24266600	0.930903	26067800	1030512	0.039532	0.930903	85	25
117187	Fusarium verticillioides	Fusarium	1	21089800	21089800	1.0	16180800	0.767233	19627120	19627120	1.0	0.7921	85	25
117187	Fusarium verticillioides	Fusarium	2	21114400	24600	0.001165	16187400	0.766652	22608784	2981664	0.131881	0.748817	85	25
117187	Fusarium verticillioides	Fusarium	3	23658600	2544200	0.107538	17320400	0.732097	23908360	1299576	0.054357	0.728646	85	25
117187	Fusarium verticillioides	Fusarium	4	24637600	979000	0.039736	17650600	0.716409	24637600	729240	0.029599	0.716409	85	25
5022	Plenodomus lingam	Plenodomus	1	15141400	15141400	1.0	92400	0.006102	15231216	15231216	1.0	0.00603	1	25
5022	Plenodomus lingam	Plenodomus	2	15142800	1400	9.2e-05	92400	0.006102	16267320	1036104	0.063692	0.00586	1	25
5022	Plenodomus lingam	Plenodomus	3	16716800	1574000	0.094157	97000	0.005803	16712680	445360	0.026648	0.005804	1	25
5022	Plenodomus lingam	Plenodomus	4	16716800	0	0.0	97000	0.005803	16716800	4120	0.000246	0.005803	1	25
29875	Trichoderma virens	Trichoderma	1	17175000	17175000	1.0	0	0.0	16967520	16967520	1.0	0.0	0	25
29875	Trichoderma virens	Trichoderma	2	17175800	800	4.7e-05	0	0.0	19289256	2321736	0.120364	0.0	0	25
29875	Trichoderma virens	Trichoderma	3	18331800	1156000	0.06306	0	0.0	21134848	1845592	0.087325	0.0	0	25
29875	Trichoderma virens	Trichoderma	4	23119800	4788000	0.207095	0	0.0	23119800	1984952	0.085855	0.0	0	25
4787	Phytophthora infestans	Phytophthora	1	19975200	19975200	1.0	918600	0.045987	20908216	20908216	1.0	0.043833	18	25
4787	Phytophthora infestans	Phytophthora	2	19975400	200	1e-05	918600	0.045987	25562376	4654160	0.182071	0.040013	18	25
4787	Phytophthora infestans	Phytophthora	3	25889000	5913600	0.228421	1040600	0.040195	27828232	2265856	0.081423	0.038139	18	25
4787	Phytophthora infestans	Phytophthora	4	30250200	4361200	0.144171	1092800	0.036125	30250200	2421968	0.080065	0.036125	18	25
