genus	n_phibase_seeds	n_phibase_assemblies	n_new_species	n_new_assemblies	n_new_scaffold	n_new_annotated	new_species
Aspergillus	4	466	317	1206	736	564	Aspergillus aculeatinus; Aspergillus aculeatinus CBS 121060; Aspergillus aculeatus; Aspergillus aculeatus ATCC 16872; Aspergillus aff. floccosus IMV 01167; Aspergillus affinis; Aspergillus aflatoxiformans; Aspergillus alliaceus; Aspergillus ambiguus; Aspergillus amoenus; Aspergillus amstelodami; Aspergillus annui; Aspergillus arachidicola; Aspergillus aspearensis; Aspergillus asperescens; Aspergillus aurantiobrunneus; Aspergillus austwickii; Aspergillus avenaceus; Aspergillus awamori; Aspergillus awamori var. piceus; Aspergillus baeticus; Aspergillus bertholletiae; Aspergillus biplanus; Aspergillus bombycis; Aspergillus brasiliensis; Aspergillus brasiliensis CBS 101740; Aspergillus bridgeri; Aspergillus brunneoviolaceus CBS 621.78; Aspergillus brunneus; Aspergillus caelatus
Fusarium	17	1117	337	969	731	245	Fusarium abutilonis; Fusarium acaciae-mearnsii; Fusarium acuminatum; Fusarium acutatum; Fusarium aethiopicum; Fusarium agapanthi; Fusarium akasia; Fusarium albidum; Fusarium albosuccineum; Fusarium algeriense; Fusarium ambrosium; Fusarium andiyazi; Fusarium anguioides; Fusarium annulatum; Fusarium anthophilum; Fusarium arcuatisporum; Fusarium armeniacum; Fusarium austroafricanum; Fusarium austroamericanum; Fusarium awan; Fusarium aywerte; Fusarium azukiicola; Fusarium babinda; Fusarium bactridioides; Fusarium begoniae; Fusarium beomiforme; Fusarium boothii; Fusarium brachygibbosum; Fusarium brasilicum; Fusarium brasiliense
Penicillium	3	21	199	733	408	300	Penicillium adametzioides; Penicillium alfredii; Penicillium angulare; Penicillium antarcticum; Penicillium argentinense; Penicillium arizonense; Penicillium atrosanguineum; Penicillium aurantiogriseum; Penicillium bialowiezense; Penicillium biforme; Penicillium biforme FM169; Penicillium bovifimosum; Penicillium brasilianum; Penicillium brefeldianum; Penicillium brevicompactum; Penicillium camemberti; Penicillium camemberti FM 013; Penicillium canariense; Penicillium canescens; Penicillium capsulatum; Penicillium carneum LCP05634; Penicillium caseifulvum; Penicillium cataractarum; Penicillium cf. chrysogenum; Penicillium cf. griseofulvum; Penicillium cf. viridicatum; Penicillium chermesinum; Penicillium chrysogenum; Penicillium chrysogenum KF-25; Penicillium chrysogenum NCPC10086
Colletotrichum	16	159	120	302	225	111	Colletotrichum abscissum; Colletotrichum adenophorae; Colletotrichum aenigma; Colletotrichum agaves; Colletotrichum australisinense (nom. inval.); Colletotrichum baiyuense; Colletotrichum brevisporum; Colletotrichum cangyuanense; Colletotrichum casaense; Colletotrichum caudatum; Colletotrichum cereale; Colletotrichum chlorophyti; Colletotrichum chrysophilum; Colletotrichum cliviicola; Colletotrichum cordylinicola; Colletotrichum costaricense; Colletotrichum cuscutae; Colletotrichum demersi; Colletotrichum destructivum; Colletotrichum dianense; Colletotrichum dimorphum; Colletotrichum echinochloae; Colletotrichum eleusines; Colletotrichum endophyticum; Colletotrichum eremochloae; Colletotrichum euphorbiae; Colletotrichum falcatum; Colletotrichum filicis; Colletotrichum fioriniae; Colletotrichum fioriniae PJ7
Trichoderma	1	7	91	263	163	82	Trichoderma aethiopicum; Trichoderma afarasin; Trichoderma afroharzianum; Trichoderma aggressivum f. europaeum; Trichoderma arundinaceum; Trichoderma asperelloides; Trichoderma asperellum; Trichoderma asperellum CBS 433.97; Trichoderma atrobrunneum; Trichoderma atroviride; Trichoderma atroviride IMI 206040; Trichoderma austrokoningii; Trichoderma barbatum; Trichoderma breve; Trichoderma brevicompactum; Trichoderma brevicrassum; Trichoderma camerunense; Trichoderma caribbaeum; Trichoderma carraovejensis (nom. inval.); Trichoderma ceciliae; Trichoderma cf. simile WF8; Trichoderma chlorosporum; Trichoderma citrinoviride; Trichoderma compactum; Trichoderma cornu-damae; Trichoderma deliquescens; Trichoderma endophyticum; Trichoderma erinaceum; Trichoderma evansii; Trichoderma gamsii
Phytophthora	6	73	97	204	156	50	Phytophthora abietivora; Phytophthora agathidicida; Phytophthora aleatoria; Phytophthora asiatica; Phytophthora attenuata; Phytophthora austrocedri; Phytophthora betacei; Phytophthora boehmeriae; Phytophthora brassicae; Phytophthora cajani; Phytophthora capsici LT1534; Phytophthora castanetorum; Phytophthora chlamydospora; Phytophthora cinnamomi; Phytophthora cinnamomi var. cinnamomi; Phytophthora cinnamomi var. robiniae; Phytophthora citricola; Phytophthora citrophthora; Phytophthora colocasiae; Phytophthora constricta; Phytophthora crassamura; Phytophthora cryptogea; Phytophthora elongata; Phytophthora europaea; Phytophthora flexuosa; Phytophthora foliorum; Phytophthora formosa; Phytophthora fragariae; Phytophthora fragariaefolia; Phytophthora gibbosa
Beauveria	1	223	20	158	24	17	Beauveria asiatica; Beauveria australis; Beauveria bassiana ARSEF 2860; Beauveria bassiana D1-5; Beauveria brongniartii; Beauveria brongniartii RCEF 3172; Beauveria caledonica; Beauveria gryllotalpidicola; Beauveria medogensis; Beauveria mimosiformis; Beauveria namnaoensis; Beauveria neobassiana; Beauveria pseudobassiana; Beauveria rudraprayagi; Beauveria scarabaeidicola; Beauveria sp. AdecLV25a; Beauveria sp. IMV 00265; Beauveria sp. NWAFU-1; Beauveria thailandica; Beauveria varroae
Alternaria	6	166	62	139	100	53	Alternaria alstroemeriae; Alternaria alternarina; Alternaria angustiovoidea; Alternaria arborescens; Alternaria arborescens EGS 39-128; Alternaria arbusti; Alternaria atra; Alternaria brassicae; Alternaria brassicicola ATCC 96836; Alternaria burnsii; Alternaria cf. alternata; Alternaria chlamydospora; Alternaria conjuncta; Alternaria consortialis; Alternaria dauci; Alternaria destruens; Alternaria ethzedia; Alternaria gaisen; Alternaria gansuensis; Alternaria hordeiaustralica; Alternaria incomplexa; Alternaria infectoria; Alternaria linariae; Alternaria metachromatica; Alternaria novae-zelandiae; Alternaria oregonensis; Alternaria porri; Alternaria postmessia; Alternaria radicina; Alternaria rosae
Pythium	1	3	46	90	43	5	Pythium amasculinum; Pythium angustatum; Pythium aphanidermatum DAOM BR444; Pythium apleroticum; Pythium aquatile; Pythium aristosporum; Pythium arrhenomanes ATCC 12531; Pythium biforme; Pythium brachiatum; Pythium catenulatum; Pythium cedri; Pythium chondricola; Pythium coloratum; Pythium diclinum; Pythium dissimile; Pythium dissotocum; Pythium folliculosum; Pythium graminicola; Pythium grandisporangium; Pythium guiyangense; Pythium hydnosporum; Pythium inflatum; Pythium insidiosum; Pythium lycopersici; Pythium monospermum; Pythium myriotylum; Pythium oligandrum; Pythium ornamentatum; Pythium pectinolyticum; Pythium periplocum
Epichloe	1	14	45	67	44	3	Epichloe amarillans; Epichloe amarillans E4668; Epichloe amarillans E57; Epichloe aotearoae; Epichloe baconii; Epichloe baconii ATCC 200745; Epichloe brachyelytri; Epichloe brachyelytri E4804; Epichloe bromicola; Epichloe bromicola ATCC 200750; Epichloe cabralii; Epichloe canadensis; Epichloe chisosa; Epichloe clarkii; Epichloe coenophiala; Epichloe elymi; Epichloe elymi E56; Epichloe festucae E2368; Epichloe festucae Fl1; Epichloe festucae var. lolii; Epichloe gansuensis; Epichloe gansuensis E7080; Epichloe gansuensis var. inebrians E818; Epichloe glyceriae; Epichloe glyceriae E277; Epichloe hybrida; Epichloe inebrians; Epichloe pampeana; Epichloe scottii; Epichloe sibirici
Puccinia	3	18	23	64	31	16	Puccinia arachidis; Puccinia brachypodii; Puccinia coronata f. sp. avenae; Puccinia graminis f. sp. tritici; Puccinia graminis f. sp. tritici CRL 75-36-700-3; Puccinia hordei; Puccinia horiana; Puccinia novopanici; Puccinia polysora; Puccinia silphii; Puccinia sorghi; Puccinia striiformis f. sp. hordei; Puccinia striiformis f. sp. tritici; Puccinia striiformis f. sp. tritici 08/21; Puccinia striiformis f. sp. tritici 87/7; Puccinia striiformis f. sp. tritici CY32; Puccinia striiformis f. sp. tritici PST-130; Puccinia striiformis f. sp. tritici PST-78; Puccinia striiformis f. sp. tritici PST21; Puccinia striiformis f. sp. tritici PST43; Puccinia triticina 1-1 BBBD Race 1; Puccinia triticina Race 106; Puccinia triticina Race 77
Ceratocystis	3	16	25	58	10	6	Ceratocystis albifundus; Ceratocystis alfenasii; Ceratocystis atlantica; Ceratocystis cacaofunesta; Ceratocystis colombiana; Ceratocystis costaricensis; Ceratocystis cubensis; Ceratocystis destructans; Ceratocystis diversiconidia; Ceratocystis eucalypticola; Ceratocystis ficicola; Ceratocystis fimbriata CBS 114723; Ceratocystis fimbriatomima; Ceratocystis huliohia; Ceratocystis lukuohia; Ceratocystis papillata; Ceratocystis pirilliformis; Ceratocystis platani; Ceratocystis polychroma; Ceratocystis smalleyi; Ceratocystis sp. C1944; Ceratocystis tiliae; Ceratocystis uchidae; Ceratocystis variospora; Ceratocystis xanthosomatis
Pyricularia	1	577	26	57	28	10	Pyricularia grisea; Pyricularia grisea W97-11; Pyricularia grisea W98-20; Pyricularia oryzae 4091-5-8; Pyricularia oryzae 70-15; Pyricularia oryzae B157; Pyricularia oryzae FJ81278; Pyricularia oryzae HN19311; Pyricularia oryzae KJ201; Pyricularia oryzae MG01; Pyricularia oryzae Mo-nwi-31; Pyricularia oryzae Mo-nwi-55; Pyricularia oryzae P131; Pyricularia oryzae Y34; Pyricularia penniseti; Pyricularia pennisetigena; Pyricularia sp. 18-2; Pyricularia sp. CBS 133598; Pyricularia sp. CD86; Pyricularia sp. MG03; Pyricularia sp. MG05; Pyricularia sp. MG07; Pyricularia sp. MG08; Pyricularia sp. MG12; Pyricularia sp. RZ-2025a; Pyricularia urashimae
Claviceps	1	57	37	55	6	28	Claviceps aff. humidiphila group G2b; Claviceps aff. purpurea; Claviceps africana; Claviceps arundinis; Claviceps bavariensis; Claviceps capensis; Claviceps citrina; Claviceps cyperi; Claviceps digitariae; Claviceps fusiformis; Claviceps fusiformis PRL 1980; Claviceps humidiphila; Claviceps lovelessii; Claviceps maximensis; Claviceps monticola; Claviceps occidentalis; Claviceps paspali; Claviceps paspali RRC 1481; Claviceps pazoutovae; Claviceps perihumidiphila; Claviceps purpurea 20.1; Claviceps pusilla; Claviceps quebecensis; Claviceps ripicola; Claviceps sorghi; Claviceps sp. Clav32 group G5; Claviceps sp. Clav50 group G5; Claviceps sp. LM218 group G6; Claviceps sp. LM219 group G6; Claviceps sp. LM220 group G6
Metarhizium	2	15	21	49	34	25	Metarhizium acridum CQMa 102; Metarhizium album ARSEF 1941; Metarhizium anisopliae; Metarhizium anisopliae BRIP 53284; Metarhizium anisopliae BRIP 53293; Metarhizium brunneum; Metarhizium brunneum ARSEF 3297; Metarhizium flavoviride; Metarhizium guizhouense ARSEF 977; Metarhizium humberi; Metarhizium hybridum; Metarhizium koreanum; Metarhizium majus ARSEF 297; Metarhizium pingshaense; Metarhizium rileyi; Metarhizium robertsii ARSEF 23; Metarhizium robertsii ARSEF 2575; Metarhizium sp. BCC 4849; Metarhizium sp. ILB167; Metarhizium sp. ILB182; Metarhizium sp. MUC4166
Meloidogyne	2	10	11	32	16	2	Meloidogyne arenaria; Meloidogyne chitwoodi; Meloidogyne enterolobii; Meloidogyne exigua; Meloidogyne fallax; Meloidogyne floridensis; Meloidogyne hapla; Meloidogyne hispanica; Meloidogyne incognita; Meloidogyne luci; Meloidogyne sp. RB-2019
Botrytis	2	64	19	31	11	20	Botrytis aclada; Botrytis byssoidea; Botrytis cinerea B05.10; Botrytis cinerea BcDW1; Botrytis cinerea T4; Botrytis deweyae; Botrytis euroamericana; Botrytis fabae; Botrytis fabiopsis; Botrytis fragariae; Botrytis galanthina; Botrytis hyacinthi; Botrytis medusae; Botrytis paeoniae; Botrytis porri; Botrytis pseudocinerea; Botrytis sinoallii; Botrytis squamosa; Botrytis tulipae
Verticillium	3	102	13	29	27	8	Verticillium albo-atrum; Verticillium alfalfae; Verticillium alfalfae VaMs.102; Verticillium dahliae JR2; Verticillium dahliae VDG1; Verticillium dahliae VDG2; Verticillium dahliae VdLs.17; Verticillium isaacii; Verticillium klebahnii; Verticillium nubilum; Verticillium tricorpus; Verticillium tricorpus MUCL 9792; Verticillium zaregamsianum
Ustilago	2	14	16	28	9	8	Ustilago bromivora; Ustilago coicis; Ustilago crameri; Ustilago curta; Ustilago cynodontis; Ustilago lituana; Ustilago loliicola; Ustilago nuda; Ustilago shanxiensis; Ustilago sp. HFJ311; Ustilago sp. UG-2017a; Ustilago sp. UG-2017b; Ustilago trichophora; Ustilago tritici; Ustilago vetiveriae; Ustilago xerochloae
Bipolaris	5	40	11	25	22	12	Bipolaris bicolor; Bipolaris cookei; Bipolaris gigantea; Bipolaris maydis ATCC 48331; Bipolaris maydis C5; Bipolaris oryzae ATCC 44560; Bipolaris sivanesaniana; Bipolaris sorokiniana ND90Pr; Bipolaris sp. L1-2; Bipolaris victoriae FI3; Bipolaris zeicola 26-R-13
Pyrenophora	2	71	6	24	17	15	Pyrenophora graminea; Pyrenophora seminiperda CCB06; Pyrenophora teres f. maculata; Pyrenophora teres f. teres; Pyrenophora teres f. teres 0-1; Pyrenophora tritici-repentis Pt-1C-BFP
Zymoseptoria	1	56	21	24	11	7	Zymoseptoria ardabiliae; Zymoseptoria ardabiliae STIR04_1.1.1; Zymoseptoria ardabiliae STIR04_1.1.2; Zymoseptoria ardabiliae STIR04_3.13.1; Zymoseptoria ardabiliae STIR04_3.3.2; Zymoseptoria brevis; Zymoseptoria crescenta; Zymoseptoria passerinii SP63; Zymoseptoria pseudotritici; Zymoseptoria pseudotritici STIR04_2.2.1; Zymoseptoria pseudotritici STIR04_3.11.1; Zymoseptoria pseudotritici STIR04_4.3.1; Zymoseptoria pseudotritici STIR04_5.3; Zymoseptoria pseudotritici STIR04_5.9.1; Zymoseptoria tritici IPO323; Zymoseptoria tritici ST99CH_1A5; Zymoseptoria tritici ST99CH_1E4; Zymoseptoria tritici ST99CH_3D1; Zymoseptoria tritici ST99CH_3D7; Zymoseptoria tritici STIR04 A48b; Zymoseptoria tritici STIR04_A26b
Curvularia	1	1	17	24	19	3	Curvularia cactivora; Curvularia clavata; Curvularia dactylocteniicola; Curvularia eragrostidis; Curvularia geniculata; Curvularia hawaiiensis; Curvularia homomorpha; Curvularia kusanoi; Curvularia lunata CX-3; Curvularia papendorfii; Curvularia pisi; Curvularia soli; Curvularia sp. IFB-Z10; Curvularia sp. VISTSTROM-2862; Curvularia sp. ZM96; Curvularia spicifera; Curvularia verruculosa
Cercospora	6	19	14	21	12	3	Cercospora americana; Cercospora berteroae; Cercospora brassicicola; Cercospora canescens BHU; Cercospora cf. sigesbeckiae; Cercospora citrullina; Cercospora janseana; Cercospora sesami; Cercospora sojina; Cercospora sojina S9; Cercospora sp. J1 LZ-2022; Cercospora tecta; Cercospora zeae-maydis SCOH1-5; Cercospora zeina
Lasiodiplodia	1	19	12	21	14	2	Lasiodiplodia brasiliensis; Lasiodiplodia citricola; Lasiodiplodia euphorbiaceicola; Lasiodiplodia gonubiensis; Lasiodiplodia hormozganensis; Lasiodiplodia iranensis; Lasiodiplodia mahajangana; Lasiodiplodia pseudotheobromae; Lasiodiplodia sp. COLG20; Lasiodiplodia sp. COLG96; Lasiodiplodia sp. KE8368; Lasiodiplodia sp. KE8409
Cryphonectria	1	97	7	19	19	2	Cryphonectria carpinicola; Cryphonectria japonica; Cryphonectria macrospora; Cryphonectria naterciae; Cryphonectria nitschkei; Cryphonectria parasitica EP155; Cryphonectria radicalis
Clonostachys	1	15	11	17	13	6	Clonostachys byssicola; Clonostachys chloroleuca; Clonostachys chuyangsinensis; Clonostachys compactiuscula; Clonostachys rhizophaga; Clonostachys rogersoniana; Clonostachys rosea f. rosea IK726; Clonostachys solani; Clonostachys sp. FPYF6005; Clonostachys sp. G600; Clonostachys sp. G952
Heterobasidion	1	3	5	17	16	2	Heterobasidion annosum 03012; Heterobasidion irregulare; Heterobasidion irregulare TC 32-1; Heterobasidion occidentale; Heterobasidion parviporum
Ascochyta	2	39	6	17	8	1	Ascochyta clinopodiicola; Ascochyta fabae; Ascochyta koolunga; Ascochyta pisi; Ascochyta viciae; Ascochyta viciae-villosae
Blumeria	1	0	10	16	10	5	Blumeria graminis f. sp. triticale; Blumeria graminis f. sp. tritici; Blumeria graminis f. sp. tritici 94202; Blumeria graminis f. sp. tritici 96224; Blumeria graminis f. sp. tritici Bgt#70; Blumeria graminis f. sp. tritici JIW2; Blumeria hordei; Blumeria hordei A6; Blumeria hordei DH14; Blumeria hordei K1
Sclerotinia	1	35	11	16	11	6	Sclerotinia asari; Sclerotinia borealis F-4128; Sclerotinia glacialis; Sclerotinia minor; Sclerotinia nivalis; Sclerotinia sativa; Sclerotinia sclerotiorum 1980 UF-70; Sclerotinia spermophila; Sclerotinia subarctica; Sclerotinia sulcata; Sclerotinia trifoliorum
Peronospora	1	1	4	16	11	9	Peronospora belbahrii; Peronospora destructor; Peronospora effusa; Peronospora farinosa
Heterodera	1	11	9	16	11	2	Heterodera australis; Heterodera avenae; Heterodera carotae; Heterodera filipjevi; Heterodera humuli; Heterodera mani; Heterodera medicaginis; Heterodera schachtii; Heterodera trifolii
Parastagonospora	1	176	5	15	12	3	Parastagonospora avenae f. sp. avenae; Parastagonospora avenae f. sp. tritici; Parastagonospora avenae f. sp. tritici 18332-5; Parastagonospora nodorum SN15; Parastagonospora nodorum Sn79
Monilinia	1	6	6	13	10	3	Monilinia aucupariae; Monilinia fructigena; Monilinia laxa; Monilinia polystroma; Monilinia vaccinii-corymbosi; Monilinia yunnanensis
Leptographium	1	0	9	13	9	2	Grosmannia clavigera kw1407; Leptographium flavum; Leptographium galeiforme; Leptographium lundbergii; Leptographium procerum; Leptographium radiaticola; Leptographium truncatum; Leptographium wageneri; Leptographium wingfieldii
Gaeumannomyces	1	0	5	13	12	11	Gaeumannomyces avenae; Gaeumannomyces hyphopodioides; Gaeumannomyces sp. JS-464; Gaeumannomyces tritici; Gaeumannomyces tritici R3-111a-1
Rhizoctonia	1	40	8	12	9	6	Rhizoctonia solani 123E; Rhizoctonia solani AG-1 IA; Rhizoctonia solani AG-1 IB; Rhizoctonia solani AG-11; Rhizoctonia solani AG-3; Rhizoctonia solani AG-3 PT; Rhizoctonia solani AG-3 Rhs1AP; Rhizoctonia solani AG-8 WAC10335
Plasmopara	1	4	3	12	8	5	Plasmopara halstedii; Plasmopara muralis; Plasmopara obducens
Pseudocercospora	2	2	10	11	10	4	Pseudocercospora abelmoschi; Pseudocercospora cruenta; Pseudocercospora crystallina; Pseudocercospora eumusae; Pseudocercospora fijiensis CIRAD86; Pseudocercospora macadamiae; Pseudocercospora musae; Pseudocercospora pini-densiflorae CBS 125139; Pseudocercospora ulei; Pseudocercospora vitis
Stemphylium	1	4	4	10	7	0	Stemphylium beticola; Stemphylium eturmiunum; Stemphylium sp. Aa22; Stemphylium vesicarium
Cytospora	1	2	6	10	6	5	Cytospora leucostoma; Cytospora mali; Cytospora paraplurivora; Cytospora piceae; Cytospora piceicola; Cytospora schulzeri
Plenodomus	1	6	8	10	5	5	Plenodomus biglobosus; Plenodomus biglobosus/Leptosphaeria biglobosa 'brassicae' group; Plenodomus libanotidis; Plenodomus lindquistii; Plenodomus lingam JN3; Plenodomus lingam/Leptosphaeria maculans 'brassicae' group; Plenodomus tracheiphilus; Plenodomus tracheiphilus IPT5
Exserohilum	1	2	3	10	7	2	Exserohilum rostratum; Exserohilum turcica Et28A; [Setosphaeria] turcica f. sp. sorghi
Melampsora	2	0	8	9	8	3	Melampsora abietis-canadensis; Melampsora aecidioides; Melampsora allii-populina; Melampsora americana; Melampsora larici-populina 98AG31; Melampsora medusae f. sp. deltoidis; Melampsora occidentalis; Melampsora pinitorqua Mpini7
Microdochium	1	0	5	8	1	6	Microdochium bolleyi; Microdochium majus; Microdochium nivale; Microdochium paspali; Microdochium trichocladiopsis
Sporisorium	2	9	6	8	6	4	Sporisorium exsertum; Sporisorium graminicola; Sporisorium iseilematis-ciliati; Sporisorium reilianum SRZ2; Sporisorium reilianum f. sp. reilianum; Sporisorium sorghi
Moniliophthora	1	0	3	5	2	4	Moniliophthora perniciosa FA553; Moniliophthora roreri; Moniliophthora roreri MCA 2997
Septoria	1	1	3	5	4	2	Septoria glycines; Septoria linicola; Septoria petroselini
Hyaloperonospora	1	2	3	5	5	1	Hyaloperonospora arabidopsidis Emoy2; Hyaloperonospora brassicae; Hyaloperonospora parasitica
Botryosphaeria	1	141	2	3	3	0	Botryosphaeria agaves; Botryosphaeria kuwatsukai
Bursaphelenchus	1	7	2	3	3	2	Bursaphelenchus mucronatus; Bursaphelenchus okinawaensis
Pseudopyrenochaeta	1	1	2	2	2	0	Pseudopyrenochaeta lycopersici CRA-PAV_ER 1211; Pseudopyrenochaeta terrestris
Dothistroma	1	18	2	2	2	1	Dothistroma pini CBS 116487; Dothistroma septosporum NZE10
Synchytrium	1	3	1	2	2	2	Synchytrium microbalum
Mycosarcoma	1	39	1	1	0	0	Mycosarcoma mackinlayi
Ciboria	1	1	1	1	1	0	Ciboria batschiana
Ustilaginoidea	1	8	1	1	0	0	Ustilaginoidea albicans
Globodera	2	8	1	1	1	0	Globodera ellingtonae
Phakopsora	1	52	0	0	0	0	
Sclerotiophoma	1	1	0	0	0	0	
Rosellinia	1	7	0	0	0	0	
Pyrenopeziza	1	1	0	0	0	0	
Bremia	1	2	0	0	0	0	
Radopholus	1	3	0	0	0	0	
