count	tissue
18792	leaf
10543	Leaf
2410	leaves
1302	Leaves
1175	root
744	Cotton fiber
664	Root
585	young leaf
421	Young leaf
389	seedling leaf
384	stem
366	leaf or winter bud
364	leave
262	NA
261	whole plant
240	shoot
238	seed
223	Blade
200	Leaf sample
182	fruit
181	Seed
169	Chinese Academy of Forestry
168	bud
166	shoots
166	not applicable
164	Shoot
162	Spike
158	bulk of young leaves
154	leaf tissue
152	thallus
138	Flower
137	flower
126	seedling
120	one bud and two leaves
120	tepals
116	roots
115	Rhizome
106	true leaf
102	anther
100	spike
89	soil
88	Whole plant
82	Plant leaf
81	Vegetative
80	whole cell
77	Roots
75	embryo
73	Stem
72	needle tissue
63	underground tissue
63	aboveground tissue
59	Branch
58	Needle
57	peel
57	Dried: Silica Gel
56	Needles
52	florets
51	herbarium leaf
50	Seedling
49	Rootstock
49	Scion
48	rosettes
48	buds
45	root tip
45	mesocarp-enriched tissues
45	Leaf and/or Bud
45	shoots and leaves
42	Fruit
42	Leafs
42	elongation zone
41	Fresh leaf tissue
40	Tender buds and leaves
39	Whole seedling
39	root,stem,leaf,flower
39	whole seedling
39	not collected
39	floret
39	Bud
38	hypocotyl
38	bulb
37	blade
36	fiber
36	secondary vein, leaf 10
36	fruit core
36	seedlings
36	Apical shoot
36	Shanghai Academy of Agricultural Sciences
36	Pod wall
36	leafy-head
33	seed coat
33	tender leaf
32	Fraction 1 (Non-conductive phloem. Conductive phloem. Cambium. Differentiating xylem)
32	leaf and/or young floral buds
32	leaf head
31	young leaves
31	tassel
31	endosperm
30	callus
30	flower bud
30	meiocyte
30	shoot/leaves
30	Fraction 2 (Differentiating xylem)
30	ear primordia
29	inflorescence
28	10 day old root
28	Female strobili
28	Male strobili
28	Ovary
28	leaf material
27	Maize root
27	leaf sheath
27	Pistil
26	Stems and leaves
26	young leaves, roots, and cambial tissues
25	not provided
25	ear
24	shoot apex region containing one unexpanded leaf
24	8 central spikelets from infected heads
24	hairy roots
24	leaves, roots
24	Mixed
24	roots, embryo and coleoptile
24	seed embryo
24	T.ascendens tree bark
24	bud and first leave
24	young shoots
24	meristem
24	root cap
23	Aerial_part
23	Dried: Herbarium
22	rhizome
21	Petal
21	plant
21	Fruit exocarp
21	plants
20	tuber
20	floral_bud
20	Pollinarium
20	curd
20	mature leaves
19	Style
19	petal
19	spikelet
19	Plant
19	drupe
18	mesocarp
18	Whole Rosette tissue
18	Pulp
18	cotyledons
18	Not provided
18	shoot tips
18	8 youngest leaves
18	differentiation zone
18	root cap and meristem
18	seedcoat
18	3 to 5 seedlings
17	axillary tissues
17	missing
17	sepal
16	fruit peel
16	whole organism
16	Mature leaf
16	Whole Frond includig roots
16	Kernel
16	needle
16	Stem+leaf
15	pedicel
15	rhizosphere soil
15	all
15	pseudostem
14	stem xylem (trunk heartwood, near pith)
14	stem xylem (trunk heartwood, near bark)
14	herbarium
14	First leaf
13	Cambium
13	21 dag soil-grown aerial tissue
13	whole flower
13	Phloem
13	nodules
13	flag leaf
13	dry leaf
13	Bulb
13	whole thallus
13	flowers
13	Coleoptile
12	areial_part
12	Shoots
12	tissue sample
12	21 dag 1/2MS-grown aerial tissue
12	All seedling
12	Leaf rosette
12	whole stem
12	fleshy root flesh
12	Tissue culture seedlings
12	Floral bud
12	berry
12	spike rachis
12	Spike primordia
12	Lamina flag leaf
12	3cm spike peduncle
12	Leaf fresh tissue collected in silica gel
12	Fruit abscission zone and mesocarp
12	mid-fruit vascular tissue
12	leaves and stem
12	Leaf bud
12	Encased Leaves
12	Second Leaf Blade
12	First Leaf Sheath
12	First Leaf Blade
12	leaf cells
11	vegetative/pollen buds
11	Second leaf
10	phloem
10	microtuber
10	Fruit pulp, fruit peel
10	Epidermal tissues
9	pineapple pulp
9	Whole seedlings
9	cotyledon
9	Exocarps
9	Unknown
9	Fruit flesh samples collected from the middle section
9	lateral root-derived shoot
9	Shoot base
9	ROOT
9	short shoot
9	long shoot
9	adjacent non-haustorial tissues
9	haustorium
9	Sprout
9	stems and roots
9	SHOOTS
9	NEEDLES
9	female flower
9	Developing xylem and phloem
9	tomato flesh
9	taproot
9	Root tissue
9	stem apex
9	Main root
9	young fruit
9	Top, young leaves
9	tissue culture of tea seedlings(height of 4-5 cm)
9	3rd and 4th leaf
9	Aboveground
8	whole seedlings
8	young true leaf
8	Whole rosette tissue
8	mix: leaf, apex, seedling
8	leaves from specimen
8	24DAP
8	Carpel
8	megagametophyte
8	Sperm
7	shoot apex
7	flower buds
7	Fronds
7	fresh, frozen leaves
7	Fresh leaves
7	Tapetum contain pollen
7	tuberous root
7	Stem and leaf
7	root and leaf
6	young spikes
6	Red ripe fruit
6	leaf6
6	leaf5
6	leaf4
6	leaf3
6	leaf2
6	leaf1
6	fruit receptacle
6	pericarp
6	GRAIN
6	Spikelet
6	Radicle
6	panicle
6	rosette
6	microalgae biomass
6	Callus tissue
6	Apical leaves
6	whole cultured cells
6	the third leaf
6	Embryo
6	Endosperm+tegument
6	Petioles
6	fruits
6	developing seed
6	root flesh
6	white peel
6	Floret
6	leaves overexpressing empty vector
6	taproot flesh
6	taproot skin
6	young inflorescence
6	sub-cortical tissue
6	Inflorescence
6	flesh
6	skin
6	immature leaf
6	Callus
6	3-4 leaves from top to bottom of the edible Chinese cabbage
6	leaf tip
6	Above-ground parts of one-month-old plants rooted seedlings
6	pine needles
6	Sour jujube kernel fruit
6	Mesocotyl
6	YOUNG INFLORESCENCE
6	Male flower
6	Female flower
6	Needle leaves of Pinus yunnanensis var. pygmaea (CK)
6	fower
6	mixed floral tissues
6	Root stele
6	Root epidermis
6	Root endodermis
6	Root cortex
6	Stem tip from Gleditsia delavayi
6	peripheral syncytium (Sync)
6	endosperm transfer cells (ETCs)
6	adventitious root
6	stem leaf
6	Leaf and Floral primorida pool
6	Mature anther
6	Pistil when anthers are immature
6	Pistil when anthers are mature
6	Palea+Lemma
6	Hypocotyl
6	Glume
6	Head at boot
6	Pistil one day after anthesis
6	Sepals of flower bud
6	curd tissue
5	leaf9
5	leaf8
5	leaf7
5	old leaf
5	Young leaves
5	fruit, growth stage 2
5	fruit, growth stage 1
5	whole flower, balloon stage
5	needles
5	Pollen
5	stems
5	Xylem
4	Whole Organism
4	untreated leaves
4	mature leaf
4	pollen
4	grain
4	fruit, growth stage 3
4	seeds
4	stem and modified leaves
4	silique
4	stigma
4	Pseudostem
4	infected parts
4	fresh leaf
4	Young leaves, stems, and roots
4	Dried: silica Gel
4	4DAG
4	leaves and roots
4	wood
4	roots, stem, leaves, developing buds, flowers, fruits
4	Leaf and stem
4	kernel
4	chloroplast
4	root plus epiderme
4	Dried leave (Herbarium voucher or silica-dried)
4	twig
4	mostly gametophyte
4	Mature leaf tissue, chloroplast
3	root flesh-3
3	root flesh-2
3	root flesh-1
3	leaves treated with PFBA
3	leaves treated with PFOA
3	leaves treated with CNPs-PFBA
3	leaves treated with CNPs-PFOA
3	leaves treated with CNPs
3	Lignified fresh tender leaves
3	Semilignified fresh tender leaves
3	Falcate adult leaves
3	Nonlignified fresh tender leaves
3	Microcotyledon during the vegetative phase
3	Distal bart of BM during the vegetative phase
3	Basal bart of BM during the vegetative phase
3	GM during the vegetative phase
3	GM during the reproductive phase
3	Bract tip
3	the inner muscle of the peel(pith)
3	mixture of old leaves, young leaves, stems, tendrils, male flowers, female flowers, fruits, seedling leaves, seedling stems, and seedling roots
3	whole tissue
3	grape berry
3	whole
3	cirrus
3	fresh leaves
3	Unopened buds
3	extracellular vesicles
3	Leaf_12
3	Leaf_11
3	Leaf_10
3	Leaf_9
3	Leaf_8
3	Leaf_7
3	Leaf_6
3	Leaf_5
3	Leaf_4
3	Leaf_3
3	Leaf_2
3	Leaf_1
3	aerial
3	Coleoptile/shoot
3	Primary root
3	1st leaf
3	Root tip/apex (1mm)
3	Root elongation zone (2mm)
3	Root maturation zone (2mm)
3	3rd leaf
3	plantlet
3	somatic embryo
3	purple peel
3	green peel
3	leaves overexpressing MYB308
3	leaf (Silica collection)
3	leaf (Herbarium Voucher)
3	male
3	Soil
3	male flower
3	Leaf and scape
3	leaf bud
3	lateral root after RKN infected
3	Untreated lateral roots
3	PLB
3	Uninfected roots
3	various
3	pod of Gleditsia japonica var. delavayi
3	thorn of Gleditsia japonica var. delavayi
3	real leave
3	leaf, flower
3	leaf18
3	leaf17
3	leaf16
3	leaf15
3	leaf14
3	leaf13
3	leaf12
3	leaf11
3	leaf10
3	steam
3	twigs
3	perisperm
3	bloom
3	Needle leaves of Pinus yunnanensis var. pygmaea (60d)
3	Needle leaves of Pinus yunnanensis var. pygmaea (48d)
3	Needle leaves of Pinus yunnanensis var. pygmaea (36d)
3	Needle leaves of Pinus yunnanensis var. pygmaea (24d)
3	Needle leaves of Pinus yunnanensis var. pygmaea (12d)
3	the roots
3	Non-Embryogenic Callus
3	Embryogenic Callus
3	Needle leaves of Pinus yunnanensis var. pygmaea after 3 days of rehydration.
3	Needle leaves of Pinus yunnanensis var. pygmaea after 35 days of drought.
3	Needle leaves of Pinus yunnanensis var. pygmaea after 28 days of drought.
3	Needle leaves of Pinus yunnanensis var. pygmaea after 21 days of drought.
3	Needle leaves of Pinus yunnanensis var. pygmaea after 14 days of drought.
3	Needle leaves of Pinus yunnanensis var. pygmaea after 7 days of drought.
3	Seed pod
3	mix of flower and leaf
3	leaves overexpressing LINC15957
3	Root differentiation zones
3	Root elongation zones
3	Root meristem zones
3	shoot apical meristeme
3	root apical meristeme
3	Pinus yunnanensis var.pygmaea root tip tissue
3	Pinus yunnanensis var.pygmaea apical meristems
3	Chloroplast whole genome
3	pericarp and hulls
3	shell
2	Apical seedling
2	Inflorescences
2	Leaf tissue
2	leaf and stem
2	Basal part of macrocotyledons
2	Flowering spikes
2	caulin leaf
2	Mixed root, stem and leaf
2	stolon
2	the plant
2	Berry_24
2	Berry_23
2	Berry_22
2	Berry_21
2	Berry_20
2	Berry_19
2	Berry_18
2	Berry_17
2	Berry_16
2	Berry_15
2	Berry_14
2	Berry_13
2	whole specimen
2	Somatic Embryo-LCE-4
2	Somatic Embryo-LCE-3
2	Somatic Embryo-LCE-2
2	Somatic Embryo-LCE-1
2	Somatic Embryo-PCE-4
2	Somatic Embryo-PCE-3
2	Somatic Embryo-PCE-2
2	Somatic Embryo-PCE-1
2	Somatic Embryo-LTE-4
2	Somatic Embryo-LTE-3
2	Somatic Embryo-LTE-1
2	Somatic Embryo-PTE-4
2	Somatic Embryo-PTE-3
2	Somatic Embryo-PTE-1
2	Somatic Embryo-HE-3
2	Somatic Embryo-HE-2
2	Somatic Embryo-HE-1
2	Somatic Embryo-GE-4
2	Somatic Embryo-GE-3
2	Somatic Embryo-GE-2
2	Somatic Embryo-GE-1
2	Somatic Embryo-NSE-4
2	Somatic Embryo-NSE-3
2	Somatic Embryo-NSE-2
2	Somatic Embryo-NSE-1
2	ovule
2	Leaf fragment
2	leaft
2	Stem/Bulb scale
2	petals
2	StemLeaf
2	whole plants
2	leaf and root
2	young expanding leaf tissue
2	Red skin
2	White skin
2	Leaves and stem
2	Leave
2	coleoptile
2	the shoot apex
2	dried leaf
2	Developing spikes
2	SM rhizosphere root
2	mixture of leaf and root
2	8DAP
2	fecal
2	Seeds
2	wounded leaves of stage 2
2	Leaf flesh
2	tea leaves
2	leaf54
2	leaf53
2	leaf52
2	leaf51
2	leaf50
2	leaf49
2	leaf48
2	leaf47
2	leaf46
2	leaf45
2	leaf44
2	leaf43
2	leaf42
2	leaf41
2	leaf40
2	leaf39
2	leaf38
2	leaf37
2	leaf36
2	leaf35
2	leaf34
2	leaf33
2	leaf32
2	leaf31
2	leaf30
2	leaf29
2	leaf28
2	leaf27
2	leaf26
2	leaf25
2	leaf24
2	leaf23
2	leaf22
2	leaf21
2	leaf20
2	leaf19
2	Whole plants of Berchemia polyphylla var. Leioclada and rhizospheric soil
2	Gametophyte
2	plant leave
2	Root tip
2	trunk
2	Pericarp
2	Stem tip from Homologous grafting GD/GD 3
2	Stem tip from Homologous grafting GD/GD 2
2	Stem tip from Homologous grafting GD/GD 1
2	Tepals
2	immature ear
2	floral bud
2	Yellow leaf
2	Yellow leaf protoplast
2	flash-frozen leaves
2	pulp
1	Flesh
1	above ground vegetative plant parts (leaf, stem)
1	leaf and flower
1	Influorescence
1	unknown
1	Anthesis
1	shoot_319
1	shoot_318
1	shoot_317
1	shoot_316
1	shoot_315
1	shoot_314
1	shoot_313
1	shoot_312
1	shoot_311
1	shoot_310
1	shoot_309
1	shoot_308
1	shoot_307
1	shoot_306
1	shoot_305
1	shoot_304
1	shoot_303
1	shoot_302
1	shoot_301
1	shoot_300
1	shoot_299
1	shoot_298
1	shoot_297
1	shoot_296
1	shoot_295
1	shoot_294
1	shoot_293
1	shoot_292
1	shoot_291
1	shoot_290
1	shoot_289
1	shoot_288
1	shoot_287
1	shoot_286
1	shoot_285
1	shoot_284
1	shoot_283
1	shoot_282
1	shoot_281
1	shoot_280
1	shoot_279
1	shoot_278
1	shoot_277
1	shoot_276
1	shoot_275
1	shoot_274
1	shoot_273
1	shoot_272
1	shoot_271
1	shoot_270
1	shoot_269
1	shoot_268
1	shoot_267
1	shoot_266
1	shoot_265
1	shoot_264
1	shoot_263
1	shoot_262
1	shoot_261
1	shoot_260
1	shoot_259
1	shoot_258
1	shoot_257
1	shoot_256
1	shoot_255
1	shoot_254
1	shoot_253
1	shoot_252
1	shoot_251
1	shoot_250
1	shoot_249
1	shoot_248
1	shoot_247
1	shoot_246
1	shoot_245
1	shoot_244
1	shoot_243
1	shoot_242
1	shoot_241
1	shoot_240
1	shoot_239
1	shoot_238
1	shoot_237
1	shoot_236
1	shoot_235
1	shoot_234
1	shoot_233
1	shoot_232
1	shoot_231
1	shoot_230
1	shoot_229
1	shoot_228
1	shoot_227
1	shoot_226
1	shoot_225
1	shoot_224
1	shoot_223
1	shoot_222
1	shoot_221
1	shoot_220
1	shoot_219
1	shoot_218
1	shoot_217
1	shoot_216
1	shoot_215
1	shoot_214
1	shoot_213
1	shoot_212
1	shoot_211
1	shoot_210
1	shoot_209
1	shoot_208
1	shoot_207
1	shoot_206
1	shoot_205
1	shoot_204
1	shoot_203
1	shoot_202
1	shoot_201
1	shoot_200
1	shoot_199
1	shoot_198
1	shoot_197
1	shoot_196
1	shoot_195
1	shoot_194
1	shoot_193
1	shoot_192
1	shoot_191
1	shoot_190
1	shoot_189
1	shoot_188
1	shoot_187
1	shoot_186
1	shoot_185
1	shoot_184
1	shoot_183
1	shoot_182
1	shoot_181
1	shoot_180
1	shoot_179
1	shoot_178
1	shoot_177
1	shoot_176
1	shoot_175
1	shoot_174
1	shoot_173
1	shoot_172
1	shoot_171
1	shoot_170
1	shoot_169
1	shoot_168
1	shoot_167
1	shoot_166
1	shoot_165
1	shoot_164
1	shoot_163
1	shoot_162
1	shoot_161
1	shoot_160
1	shoot_159
1	shoot_158
1	shoot_157
1	shoot_156
1	shoot_155
1	shoot_154
1	shoot_153
1	shoot_152
1	shoot_151
1	shoot_150
1	shoot_149
1	shoot_148
1	shoot_147
1	shoot_146
1	shoot_145
1	shoot_144
1	shoot_143
1	shoot_142
1	shoot_141
1	shoot_140
1	shoot_139
1	shoot_138
1	shoot_137
1	shoot_136
1	shoot_135
1	shoot_134
1	shoot_133
1	shoot_132
1	shoot_131
1	shoot_130
1	shoot_129
1	shoot_128
1	shoot_127
1	shoot_126
1	shoot_125
1	shoot_124
1	shoot_123
1	shoot_122
1	shoot_121
1	shoot_120
1	shoot_119
1	shoot_118
1	shoot_117
1	shoot_116
1	shoot_115
1	shoot_114
1	shoot_113
1	shoot_112
1	shoot_111
1	shoot_110
1	shoot_109
1	shoot_108
1	shoot_107
1	shoot_106
1	shoot_105
1	shoot_104
1	shoot_103
1	shoot_102
1	shoot_101
1	shoot_100
1	shoot_99
1	shoot_98
1	shoot_97
1	shoot_96
1	shoot_95
1	shoot_94
1	shoot_93
1	shoot_92
1	shoot_91
1	shoot_90
1	shoot_89
1	shoot_88
1	shoot_87
1	shoot_86
1	shoot_85
1	shoot_84
1	shoot_83
1	shoot_82
1	shoot_81
1	shoot_80
1	shoot_79
1	shoot_78
1	shoot_77
1	shoot_76
1	shoot_75
1	shoot_74
1	shoot_73
1	shoot_72
1	shoot_71
1	shoot_70
1	shoot_69
1	shoot_68
1	shoot_67
1	shoot_66
1	shoot_65
1	shoot_64
1	shoot_63
1	shoot_62
1	shoot_61
1	shoot_60
1	shoot_59
1	shoot_58
1	shoot_57
1	shoot_56
1	shoot_55
1	shoot_54
1	shoot_53
1	shoot_52
1	shoot_51
1	shoot_50
1	shoot_49
1	shoot_48
1	shoot_47
1	shoot_46
1	shoot_45
1	shoot_44
1	shoot_43
1	shoot_42
1	shoot_41
1	shoot_40
1	shoot_39
1	shoot_38
1	shoot_37
1	shoot_36
1	shoot_35
1	shoot_34
1	shoot_33
1	shoot_32
1	shoot_31
1	shoot_30
1	shoot_29
1	shoot_28
1	shoot_27
1	shoot_26
1	shoot_25
1	shoot_24
1	shoot_23
1	shoot_22
1	shoot_21
1	shoot_20
1	shoot_19
1	shoot_18
1	shoot_17
1	shoot_16
1	shoot_15
1	shoot_14
1	shoot_13
1	shoot_12
1	shoot_11
1	shoot_10
1	shoot_9
1	shoot_8
1	shoot_7
1	shoot_6
1	shoot_5
1	shoot_4
1	shoot_3
1	shoot_2
1	shoot_1
1	cotyledonary petiole
1	secondary pulvini
1	tertiary pulvini flexor
1	tertiary pulvini extensor
1	primary pulvini adaxial side
1	primary pulvini abaxial side
1	inflorescence buds
1	leaflet
1	whole plant (night time)
1	whole plant (day time)
1	mixed tissue
1	Young Leaf
1	mixed
1	valve
1	Shoot and cambium
1	etiolated leaf
1	Leaves & stem
1	whole plant1
1	leaf，replicate = biological replicate 6
1	leaf，replicate = biological replicate 5
1	leaf，replicate = biological replicate 4
1	leaf，replicate = biological replicate 3
1	leaf，replicate = biological replicate 2
1	leaf，replicate = biological replicate 1
1	Callus tissue，replicate = biological replicate 15
1	Callus tissue，replicate = biological replicate 14
1	Callus tissue，replicate = biological replicate 13
1	Callus tissue，replicate = biological replicate 12
1	Callus tissue，replicate = biological replicate 11
1	Callus tissue，replicate = biological replicate 10
1	Callus tissue，replicate = biological replicate 9
1	Callus tissue，replicate = biological replicate 8
1	Callus tissue，replicate = biological replicate 7
1	Callus tissue，replicate = biological replicate 6
1	Callus tissue，replicate = biological replicate 5
1	Callus tissue，replicate = biological replicate 4
1	Callus tissue，replicate = biological replicate 3
1	Callus tissue，replicate = biological replicate 2
1	Callus tissue，replicate = biological replicate 1
1	Flower bud
1	Post anthesis flowers
1	Flower (mixture of pre and post anthesis flowers)
1	Stem3
1	Stem2
1	Stem1
1	Root3
1	Root2
1	Root1
1	Leaf3
1	Leaf2
1	Leaf1
1	limb
1	leaf tissue (inflorescence/bracts)
1	Diploid bud meristem
1	Thalli
1	Somatic Embryo
1	flower6
1	flower5
1	flower4
1	stem6
1	stem5
1	stem4
1	root6
1	root5
1	root4
1	flower3
1	flower2
1	flower1
1	stem3
1	stem2
1	stem1
1	root3
1	root2
1	root1
1	lateral branch
1	lead
1	herbarium samples
1	young leaves and fowering buds
1	Bulb scale
1	seedpod
1	anthers
1	ripe fruit
1	tissue
1	mature leaf tissue
1	vegetative shoots
1	young shoots with leaves and flower buds
1	seeding stem
1	seeding root
1	flowering leaf
1	Tuber
1	somatic embryogenesis
1	Fresh leafs
1	plant leaf
1	Foliar tissue
1	The roots with lateral roots were collected at 40 days after rooting initiation
1	The main root were collected at 20 days after rooting initiation
1	RNA-seq of Camellia sinensis var. assamica cv. Hainan-dayezhong
1	WGS of Camellia sinensis var. assamica cv. Hainan-dayezhong, Nanopore reads
1	WGS of Camellia sinensis var. assamica cv. Hainan-dayezhong, illumina reads
1	seed3
1	seed2
1	seed1
1	endosperm6
1	endosperm5
1	endosperm4
1	endosperm3
1	endosperm2
1	endosperm1
1	WGS of Ottelia acuminata var. jingxiensis
1	longan pulp
1	multi-branch plasticity6
1	multi-branch plasticity5
1	multi-branch plasticity4
1	multi-branch plasticity3
1	multi-branch plasticity2
1	multi-branch plasticity1
1	Vegetative and reproductive meristem tissue
1	root, leaf, fruit, flower
1	Seedling leaves
1	Leaf chloroplast genes
1	SM rhizosphere soil
1	Herbarium leaves, flowers, and stems
1	Flowers and young leaves
1	herbarium epiderm
1	Hainan university
1	specimen
1	banana fruit(first emergence of the banana inflorescence)
1	plantlet treated with IBA
1	plantlet treated with TIBA
1	plantlet treated with IBA and TIBA
1	16 root
1	15 root
1	14 root
1	13 root
1	12 root
1	11 root
1	10 root
1	9 root
1	8 root
1	7 root
1	6 root
1	5 root
1	4 root
1	3 root
1	2 root
1	1 root
1	leaves -6
1	leaves -5
1	leaves -4
1	leaves -3
1	leaves -2
1	leaves -1
1	seedlings (whole)
1	seed (imbibed)
1	leaves18
1	top of the shoot
1	stem, leaf, flower, fruit, root
1	green leaf
1	mature leaf36
1	mature leaf35
1	mature leaf34
1	mature leaf33
1	mature leaf32
1	mature leaf31
1	mature leaf30
1	mature leaf29
1	mature leaf28
1	mature leaf27
1	mature leaf26
1	mature leaf25
1	mature leaf24
1	mature leaf23
1	mature leaf22
1	mature leaf21
1	mature leaf20
1	mature leaf19
1	mature leaf18
1	mature leaf17
1	mature leaf16
1	mature leaf15
1	mature leaf14
1	mature leaf13
1	mature leaf12
1	mature leaf11
1	mature leaf10
1	mature leaf9
1	mature leaf8
1	mature leaf7
1	mature leaf6
1	mature leaf5
1	mature leaf4
1	mature leaf3
1	mature leaf2
1	mature leaf1
1	roots and nodules
1	rachis
1	Epidermis
1	gametophyte
1	epidermal tissue
1	stamen
1	sepaloid tepals
1	pistil
1	petaloid tepals
1	pad epidermal tissue
1	fruit epidermal
1	apex
1	curd4.2
1	curd4.1
1	curd3.2
1	curd3.1
1	curd2.2
1	curd2.1
1	curd1.2
1	curd1.1
1	the first unfold leaves
1	fifth leaf at older age
1	fifth leaf at younger age
1	first leaf at older age
1	first leaf at younger age
1	young leaves for scRNA-seq
1	MeJA-treated leaves
1	stressed leaves
1	old stems
1	young stems
1	old roots
1	old flowers
1	primary roots
1	old leaves
1	leaves near buds
1	middle-aged leaves
1	young flowers
1	secondary roots
1	old buds
1	middle-aged buds
1	young buds
1	root leaf stem
1	Stem segments 12
1	Stem segments 11
1	Stem segments 10
1	Stem segments 9
1	Stem segments 8
1	Stem segments 7
1	Stem segments 6
1	Stem segments 5
1	Stem segments 4
1	Stem segments 3
1	Stem segments 2
1	Stem segments 1
1	Pitcher leaf
1	nodal stems and apical buds
1	Sterile Leaf
1	subterranean seed
1	subterranean pod shell
1	subterranean stem
1	aerial seed
1	aerial pod shell
1	aerial stem
1	stem tip Pp_3
1	stem tip Pp_2
1	stem tip Pp_1
1	stem tip Pp_Pp_3
1	stem tip Pp_Pp_2
1	stem tip Pp_Pp_1
1	stem tip Pp_Pm_3
1	stem tip Pp_Pm_2
1	stem tip Pp_Pm_1
1	Buds
1	Flowers, leaves, stems
1	all tissue
1	Thallus
1	leaf-11
1	leaf-10
1	leaf-9
1	leaf-8
1	leaf-7
1	leaf-6
1	leaf-5
1	leaf-4
1	leaf-3
1	leaf-2
1	leaf-1
1	leaf-0
1	leaf_rep2
1	leaf_rep1
1	P5_360_3 Stems
1	P5_360_2 Stems
1	P5_360_1 Stems
1	P5_194_3 Stems
1	P5_194_2 Stems
1	P5_194_1 Stems
1	P4_360_3 Stems
1	P4_360_2 Stems
1	P4_360_1 Stems
1	P4_194_3 Stems
1	P4_194_2 Stems
1	P4_194_1 Stems
1	P3_360_3 Stems
1	P3_360_2 Stems
1	P3_360_1 Stems
1	P3_194_3 Stems
1	P3_194_2 Stems
1	P3_194_1 Stems
1	P2_360_3 Stems
1	P2_360_2 Stems
1	P2_360_1 Stems
1	P2_194_3 Stems
1	P2_194_2 Stems
1	P2_194_1 Stems
1	P1_360_3 Stems
1	P1_360_2 Stems
1	P1_360_1 Stems
1	P1_194_3 Stems
1	P1_194_2 Stems
1	P1_194_1 Stems
1	Mix of tissue, pooled into one sample. See description.
1	Leasf
1	branch
1	Different parts
1	leaf/petal
1	Fruiting
1	root, leaf, flower and fruit.
1	stems, leaves, flowers, buds and fruits
1	Silique
1	fresh young leaves in June, 2020
1	rhizome2
1	silca-dried leaves
1	Microspore
1	Fresh root
1	root tissue
1	root、stem、leaf、flower、shot tip5
1	root、stem、leaf、flower、shot tip4
1	root、stem、leaf、flower、shot tip3
1	root、stem、leaf、flower、shot tip2
1	root、stem、leaf、flower 、shot tip1
1	budyoung fruit young leaf mix
1	leafe
1	Buds, young fruit, young leaves
1	Cells
1	Stems, leaves, flowers and fruits
1	Flowers and leaves
1	The whole plant
1	mix of roots, stems, leaves, flowers, and fruits
1	root and sterm
1	greenish leaf
1	brown leaf
1	equal parts leaf, petiole, flower
1	entire germinating seedling
1	phloem from storage root
1	xylem from storage root
1	needle.133
1	needle.132
1	needle.131
1	needle.130
1	needle.129
1	needle.128
1	needle.127
1	needle.126
1	needle.125
1	needle.124
1	needle.123
1	needle.122
1	needle.121
1	needle.120
1	needle.119
1	needle.118
1	needle.117
1	needle.116
1	needle.115
1	needle.114
1	needle.113
1	needle.112
1	needle.111
1	needle.110
1	needle.109
1	needle.108
1	needle.107
1	needle.106
1	needle.105
1	needle.104
1	needle.103
1	needle.102
1	needle.101
1	needle.100
1	needle.99
1	needle.98
1	needle.97
1	needle.96
1	needle.95
1	needle.94
1	needle.93
1	needle.92
1	needle.91
1	needle.90
1	needle.89
1	needle.88
1	needle.87
1	needle.86
1	needle.85
1	needle.84
1	needle.83
1	needle.82
1	needle.81
1	needle.80
1	needle.79
1	needle.78
1	needle.77
1	needle.76
1	needle.75
1	needle.74
1	needle.73
1	needle.72
1	needle.71
1	needle.70
1	needle.69
1	needle.68
1	needle.67
1	needle.66
1	needle.65
1	needle.64
1	needle.63
1	needle.62
1	needle.61
1	needle.60
1	needle.59
1	needle.58
1	needle.57
1	needle.56
1	needle.55
1	needle.54
1	needle.53
1	needle.52
1	needle.51
1	needle.50
1	needle.49
1	needle.48
1	needle.47
1	needle.46
1	needle.45
1	needle.44
1	needle.43
1	needle.42
1	needle.41
1	needle.40
1	needle.39
1	needle.38
1	needle.37
1	needle.36
1	needle.35
1	needle.34
1	needle.33
1	needle.32
1	needle.31
1	needle.30
1	needle.29
1	needle.28
1	needle.27
1	needle.26
1	needle.25
1	needle.24
1	needle.23
1	needle.22
1	needle.21
1	needle.20
1	needle.19
1	needle.18
1	needle.17
1	needle.16
1	needle.15
1	needle.14
1	needle.13
1	needle.12
1	needle.11
1	needle.10
1	needle.9
1	needle.8
1	needle.7
1	needle.6
1	needle.5
1	needle.4
1	needle.3
1	needle.2
1	needle.1
1	micro RNA
1	Shoot apical meristem
1	leaf DNA
1	Fresh tea leaves
1	Fruit leaves
1	tissues
1	dried flower buds
1	dried leaves
1	Soaking liquid of corn
1	Fiber
1	trichomes
1	Mix
1	Bulbs
