BioProject	doi
PRJDB10741	10.1099/jgv.0.001525
PRJDB12891	10.1073/pnas.2116896119
PRJDB12902	10.1073/pnas.2116896119
PRJDB15953	10.1093/molbev/msad186
PRJDB16420	10.64898/2026.08.07.743458
PRJDB19723	10.3390/plants14020241
PRJDB2278	10.1186/s12864-015-1480-x
PRJDB5677	10.1016/j.hpj.2025.06.018
PRJDB6779	10.1101/2021.02.21.431301
PRJDB8014	10.1111/mpp.12869
PRJDB9607	10.1093/plphys/kiag187
PRJEB10406	10.3390/genes16050539
PRJEB10574	10.1111/tpj.14184
PRJEB11304	10.1186/s13059-016-1145-3
PRJEB12497	10.1186/s12864-016-2684-4
PRJEB13048	10.3389/fpls.2022.985396
PRJEB13569	10.3390/jof4010039
PRJEB15280	10.1093/gbe/evx241
PRJEB19257	10.1094/PDIS-06-20-1329-RE
PRJEB21223	10.1038/s41598-017-04792-5
PRJEB21682	10.1186/s12915-023-01726-8
PRJEB22223	10.1038/s42003-018-0013-y
PRJEB24521	10.18699/vjgb-24-103
PRJEB24686	10.1038/s41467-023-43178-2
PRJEB3069	10.1126/science.1194573
PRJEB31334	10.1186/s12864-021-07488-3
PRJEB33109	10.1186/s12864-021-07488-3
PRJEB34186	10.1093/gpbjnl/qzae012
PRJEB34899	10.1016/j.resmic.2020.05.001
PRJEB36444	10.1093/plcell/koab049
PRJEB36485	10.1111/ppa.13468
PRJEB39201	10.1186/s12864-021-07488-3
PRJEB39262	10.1186/s12870-021-03110-6
PRJEB39398	10.1111/1758-2229.70034
PRJEB39756	10.1002/ps.6380
PRJEB44222	10.1038/s41467-023-37551-4
PRJEB44745	10.1073/pnas.2301358120
PRJEB45007	10.1073/pnas.2301358120
PRJEB46918	10.1038/s41467-023-37551-4
PRJEB46991	10.1038/s41598-021-01376-2
PRJEB47693	10.1111/ppa.13532
PRJEB47779	10.1186/s12915-023-01726-8
PRJEB48949	10.3390/plants11070864
PRJEB50522	10.1038/s42003-022-03780-4
PRJEB51973	10.1101/2022.04.05.487121
PRJEB53625	10.1371/journal.pbio.3001945
PRJEB55233	10.1038/s41598-022-27030-z
PRJEB55781	10.3390/ijms27010457
PRJEB59062	10.1186/s12915-024-01852-x
PRJEB59238	10.1186/s12915-024-01852-x
PRJEB64683	10.1101/2024.02.16.580628
PRJEB65589	10.1111/nph.19864
PRJEB67960	10.1038/s41467-025-60033-8
PRJEB68334	10.1111/mpp.13498
PRJEB6937	10.1094/PHYTO-09-21-0393-R
PRJEB75479	10.1080/15476286.2025.2459039
PRJEB75530	10.1371/journal.ppat.1007666
PRJEB77002	10.3389/fpls.2024.1464454
PRJEB79249	10.1038/s41598-025-96159-4
PRJEB84390	10.1186/s12864-025-12230-4
PRJEB86173	10.1093/jxb/eraf337
PRJEB8798	10.1104/pp.114.255927
PRJEB88084	10.1111/tpj.70590
PRJEB88172	10.1186/s13059-025-03906-x
PRJEB88178	10.1111/nph.71053
PRJEB9490	10.15252/embr.201540509
PRJEB98125	10.1016/j.envexpbot.2026.106352
PRJNA1006160	10.1093/g3journal/jkae191
PRJNA1006331	10.1111/tpj.70182
PRJNA1011022	10.1007/s42161-024-01672-6
PRJNA1011491	10.3390/jof9100988
PRJNA1013336	10.1016/j.xplc.2024.101011
PRJNA1013391	10.3389/fpls.2024.1444271
PRJNA1017476	10.1371/journal.ppat.1012671
PRJNA1018253	10.1111/tpj.16978
PRJNA1018308	10.1186/s40168-024-01839-4
PRJNA1018845	10.1038/s41598-024-53643-7
PRJNA1021048	10.3389/fmicb.2024.1357579
PRJNA1022321	10.1186/1755-8794-7-40
PRJNA1025922	10.1038/s41597-024-03361-6
PRJNA1028178	10.3390/biology13070522
PRJNA1031966	10.1111/pbi.70279
PRJNA1036172	10.1111/jipb.13732
PRJNA1039520	10.1111/pce.15039
PRJNA1041741	10.1093/plcell/koaf105
PRJNA1043471	10.1111/mpp.13413
PRJNA1052939	10.21203/rs.3.rs-3910094/v1
PRJNA1055424	10.1101/2025.05.29.656841
PRJNA1055939	10.1101/2025.05.29.656841
PRJNA1056156	10.3389/fpls.2024.1330061
PRJNA1058883	10.3390/ijms25052701
PRJNA1063333	10.1094/MPMI-09-23-0146-FI
PRJNA1064071	10.1093/nar/gkaf1441
PRJNA1065649	10.1038/s41467-024-49110-6
PRJNA1069975	10.1111/nph.70025
PRJNA1072674	10.3390/plants13070982
PRJNA1073691	10.3390/ijms25116214
PRJNA1077452	10.3390/jof11050375
PRJNA1079030	10.3390/ijms241713263
PRJNA1080069	10.1007/s12298-024-01455-4
PRJNA1081807	10.1002/ndr2.12312
PRJNA1083222	10.1007/s11427-024-2780-4
PRJNA1085399	10.1016/j.micres.2024.127836
PRJNA1092066	10.3389/fpls.2024.1415534
PRJNA1092346	10.1186/s12870-024-05145-x
PRJNA1100217	10.1080/17429145.2024.2393803
PRJNA1100932	10.3390/jof10060368
PRJNA1101711	10.1186/s12864-025-12303-4
PRJNA1101865	10.1093/jxb/eraf437
PRJNA1101972	10.1093/aobpla/plae056
PRJNA1102319	10.1007/s00299-025-03544-4
PRJNA1103978	10.1186/s12284-026-00893-w
PRJNA1106750	10.1016/j.soilbio.2025.109813
PRJNA1108053	10.3390/jof10110773
PRJNA1108966	10.3389/fpls.2024.1439380
PRJNA1111437	10.1099/mgen.0.001485
PRJNA1112547	10.3390/ijms251910655
PRJNA1113144	10.1186/s12870-024-06032-1
PRJNA1113349	10.1186/s12870-024-05455-0
PRJNA1115892	10.3390/plants13233391
PRJNA1120176	10.1016/j.jia.2024.07.040
PRJNA1121488	10.1038/s41598-026-43665-8
PRJNA1122550	10.1094/PHYTO-12-24-0397-R
PRJNA1122595	10.1094/PHYTO-07-24-0240-R
PRJNA1123450	10.1093/jxb/eraf473
PRJNA1128586	10.1007/s00344-026-12102-5
PRJNA1129295	10.1111/nph.19967
PRJNA1133704	10.3390/plants13141989
PRJNA1135933	10.1111/nph.71053
PRJNA1137604	10.3390/jof11080580
PRJNA1139870	10.1111/tpj.17079
PRJNA1139942	10.1002/ps.70786
PRJNA1143388	10.3389/fgene.2024.1432997
PRJNA1144135	10.1111/nph.20288
PRJNA1145503	10.1093/hr/uhag073
PRJNA1148379	10.1111/jipb.13772
PRJNA1152285	10.3389/fmicb.2025.1572568
PRJNA1153365	10.1038/s41588-024-01957-7
PRJNA1156254	10.1111/pce.15622
PRJNA1156920	10.1016/j.celrep.2024.114817
PRJNA1158549	10.1186/s12915-024-02043-4
PRJNA1160434	10.1016/j.molp.2025.07.008
PRJNA1161467	10.1016/j.molp.2024.09.006
PRJNA1162778	10.1128/mbio.03468-25
PRJNA1164193	10.1128/spectrum.00226-25
PRJNA1166635	10.1111/tpj.70472
PRJNA1170567	10.3390/ijms252413244
PRJNA1171632	10.1126/sciadv.adv1760
PRJNA1173795	10.1016/j.pmpp.2025.102965
PRJNA1177658	10.3389/fpls.2025.1554036
PRJNA1181034	10.1186/s12864-026-12964-9
PRJNA1181513	10.1126/science.adl5764
PRJNA1183537	10.3389/fpls.2025.1537605
PRJNA1187605	10.1093/g3journal/jkaf084
PRJNA1188982	10.1073/pnas.2500029122
PRJNA1189193	10.1016/j.plaphy.2025.109874
PRJNA1190367	10.1038/s41467-026-69532-8
PRJNA1191549	10.1186/s12870-024-05903-x
PRJNA1193783	10.3389/fmicb.2025.1546583
PRJNA1195373	10.1002/imt2.70029
PRJNA1195871	10.1101/gr.280359.124
PRJNA1196143	10.1021/acs.jafc.5c01032
PRJNA1200603	10.1111/nph.71146
PRJNA1202856	10.1111/jipb.70241
PRJNA1203036	10.1016/j.ijfoodmicro.2026.111635
PRJNA1203070	10.3390/ijms26020640
PRJNA1203203	10.1038/s41588-025-02294-z
PRJNA1203349	10.1186/s12870-025-06405-0
PRJNA1203667	10.1093/ve/veag010
PRJNA1207595	10.1101/2025.05.26.656185
PRJNA1211198	10.1016/j.cub.2026.01.001
PRJNA1211507	10.3390/jof11020124
PRJNA1214325	10.1016/j.molp.2026.01.005
PRJNA1215988	10.3389/fmicb.2025.1639396
PRJNA1216589	10.1186/s12870-025-06565-z
PRJNA1216614	10.1093/plcell/koaf233
PRJNA1217477	10.1073/pnas.2601719123
PRJNA1219206	10.1007/s42161-025-01986-z
PRJNA1220327	10.1101/2025.03.27.645716
PRJNA1221348	10.3389/fpls.2025.1537921
PRJNA1221773	10.1016/j.cub.2026.01.001
PRJNA1226203	10.1016/j.xplc.2025.101542
PRJNA1231252	10.1038/s42003-026-10018-0
PRJNA1232637	10.3390/pathogens14111087
PRJNA1237933	10.1094/PDIS-03-25-0599-PDN
PRJNA1237996	10.3389/fpls.2025.1628068
PRJNA1240218	10.1016/j.celrep.2025.115772
PRJNA1242805	10.1016/j.celrep.2025.115772
PRJNA1243574	10.1016/j.plaphy.2025.110662
PRJNA1244272	10.1111/tpj.70125
PRJNA1245285	10.1111/nph.71053
PRJNA1245489	10.3390/ijms26114983
PRJNA1246341	10.1111/ppl.70702
PRJNA1247987	10.1186/s12864-025-12144-1
PRJNA1248058	10.1038/s41597-025-06501-8
PRJNA1250220	10.3390/ijms26115194
PRJNA1251656	10.1038/s41467-025-61474-x
PRJNA1255829	10.1016/j.celrep.2025.116575
PRJNA1256908	10.3389/fpls.2026.1745952
PRJNA1261096	10.3389/fpls.2025.1540179
PRJNA1263482	10.1016/j.virol.2026.110820
PRJNA1265690	10.1093/jxb/eraf432
PRJNA1265958	10.3390/ijms26125538
PRJNA1267768	10.1038/s41467-026-69508-8
PRJNA1270936	10.1038/s42003-026-09667-y
PRJNA1272045	10.1128/mbio.02912-25
PRJNA1272129	10.1186/s12870-026-08414-z
PRJNA1274897	10.1093/g3journal/jkag151
PRJNA1276321	10.1111/nph.70621
PRJNA1279063	10.1101/2025.10.14.682320
PRJNA1280538	10.1111/pbi.70388
PRJNA1286949	10.1111/jipb.13832
PRJNA1287296	10.1093/g3journal/jkaf252
PRJNA1293538	10.3390/plants14162458
PRJNA1305415	10.3389/fpls.2025.1694555
PRJNA1307747	10.1111/jac.70189
PRJNA1314945	10.21203/rs.3.rs-8808792/v1
PRJNA1315207	10.1016/j.chom.2026.02.001
PRJNA1321556	10.3390/biology14111488
PRJNA1328502	10.1093/femsle/fnag019
PRJNA1332781	10.3390/genes16101158
PRJNA1335398	10.3390/plants14233645
PRJNA1338360	10.1128/spectrum.02091-25
PRJNA1344827	10.1186/s12864-026-12947-w
PRJNA1347427	10.1186/s12870-026-08643-2
PRJNA1354640	10.1186/s12870-026-08210-9
PRJNA1356531	10.3389/fmicb.2026.1742203
PRJNA1363716	10.1186/s12870-026-08429-6
PRJNA1366440	10.1111/tpj.71018
PRJNA1366519	10.1111/pce.70566
PRJNA1367956	10.1186/s12870-014-0215-5
PRJNA1370671	10.1186/s12870-026-08539-1
PRJNA1374450	10.1016/j.funbio.2026.101828
PRJNA1390436	10.3389/fpls.2025.1724180
PRJNA1392009	10.3389/fpls.2026.1776686
PRJNA1394492	10.1101/2026.02.17.706082
PRJNA1394627	10.1111/nph.71312
PRJNA1394657	10.1128/mra.00510-26
PRJNA1405621	10.1128/aem.00681-26
PRJNA1414147	10.21203/rs.3.rs-8610641/v1
PRJNA1416783	10.1016/j.scienta.2026.114867
PRJNA1416819	10.1021/acs.jafc.6c00147
PRJNA1423152	10.3390/jof12070524
PRJNA1426573	10.1186/s12870-026-08784-4
PRJNA1426942	10.1101/2026.02.24.707787
PRJNA1428298	10.1073/pnas.2601719123
PRJNA1454804	10.1101/2026.04.23.720444
PRJNA1457771	10.1101/2026.05.09.724051
PRJNA1465640	10.64898/2026.06.02.729393
PRJNA147097	10.1038/ncomms2427
PRJNA1471993	10.3390/plants15121771
PRJNA1475220	10.3390/jof12070540
PRJNA148307	10.1038/ng.2372
PRJNA151285	10.1038/ng.2372
PRJNA151401	10.1016/j.molp.2020.08.001
PRJNA169154	10.1101/gr.152660.112
PRJNA171217	10.1186/s12864-016-2917-6
PRJNA176472	10.1371/journal.pgen.1007637
PRJNA179498	10.1080/15476286.2022.2043040
PRJNA18535	10.1073/pnas.1019315108
PRJNA202292	10.1186/1471-2164-15-313
PRJNA209313	10.1105/tpc.112.103499
PRJNA231064	10.1093/gigascience/giz039
PRJNA237967	10.1093/gbe/evu101
PRJNA240125	10.1111/nph.13087
PRJNA240676	10.1186/1471-2164-15-710
PRJNA245071	10.1016/j.gene.2014.06.029
PRJNA245759	10.1371/journal.ppat.1004432
PRJNA246444	10.1371/journal.pone.0178164
PRJNA246735	10.3389/fpls.2014.00435
PRJNA246736	10.3389/fpls.2014.00435
PRJNA250530	10.1371/journal.pone.0219207
PRJNA253086	10.1046/j.1364-3703.2003.00190.x
PRJNA254725	10.3390/molecules190810717
PRJNA256033	10.1093/dnares/dsu033
PRJNA256347	10.1186/s13059-015-0590-8
PRJNA259589	10.1371/journal.ppat.1004801
PRJNA260080	10.1111/nph.13948
PRJNA261444	10.1002/pld3.64
PRJNA265955	10.1038/ncomms10456
PRJNA271927	10.1038/s41438-021-00572-5
PRJNA273659	10.3390/cimb43020069
PRJNA274853	10.3390/cells11010037
PRJNA276444	10.7554/eLife.07295
PRJNA279922	10.1094/PHYTO-05-16-0197-R
PRJNA281236	10.1104/pp.15.00852
PRJNA283526	10.1038/srep22241
PRJNA289545	10.1186/s12864-022-08433-8
PRJNA290690	10.1094/MPMI-11-23-0181-R
PRJNA293109	10.3389/fmicb.2016.01113
PRJNA293283	10.1101/510404v1
PRJNA293594	10.1111/nph.18164
PRJNA293991	10.1186/s12864-016-2546-0
PRJNA294234	10.1111/mpp.12405
PRJNA294848	10.1093/nar/gkx085
PRJNA296349	10.1016/j.heliyon.2020.e04952
PRJNA296778	10.1093/gbe/evw020
PRJNA296894	10.1038/ng.3485
PRJNA297400	10.7717/peerj.1549
PRJNA297402	10.7717/peerj.1549
PRJNA299335	10.1101/510404v1
PRJNA300619	10.3390/toxins8020046
PRJNA302556	10.1038/srep18283
PRJNA304266	10.1016/j.ecoenv.2020.111816
PRJNA304618	10.1186/s12864-024-10445-5
PRJNA306542	10.1038/srep37302
PRJNA306679	10.1371/journal.ppat.1005697
PRJNA307989	10.1111/pce.14579
PRJNA308408	10.1186/s12864-016-2780-5
PRJNA311604	10.1093/gbe/evw259
PRJNA315041	10.1038/s41597-021-00872-4
PRJNA315516	10.3389/fpls.2020.00908
PRJNA318835	10.3390/v11121092
PRJNA321325	10.1111/tpj.13419
PRJNA321917	10.1093/jxb/erx338
PRJNA322439	10.1080/15592324.2023.2269675
PRJNA322501	10.1111/mpp.12464
PRJNA323552	10.1101/510404v1
PRJNA325493	10.3389/ffunb.2024.1459229
PRJNA326901	10.1371/journal.pone.0163803
PRJNA327013	10.1002/pld3.484
PRJNA327437	10.1186/s12864-017-3642-5
PRJNA328045	10.3389/fpls.2016.01784
PRJNA329199	10.1186/s12864-017-3961-6
PRJNA329579	10.1128/genomeA.00987-16
PRJNA331148	10.1186/s12864-017-3848-6
PRJNA336471	10.1016/j.celrep.2024.114786
PRJNA336478	10.1111/pce.12937
PRJNA338256	10.1038/s41598-018-30335-7
PRJNA339565	10.3389/fgene.2016.00206
PRJNA341340	10.7554/eLife.22472
PRJNA344467	10.1186/s12864-015-2193-x
PRJNA345005	10.7717/peerj.3237
PRJNA347320	10.1186/s12864-017-3678-6
PRJNA349155	10.1093/aob/mcw272
PRJNA350867	10.1371/journal.pone.0218844
PRJNA352342	10.1371/journal.ppat.1006670
PRJNA352824	10.3389/fpls.2022.1030720
PRJNA355407	10.1371/journal.pgen.1008272
PRJNA355905	10.3390/plants14203163
PRJNA357594	10.1186/s12864-018-4513-4
PRJNA357960	10.1038/s41598-019-40754-9
PRJNA358831	10.1093/database/baaf015
PRJNA36323	10.1534/g3.116.032797
PRJNA369690	10.1094/MPMI-03-17-0054-R
PRJNA371695	10.1038/s41598-017-10405-y
PRJNA376075	10.1038/s41598-024-71941-y
PRJNA376551	10.1016/j.cub.2017.02.044
PRJNA378602	10.1111/nph.14833
PRJNA381081	10.1186/s12864-019-5485-8
PRJNA382499	10.3389/fmicb.2017.00773
PRJNA383416	10.1038/nature25966
PRJNA383548	10.3389/fmicb.2021.679936
PRJNA383862	10.1128/mBio.00895-17
PRJNA384934	10.1104/pp.17.00390
PRJNA387508	10.1101/510404v1
PRJNA389503	10.1038/s41598-017-07995-y
PRJNA391024	10.1038/s41467-017-02782-9
PRJNA391093	10.1094/MPMI-12-17-0309-A
PRJNA392275	10.1534/g3.117.300196
PRJNA393407	10.56093/ijas.v89i10.94629
PRJNA395311	10.3389/fpls.2017.01427
PRJNA395908	10.1038/s41598-025-89119-5
PRJNA396467	10.1111/mpp.70042
PRJNA396589	10.1128/mBio.02275-17
PRJNA397359	10.3390/ijms19010031
PRJNA407369	10.1105/tpc.17.00764
PRJNA407475	10.1186/s12864-018-4934-0
PRJNA407898	10.1371/journal.pone.0206765
PRJNA407960	10.1186/s12864-017-4151-2
PRJNA412801	10.3389/fgene.2020.00959
PRJNA414570	10.1186/s12863-018-0668-x
PRJNA414966	10.3389/fpls.2019.01704
PRJNA415282	10.3389/fpls.2017.02155
PRJNA415355	10.1111/nph.14960
PRJNA415716	10.1002/ece3.4724
PRJNA415853	10.1126/science.aao7294
PRJNA415866	10.1186/s12915-021-01123-z
PRJNA417591	10.1534/genetics.118.300478
PRJNA418121	10.1371/journal.pgen.1007143
PRJNA418175	10.1126/science.aaq0892
PRJNA418364	10.3389/fpls.2017.02075
PRJNA419139	10.3389/fpls.2018.00522
PRJNA419480	10.1038/s41598-018-20419-9
PRJNA422914	10.1186/s12864-018-5041-y
PRJNA423161	10.1038/s41467-025-61827-6
PRJNA431598	10.1105/tpc.17.00238
PRJNA432224	10.3390/ijms241914885
PRJNA432496	10.1038/s41598-019-49915-2
PRJNA434179	10.1111/mpp.12734
PRJNA434655	10.1371/journal.pone.0214703
PRJNA436064	10.1101/350785v1
PRJNA437324	10.1186/s12870-019-1653-x
PRJNA447872	10.1371/journal.pgen.1007467
PRJNA448328	10.1111/nph.15221
PRJNA450087	10.1186/s12864-018-5012-3
PRJNA450305	10.3389/fpls.2022.996672
PRJNA471709	10.1111/pbi.13082
PRJNA473305	10.1093/gbe/evz040
PRJNA473829	10.7554/eLife.44279
PRJNA473896	10.3389/fmicb.2018.02259
PRJNA476648	10.1101/2020.04.28.061093
PRJNA476679	10.1186/s13059-019-1744-x
PRJNA477359	10.1111/mpp.12984
PRJNA477716	10.1073/pnas.1811267116
PRJNA477951	10.1016/j.dib.2019.104150
PRJNA480740	10.1111/1462-2920.15031
PRJNA480999	10.1016/j.plaphy.2018.08.006
PRJNA483762	10.1038/s41467-019-08726-9
PRJNA483957	10.3389/fpls.2021.657796
PRJNA484520	10.1371/journal.pone.0207036
PRJNA485739	10.3389/fmicb.2019.01474
PRJNA487807	10.3390/microorganisms7110495
PRJNA490563	10.1038/s41564-020-0774-1
PRJNA491634	10.1128/MRA.01064-18
PRJNA491716	10.1038/s41477-019-0509-6
PRJNA492913	10.1111/nph.15904
PRJNA495475	10.1093/jxb/erz345
PRJNA496584	10.1111/mpp.13269
PRJNA501892	10.1186/s12864-019-5517-4
PRJNA503094	10.1128/MRA.01607-18
PRJNA504749	10.1371/journal.pone.0246052
PRJNA505891	10.1105/tpc.18.00930
PRJNA508768	10.1101/2021.08.22.455814
PRJNA509070	10.3390/ijms22094938
PRJNA509214	10.1186/s12870-019-2149-4
PRJNA509606	10.3389/fpls.2019.00268
PRJNA510920	10.1038/s41467-019-09287-7
PRJNA513863	10.1016/j.plantsci.2019.110178
PRJNA514200	10.1038/s41597-019-0140-4
PRJNA515188	10.1038/s41598-020-70882-6
PRJNA515933	10.1038/s41588-019-0425-8
PRJNA516028	10.1128/mBio.00454-19
PRJNA516233	10.3389/fmicb.2020.01122
PRJNA516496	10.1038/s41598-019-56396-w
PRJNA516527	10.1111/pce.13803
PRJNA517178	10.1038/s41598-020-59518-x
PRJNA522013	10.3389/fpls.2024.1345774
PRJNA523226	10.1038/s41467-019-10550-0
PRJNA524397	10.1128/MRA.00214-19
PRJNA524449	10.1128/MRA.00110-19
PRJNA525575	10.1128/MRA.00093-19
PRJNA526829	10.1128/mBio.03304-19
PRJNA527147	10.1111/1462-2920.15432
PRJNA527733	10.3389/fpls.2025.1722162
PRJNA527782	10.1073/pnas.1907500116
PRJNA528563	10.3390/plants8040098
PRJNA529541	10.3390/jof7110977
PRJNA531296	10.3389/fgene.2022.1086356
PRJNA531693	10.1186/s12864-019-6161-8
PRJNA539945	10.3389/fgene.2020.565146
PRJNA540081	10.1126/science.aba5435
PRJNA540228	10.1186/s12864-019-6369-7
PRJNA541021	10.1186/s12864-019-6011-8
PRJNA542165	10.1093/gbe/evz225
PRJNA542720	10.1128/MRA.00766-19
PRJNA545454	10.1042/BSR20201188
PRJNA545805	10.1186/s12864-020-6448-9
PRJNA545871	10.1038/s41598-020-70520-1
PRJNA548392	10.3390/genes11020127
PRJNA548433	10.3390/ijms20246135
PRJNA548845	10.3390/genes16050539
PRJNA549565	10.4236/ajps.2021.125058
PRJNA550997	10.1038/s41438-020-0316-2
PRJNA552611	10.1371/journal.pone.0226106
PRJNA552738	10.3390/jof7020091
PRJNA553311	10.1104/pp.20.00773
PRJNA554133	10.1093/g3journal/jkac043
PRJNA556310	10.1101/2020.09.01.277384
PRJNA560644	10.3389/fmicb.2020.00360
PRJNA562779	10.1016/j.hpj.2025.06.018
PRJNA563186	10.1101/2023.03.16.532963
PRJNA563868	10.1111/mpp.12867
PRJNA564465	10.1073/pnas.1918977117
PRJNA564795	10.3389/fpls.2020.00191
PRJNA565562	10.1128/mSystems.00650-19
PRJNA565800	10.1016/j.pmpp.2020.101464
PRJNA573599	10.1105/tpc.19.00487
PRJNA573931	10.1186/s12870-021-03149-5
PRJNA574280	10.1105/tpc.19.00806
PRJNA574559	10.1093/hr/uhac188
PRJNA574764	10.1111/pbi.13301
PRJNA575278	10.1128/MRA.01292-19
PRJNA575690	10.3389/fpls.2019.01617
PRJNA577523	10.1128/MRA.00473-20
PRJNA577532	10.1093/molbev/msz272
PRJNA578698	10.1016/j.jare.2020.10.004
PRJNA587128	10.1111/mpp.13199
PRJNA588102	10.1093/gbe/evaa071
PRJNA588304	10.1128/MRA.01437-19
PRJNA589754	10.3390/ijms20246278
PRJNA589993	10.3390/ijms21030848
PRJNA590139	10.3390/plants9070820
PRJNA590671	10.3390/ijms26104618
PRJNA591157	10.1186/s12864-020-07141-5
PRJNA593073	10.3390/genes14122223
PRJNA595343	10.3389/fmicb.2020.00051
PRJNA595999	10.1038/s41598-020-73521-2
PRJNA597539	10.1128/MRA.01587-19
PRJNA597792	10.1186/s12870-020-02709-5
PRJNA598331	10.15252/embr.202153400
PRJNA601001	10.1371/journal.pone.0229844
PRJNA601749	10.1371/journal.ppat.1008608
PRJNA605036	10.3389/fmicb.2020.01188
PRJNA605937	10.1111/nph.17312
PRJNA606032	10.1111/nph.16907
PRJNA606340	10.1128/MRA.00096-20
PRJNA607790	10.1128/MRA.00673-20
PRJNA607858	10.3389/fpls.2020.00500
PRJNA609405	10.3389/fmicb.2020.538032
PRJNA610066	10.1038/s41438-020-00387-w
PRJNA610657	10.1128/JB.00792-19
PRJNA611672	10.1371/journal.pone.0233616
PRJNA613154	10.1186/s12863-020-00851-5
PRJNA613891	10.1007/s00122-021-03784-4
PRJNA622764	10.3389/fmicb.2021.711545
PRJNA623526	10.1093/jxb/eraa601
PRJNA625627	10.3389/fgene.2020.00546
PRJNA628162	10.1094/MPMI-05-20-0109-A
PRJNA628751	10.3390/biom10050782
PRJNA629966	10.1186/s12864-024-10445-5
PRJNA630776	10.3389/fpls.2020.570418
PRJNA631873	10.1111/pce.14195
PRJNA632579	10.1038/s41598-019-52444-7
PRJNA633940	10.1093/dnares/dsag005
PRJNA636958	10.1101/2021.03.26.437179
PRJNA637660	10.1094/PHYTO-07-20-0297-A
PRJNA637940	10.1128/mSystems.00499-21
PRJNA640476	10.1016/j.xplc.2023.100775
PRJNA641330	10.1186/s13062-026-00788-2
PRJNA641525	10.3390/ijms23010276
PRJNA643593	10.3897/imafungus.16.143240
PRJNA643674	10.3389/fpls.2021.700446
PRJNA644240	10.3390/plants10122672
PRJNA644654	10.3390/ijms21165759
PRJNA646251	10.1371/journal.pgen.1009376
PRJNA646588	10.3389/fpls.2022.817199
PRJNA646633	10.3389/fmicb.2021.664857
PRJNA649944	10.3389/fpls.2020.551288
PRJNA655998	10.1111/ppa.13398
PRJNA658390	10.1128/AEM.02212-20
PRJNA660623	10.1186/s12864-021-07457-w
PRJNA662919	10.1038/s42003-021-02245-4
PRJNA662936	10.1093/plphys/kiab354
PRJNA664705	10.1128/mSystems.00580-20
PRJNA665613	10.3390/ijms24032088
PRJNA667277	10.1186/s12864-020-07138-0
PRJNA667351	10.1038/s41598-020-77593-y
PRJNA670341	10.1186/s12864-021-08033-y
PRJNA670487	10.1038/s41396-021-01058-x
PRJNA671670	10.1128/spectrum.00264-22
PRJNA672111	10.1093/nar/gkab091
PRJNA673988	10.3390/genes15060749
PRJNA674747	10.1111/nph.17625
PRJNA674985	10.1038/s41467-020-20777-x
PRJNA679433	10.1038/s41598-020-80280-7
PRJNA680190	10.3390/v13040583
PRJNA681878	10.1186/s12870-021-03245-6
PRJNA683746	10.1186/s12870-021-03393-9
PRJNA686475	10.1094/MPMI-06-21-0148-A
PRJNA687280	10.1186/s12864-021-07655-6
PRJNA689117	10.3389/fmicb.2022.837056
PRJNA689677	10.1094/PHYTO-05-21-0184-A
PRJNA690691	10.1038/s41467-021-22660-9
PRJNA692809	10.3389/fmicb.2022.818291
PRJNA694214	10.3389/fpls.2022.874654
PRJNA695320	10.3389/fpls.2021.670216
PRJNA698760	10.1128/spectrum.00349-22
PRJNA700112	10.3390/genes12060869
PRJNA700975	10.3390/jof7020150
PRJNA701852	10.3389/fpls.2021.666660
PRJNA705878	10.1186/s12915-021-01100-6
PRJNA706136	10.1007/s00122-023-04335-9
PRJNA707066	10.3389/fpls.2022.977056
PRJNA714375	10.1111/pbi.13693
PRJNA715088	10.15835/nbha50112640
PRJNA715112	10.1038/s41396-021-01138-y
PRJNA717217	10.3389/fpls.2021.692036
PRJNA720576	10.1186/s12864-022-08721-3
PRJNA721132	10.1111/nph.18117
PRJNA721299	10.7717/peerj.12968
PRJNA721468	10.3389/fpls.2021.664733
PRJNA721951	10.3390/genes12111789
PRJNA725323	10.1186/s13059-022-02658-2
PRJNA725619	10.1101/2021.05.05.442799
PRJNA727473	10.1038/s41588-022-01127-7
PRJNA728113	10.3389/fpls.2021.701969
PRJNA730711	10.1186/s13059-021-02446-4
PRJNA730888	10.1186/s12985-022-01872-5
PRJNA730918	10.1186/s12985-022-01872-5
PRJNA731024	10.1186/s12864-021-07800-1
PRJNA731618	10.1094/PHYTO-01-21-0032-R
PRJNA733882	10.1093/aob/mcac102
PRJNA735336	10.1186/s12870-025-06495-w
PRJNA737303	10.3389/fpls.2021.717643
PRJNA738667	10.1016/j.molp.2021.07.008
PRJNA739552	10.3389/fpls.2022.723356
PRJNA739688	10.1126/science.abj1342
PRJNA739851	10.1093/plcell/koab221
PRJNA740181	10.1111/tpj.15598
PRJNA742147	10.1093/plphys/kiab496
PRJNA743515	10.1111/mpp.13155
PRJNA744887	10.3389/fpls.2023.1212135
PRJNA745147	10.1016/j.jgr.2022.03.005
PRJNA746402	10.3389/fgene.2021.716821
PRJNA749126	10.3389/fpls.2021.721436
PRJNA749614	10.1371/journal.pone.0280004
PRJNA750086	10.1093/plphys/kiac038
PRJNA751374	10.3389/ffunb.2021.718557
PRJNA753546	10.1186/s12864-022-09001-w
PRJNA755474	10.1186/s13059-021-02568-9
PRJNA755600	10.1111/nph.18277
PRJNA757130	10.3389/fpls.2021.736560
PRJNA757397	10.3389/fpls.2022.917493
PRJNA757692	10.3390/microorganisms10020343
PRJNA757744	10.3389/fpls.2021.725571
PRJNA759653	10.3390/jof7100825
PRJNA759756	10.1101/2022.08.19.504540
PRJNA761393	10.3389/fpls.2024.1439020
PRJNA761556	10.3389/fpls.2022.888939
PRJNA762085	10.1093/plphys/kiac408
PRJNA763324	10.1111/ppl.14600
PRJNA763773	10.3390/ijms232315246
PRJNA764088	10.1111/mec.16505
PRJNA764923	10.1038/s42003-021-02740-8
PRJNA766564	10.1371/journal.pone.0261102
PRJNA767817	10.3389/fpls.2021.761446
PRJNA773642	10.3390/plants11151951
PRJNA775969	10.3389/fpls.2022.804104
PRJNA776278	10.3389/fpls.2022.820767
PRJNA778051	10.1016/j.pmpp.2026.103449
PRJNA778182	10.1093/plphys/kiac552
PRJNA780342	10.3389/fgene.2022.853910
PRJNA782220	10.1016/j.foodchem.2020.127550
PRJNA782344	10.3390/genes13050788
PRJNA787080	10.3389/fpls.2022.888519
PRJNA787359	10.1186/s12864-022-08788-y
PRJNA789389	10.1094/PHYTO-08-21-0329-R
PRJNA791339	10.3389/fpls.2022.836269
PRJNA793045	10.1186/s13059-023-02891-3
PRJNA796936	10.3390/v15020401
PRJNA798863	10.3390/plants11212883
PRJNA799026	10.7150/ijbs.70287
PRJNA799676	10.3390/jof11050397
PRJNA802726	10.1094/PHYTOFR-01-23-0003-R
PRJNA803733	10.1371/journal.ppat.1010860
PRJNA804213	10.1007/s00122-022-04129-5
PRJNA804666	10.1038/s41598-025-02572-0
PRJNA808232	10.1007/s00122-022-04129-5
PRJNA808246	10.1007/s42161-022-01235-7
PRJNA809650	10.3390/jof8060606
PRJNA810452	10.1128/msystems.00248-22
PRJNA810908	10.1038/s41598-025-21482-9
PRJNA810958	10.1093/plphys/kiad150
PRJNA811762	10.1111/ppa.13597
PRJNA813432	10.1002/advs.202518591
PRJNA818435	10.1094/MPMI-07-22-0153-R
PRJNA819072	10.1038/s41467-023-36248-y
PRJNA819185	10.3390/ijms23094702
PRJNA819267	10.1016/j.celrep.2022.111877
PRJNA819278	10.1016/j.celrep.2022.111877
PRJNA824616	10.3389/fmicb.2022.924313
PRJNA828454	10.1111/tpj.15630
PRJNA832802	10.3389/fmicb.2022.923281
PRJNA832871	10.3390/jof8100998
PRJNA836253	10.3389/fpls.2023.1212135
PRJNA836737	10.1111/plb.13746
PRJNA838764	10.1186/s13059-025-03694-4
PRJNA838787	10.3389/fpls.2022.1011064
PRJNA839539	10.3389/fpls.2022.979585
PRJNA839570	10.1016/j.foodres.2022.111972
PRJNA841073	10.3390/jof8070672
PRJNA841838	10.1093/plphys/kiac572
PRJNA842515	10.3389/fpls.2022.961586
PRJNA842823	10.3389/fpls.2022.926621
PRJNA843784	10.3389/fpls.2022.972791
PRJNA844585	10.1111/mpp.13301
PRJNA847036	10.3390/biology13060441
PRJNA849030	10.1128/mbio.02442-22
PRJNA850847	10.1016/j.stress.2024.100676
PRJNA850943	10.3389/fpls.2022.980587
PRJNA853492	10.3389/fmicb.2022.1001327
PRJNA853857	10.3390/ijms231810236
PRJNA854212	10.1128/spectrum.00754-23
PRJNA857179	10.1186/s42483-022-00144-y
PRJNA858969	10.1038/s41598-022-22660-9
PRJNA859548	10.3389/fmicb.2022.1074592
PRJNA861388	10.2147/IDR.S374335
PRJNA862687	10.3390/plants11212807
PRJNA863277	10.3390/microorganisms10122414
PRJNA86753	10.1111/mpp.13309
PRJNA868504	10.3389/fmicb.2022.1002976
PRJNA869950	10.1093/plcell/koac300
PRJNA870250	10.1007/s13205-023-03803-9
PRJNA870298	10.1186/s12915-023-01513-5
PRJNA872313	10.1128/mbio.00629-23
PRJNA874673	10.3390/ijms24054376
PRJNA883377	10.1111/mpp.70076
PRJNA884711	10.3390/ijms232113589
PRJNA886841	10.3389/fpls.2022.1055277
PRJNA892450	10.3389/fpls.2022.1081948
PRJNA892753	10.3390/ijms24031812
PRJNA893261	10.3389/fpls.2023.1129515
PRJNA893349	10.3389/fpls.2022.1037030
PRJNA895362	10.3389/fpls.2022.1058847
PRJNA896484	10.3390/ijms24043499
PRJNA896566	10.1093/plphys/kiad460
PRJNA896582	10.1038/s41467-025-63632-7
PRJNA899438	10.1038/s41598-023-33335-4
PRJNA900521	10.3389/fpls.2024.1449826
PRJNA901343	10.3389/fpls.2022.1073856
PRJNA904271	10.1038/s41467-023-43178-2
PRJNA904717	10.1186/s12915-023-01513-5
PRJNA906029	10.3389/fpls.2022.1110910
PRJNA908908	10.1371/journal.pone.0315458
PRJNA909570	10.3389/fgene.2023.1166832
PRJNA910335	10.1111/ppa.14111
PRJNA911470	10.3390/ijms241914840
PRJNA911587	10.21203/rs.3.rs-7624510/v1
PRJNA918399	10.1186/s12915-023-01520-6
PRJNA918425	10.1111/mpp.13391
PRJNA925193	10.1093/g3journal/jkad125
PRJNA926628	10.1093/jxb/erad348
PRJNA926806	10.3390/jof6040314
PRJNA926886	10.1186/s12870-023-04331-7
PRJNA932159	10.3389/fmicb.2024.1418816
PRJNA932210	10.3390/ijms24108705
PRJNA934741	10.3390/jof10110805
PRJNA935025	10.1186/s12870-025-06505-x
PRJNA936260	10.3389/fpls.2023.1156514
PRJNA936832	10.3389/fpls.2023.1140824
PRJNA938065	10.1038/s41467-023-42522-w
PRJNA938609	10.1186/s12870-024-05020-9
PRJNA938757	10.1093/femsmc/xtad025
PRJNA944941	10.1111/pce.15037
PRJNA946259	10.1093/hr/uhad101
PRJNA950118	10.1186/s12915-023-01717-9
PRJNA952825	10.1186/s12864-025-11995-y
PRJNA953858	10.1038/s41588-025-02281-4
PRJNA956133	10.1007/s44154-023-00109-x
PRJNA956666	10.3390/ijms25031492
PRJNA956871	10.3390/ijms24119440
PRJNA957932	10.3390/plants15121772
PRJNA957941	10.1016/j.plaphy.2025.109648
PRJNA960915	10.1186/s12864-025-12326-x
PRJNA961054	10.1128/MRA.00344-23
PRJNA961939	10.3390/plants12112139
PRJNA971132	10.1073/pnas.2418766122
PRJNA971242	10.1038/s41598-024-54355-8
PRJNA975738	10.1038/s41467-023-43442-5
PRJNA976033	10.3390/ijms24119351
PRJNA976214	10.3389/fpls.2023.1299461
PRJNA977635	10.3389/fgene.2023.1271200
PRJNA977839	10.1093/jxb/erae050
PRJNA979257	10.1111/nph.19448
PRJNA979975	10.1111/nph.19604
PRJNA980182	10.3389/fpls.2026.1896320
PRJNA980895	10.1126/sciadv.adt1113
PRJNA982974	10.1186/s12870-026-08540-8
PRJNA983310	10.1371/journal.pgen.1011052
PRJNA985902	10.3390/ijms252111375
PRJNA986440	10.3390/plants12152793
PRJNA986524	10.1038/s41477-025-02210-7
PRJNA986958	10.3390/ijms25010591
PRJNA987192	10.1093/hr/uhae094
PRJNA988279	10.3389/fpls.2023.1242463
PRJNA994854	10.1038/s42003-024-06798-y
PRJNA996293	10.1128/spectrum.02340-23
PRJNA997093	10.1101/2026.03.24.712282
PRJNA998097	10.1016/j.stress.2024.100708
