BioProject	search	text	outcome
PRJNA1244880	No DOI found	No DOI	No full text available
PRJNA686475	Web search	Manual PDF	Full text retrieved
PRJEB31334	Web search	PMC OA	Full text retrieved
PRJEB15280	Web search	PMC OA	Full text retrieved
PRJEB84390	Web search	PMC OA	Full text retrieved
PRJEB65589	Web search	Manual PDF	Full text retrieved
PRJEB47693	Web search	PMC OA	Full text retrieved
PRJNA1113144	Web search	PMC OA	Full text retrieved
PRJNA1292970	No DOI found	No DOI	No full text available
PRJNA486288	Web search	Manual PDF	Full text retrieved
PRJEB39201	Web search	Unpaywall PDF	Full text retrieved
PRJNA872313	Web search	PMC OA	Full text retrieved
PRJNA1293538	NCBI (DOI only)	PMC OA	Full text retrieved
PRJNA1092066	Web search	PMC OA	Full text retrieved
PRJEB33109	Web search	PMC OA	Full text retrieved
PRJNA540383	No DOI found	No DOI	No full text available
PRJNA574904	No DOI found	No DOI	No full text available
PRJNA1031678	No DOI found	No DOI	No full text available
PRJNA643593	Web search	Manual PDF	Full text retrieved
PRJNA588102	Web search	Manual PDF	Full text retrieved
PRJNA687280	NCBI (DOI only)	PMC OA	Full text retrieved
PRJNA148307	Web search	Unpaywall PDF	Full text retrieved
PRJDB39409	No DOI found	No DOI	No full text available
PRJNA768796	No DOI found	No DOI	No full text available
PRJNA628751	NCBI (DOI only)	PMC OA	Full text retrieved
PRJDB39595	No DOI found	No DOI	No full text available
PRJNA808992	No DOI found	No DOI	No full text available
PRJNA560644	Web search	Unpaywall PDF	Full text retrieved
PRJNA1248058	Web search	Manual PDF	Full text retrieved
PRJNA925193	Web search	PMC OA	Full text retrieved
PRJNA905255	No DOI found	No DOI	No full text available
PRJNA545454	Web search	Unpaywall PDF	Full text retrieved
PRJEB5141	No DOI found	No DOI	No full text available
PRJNA950118	Web search	Unpaywall PDF	Full text retrieved
PRJNA853137	No DOI found	No DOI	No full text available
PRJNA1207595	Web search	Manual PDF	Full text retrieved
PRJNA811707	No DOI found	No DOI	No full text available
PRJNA1173477	No DOI found	No DOI	No full text available
PRJNA293594	Web search	Manual PDF	Full text retrieved
PRJNA253086	NCBI (DOI only)	Manual PDF	Full text retrieved
PRJNA1017476	NCBI (DOI only)	PMC OA	Full text retrieved
PRJNA352342	NCBI (DOI only)	Unpaywall PDF	Full text retrieved
PRJNA338256	Web search	PMC OA	Full text retrieved
PRJNA700975	Web search	PMC OA	Full text retrieved
PRJNA797683	No DOI found	No DOI	No full text available
PRJNA883377	NCBI (DOI only)	PMC OA	Full text retrieved
PRJNA168272	No DOI found	No DOI	No full text available
PRJNA435897	No DOI found	No DOI	No full text available
PRJNA448328	NCBI (DOI only)	Manual PDF	Full text retrieved
PRJNA1315207	Web search	No OA copy found	No full text available
PRJNA383548	Web search	Manual PDF	Full text retrieved
PRJNA542165	Web search	Unpaywall PDF	Full text retrieved
PRJNA487807	NCBI (DOI only)	PMC OA	Full text retrieved
PRJNA670487	NCBI (DOI only)	Manual PDF	Full text retrieved
PRJNA531386	No DOI found	No DOI	No full text available
PRJEB13072	No DOI found	No DOI	No full text available
PRJNA1157721	No DOI found	No DOI	No full text available
PRJNA36323	Web search	PMC OA	Full text retrieved
PRJNA747857	No DOI found	No DOI	No full text available
PRJEB34186	Web search	Unpaywall PDF	Full text retrieved
PRJEB20582	No DOI found	No DOI	No full text available
PRJEB36485	Web search	Unpaywall PDF	Full text retrieved
PRJNA1100932	NCBI (DOI only)	PMC OA	Full text retrieved
PRJEB45236	No DOI found	No DOI	No full text available
PRJNA393407	No DOI found	No DOI	No full text available
PRJNA725323	Web search	Unpaywall PDF	Full text retrieved
PRJNA254725	No DOI found	No DOI	No full text available
PRJNA1107791	No DOI found	No DOI	No full text available
PRJNA176472	Web search	PMC OA	Full text retrieved
PRJEB50522	NCBI (PMID)	PMC OA	Full text retrieved
PRJNA422914	Web search	Manual PDF	Full text retrieved
PRJNA716464	No DOI found	No DOI	No full text available
PRJNA605036	Web search	Unpaywall PDF	Full text retrieved
PRJNA609405	Web search	Manual PDF	Full text retrieved
PRJNA171217	Web search	Manual PDF	Full text retrieved
PRJNA1196143	No DOI found	No DOI	No full text available
PRJNA392275	Web search	Unpaywall PDF	Full text retrieved
PRJEB68334	Web search	PMC OA	Full text retrieved
PRJNA1110392	No DOI found	No DOI	No full text available
PRJNA1021048	Web search	PMC OA	Full text retrieved
PRJNA382499	NCBI (PMID)	Unpaywall PDF	Full text retrieved
PRJNA283526	NCBI (DOI only)	PMC OA	Full text retrieved
PRJNA558612	No DOI found	No DOI	No full text available
PRJNA932159	Web search	Manual PDF	Full text retrieved
PRJNA396589	NCBI (PMID)	PMC OA	Full text retrieved
PRJNA256347	NCBI (PMID)	Unpaywall PDF	Full text retrieved
PRJNA1137604	NCBI (PMID)	PMC OA	Full text retrieved
PRJNA1491631	No DOI found	No DOI	No full text available
PRJNA1202856	Web search	Manual PDF	Full text retrieved
PRJNA397359	Web search	Manual PDF	Full text retrieved
PRJNA1228670	No DOI found	No DOI	No full text available
PRJNA588304	Web search	Unpaywall PDF	Full text retrieved
PRJNA895362	Web search	PMC OA	Full text retrieved
PRJEB46468	No DOI found	No DOI	No full text available
PRJNA1064071	NCBI (PMID)	PMC OA	Full text retrieved
PRJNA389503	NCBI (PMID)	PMC OA	Full text retrieved
PRJNA372579	No DOI found	No DOI	No full text available
PRJNA18535	NCBI (PMID)	Unpaywall PDF	Full text retrieved
PRJNA609706	No DOI found	No DOI	No full text available
PRJEB77002	NCBI (PMID)	Unpaywall PDF	Full text retrieved
PRJNA1162778	Web search	PMC OA	Full text retrieved
PRJNA1083222	NCBI (PMID)	Manual PDF	Full text retrieved
PRJNA260080	NCBI (PMID)	Manual PDF	Full text retrieved
PRJNA245759	NCBI (PMID)	Unpaywall PDF	Full text retrieved
PRJNA516496	NCBI (PMID)	PMC OA	Full text retrieved
PRJNA886106	No DOI found	No DOI	No full text available
PRJEB45007	NCBI (PMID)	PMC OA	Full text retrieved
PRJNA1267768	Web search	PMC OA	Full text retrieved
PRJNA1123478	No DOI found	No DOI	No full text available
PRJEB14966	No DOI found	No DOI	No full text available
PRJNA841073	NCBI (PMID)	PMC OA	Full text retrieved
PRJNA293991	NCBI (PMID)	PMC OA	Full text retrieved
PRJNA1085269	No DOI found	No DOI	No full text available
PRJNA151285	NCBI (PMID)	Unpaywall PDF	Full text retrieved
PRJNA1195871	NCBI (PMID)	Unpaywall PDF	Full text retrieved
PRJNA655998	Web search	Manual PDF	Full text retrieved
PRJNA932210	NCBI (PMID)	PMC OA	Full text retrieved
PRJNA436064	Web search	Manual PDF	Full text retrieved
PRJNA1164193	NCBI (PMID)	PMC OA	Full text retrieved
PRJNA415866	NCBI (PMID)	PMC OA	Full text retrieved
PRJNA250530	NCBI (PMID)	Unpaywall PDF	Full text retrieved
PRJNA764665	No DOI found	No DOI	No full text available
PRJNA407960	NCBI (PMID)	PMC OA	Full text retrieved
PRJNA1231252	NCBI (PMID)	PMC OA	Full text retrieved
PRJNA644240	NCBI (PMID)	PMC OA	Full text retrieved
PRJEB8798	NCBI (PMID)	Manual PDF	Full text retrieved
PRJNA1250817	No DOI found	No DOI	No full text available
PRJNA372589	No DOI found	No DOI	No full text available
PRJNA591157	NCBI (PMID)	PMC OA	Full text retrieved
PRJNA372582	No DOI found	No DOI	No full text available
PRJNA874673	NCBI (PMID)	PMC OA	Full text retrieved
PRJNA1158549	NCBI (PMID)	PMC OA	Full text retrieved
PRJNA673988	NCBI (PMID)	PMC OA	Full text retrieved
PRJNA803733	NCBI (PMID)	PMC OA	Full text retrieved
PRJNA628162	NCBI (PMID)	Manual PDF	Full text retrieved
PRJNA529541	NCBI (PMID)	PMC OA	Full text retrieved
PRJNA646251	NCBI (PMID)	Unpaywall PDF	Full text retrieved
PRJNA906117	No DOI found	No DOI	No full text available
PRJNA1367782	No DOI found	No DOI	No full text available
PRJNA1457771	Web search	No OA copy found	No full text available
PRJNA849030	NCBI (PMID)	PMC OA	Full text retrieved
PRJNA372591	No DOI found	No DOI	No full text available
PRJNA526829	NCBI (PMID)	PMC OA	Full text retrieved
PRJNA554133	NCBI (PMID)	Unpaywall PDF	Full text retrieved
PRJNA496584	NCBI (PMID)	PMC OA	Full text retrieved
PRJNA441049	No DOI found	No DOI	No full text available
PRJEB22223	NCBI (PMID)	Unpaywall PDF	Full text retrieved
PRJNA675178	No DOI found	No DOI	No full text available
PRJEB75530	NCBI (PMID)	Unpaywall PDF	Full text retrieved
PRJNA786373	No DOI found	No DOI	No full text available
PRJNA721009	No DOI found	No DOI	No full text available
PRJNA692809	NCBI (PMID)	PMC OA	Full text retrieved
PRJEB26891	No DOI found	No DOI	No full text available
PRJNA1255445	No DOI found	No DOI	No full text available
PRJNA341340	NCBI (PMID)	Unpaywall PDF	Full text retrieved
PRJNA739688	Web search	Unpaywall PDF	Full text retrieved
PRJNA721132	Web search	Manual PDF	Full text retrieved
PRJNA863277	NCBI (PMID)	PMC OA	Full text retrieved
PRJNA832871	NCBI (PMID)	PMC OA	Full text retrieved
PRJNA408463	No DOI found	No DOI	No full text available
PRJNA1273519	No DOI found	No DOI	No full text available
PRJNA179498	NCBI (PMID)	PMC OA	Full text retrieved
PRJNA565800	NCBI (DOI only)	Manual PDF	Full text retrieved
PRJNA259589	NCBI (PMID)	Unpaywall PDF	Full text retrieved
PRJNA177586	No DOI found	No DOI	No full text available
PRJDB15953	NCBI (PMID)	Unpaywall PDF	Full text retrieved
PRJNA396467	NCBI (PMID)	PMC OA	Full text retrieved
PRJDB8014	NCBI (PMID)	PMC OA	Full text retrieved
PRJNA372598	No DOI found	No DOI	No full text available
PRJNA641217	No DOI found	No DOI	No full text available
PRJNA1044756	No DOI found	No DOI	No full text available
PRJNA545805	NCBI (PMID)	PMC OA	Full text retrieved
PRJNA799676	NCBI (PMID)	PMC OA	Full text retrieved
PRJNA1181034	NCBI (PMID)	Manual PDF	Full text retrieved
PRJNA441161	No DOI found	No DOI	No full text available
PRJNA876621	No DOI found	No DOI	No full text available
PRJNA622764	NCBI (PMID)	Unpaywall PDF	Full text retrieved
PRJNA501892	NCBI (PMID)	PMC OA	Full text retrieved
PRJNA373361	No DOI found	No DOI	No full text available
PRJNA326901	NCBI (PMID)	Unpaywall PDF	Full text retrieved
PRJNA1118412	No DOI found	No DOI	No full text available
PRJNA1122550	Web search	Manual PDF	Full text retrieved
PRJNA601001	NCBI (PMID)	Unpaywall PDF	Full text retrieved
PRJNA441165	No DOI found	No DOI	No full text available
PRJEB55233	NCBI (PMID)	PMC OA	Full text retrieved
PRJNA246736	NCBI (PMID)	Unpaywall PDF	Full text retrieved
PRJNA441163	No DOI found	No DOI	No full text available
PRJNA323552	No DOI found	No DOI	No full text available
PRJNA477716	NCBI (PMID)	PMC OA	Full text retrieved
PRJNA1188614	No DOI found	No DOI	No full text available
PRJNA556310	Web search	Unpaywall PDF	Full text retrieved
PRJEB51980	No DOI found	No DOI	No full text available
PRJEB49021	No DOI found	No DOI	No full text available
PRJNA1100184	No DOI found	No DOI	No full text available
PRJNA418175	NCBI (PMID)	Manual PDF	Full text retrieved
PRJNA441175	No DOI found	No DOI	No full text available
PRJEB53625	NCBI (PMID)	Unpaywall PDF	Full text retrieved
PRJNA915611	No DOI found	No DOI	No full text available
PRJNA441170	No DOI found	No DOI	No full text available
PRJNA857179	Web search	Manual PDF	Full text retrieved
PRJNA1043471	NCBI (PMID)	PMC OA	Full text retrieved
PRJNA506360	No DOI found	No DOI	No full text available
PRJNA441164	No DOI found	No DOI	No full text available
PRJNA313195	No DOI found	No DOI	No full text available
PRJNA1279063	Web search	Unpaywall PDF	Full text retrieved
PRJNA1454804	Web search	No OA copy found	No full text available
PRJNA328045	NCBI (PMID)	Unpaywall PDF	Full text retrieved
PRJEB108982	No DOI found	No DOI	No full text available
PRJNA300619	NCBI (PMID)	PMC OA	Full text retrieved
PRJNA1381266	No DOI found	No DOI	No full text available
PRJDB19364	No DOI found	No DOI	No full text available
PRJNA637940	NCBI (PMID)	PMC OA	Full text retrieved
PRJNA935094	No DOI found	No DOI	No full text available
PRJNA372585	No DOI found	No DOI	No full text available
PRJNA751374	NCBI (PMID)	Unpaywall PDF	Full text retrieved
PRJNA372580	No DOI found	No DOI	No full text available
PRJNA787799	No DOI found	No DOI	No full text available
PRJNA441157	No DOI found	No DOI	No full text available
PRJNA347320	NCBI (PMID)	PMC OA	Full text retrieved
PRJNA290690	Web search	Manual PDF	Full text retrieved
PRJNA630379	No DOI found	No DOI	No full text available
PRJNA1139047	No DOI found	No DOI	No full text available
PRJNA373363	No DOI found	No DOI	No full text available
PRJNA643423	No DOI found	No DOI	No full text available
PRJNA1479505	No DOI found	No DOI	No full text available
PRJNA306679	NCBI (PMID)	Unpaywall PDF	Full text retrieved
PRJNA909570	NCBI (PMID)	Unpaywall PDF	Full text retrieved
PRJNA355407	NCBI (PMID)	Unpaywall PDF	Full text retrieved
PRJNA441158	No DOI found	No DOI	No full text available
PRJNA1187605	NCBI (PMID)	PMC OA	Full text retrieved
PRJNA408465	No DOI found	No DOI	No full text available
PRJNA658390	NCBI (PMID)	Manual PDF	Full text retrieved
PRJNA743515	NCBI (PMID)	PMC OA	Full text retrieved
PRJNA372593	No DOI found	No DOI	No full text available
PRJNA372596	No DOI found	No DOI	No full text available
PRJNA372576	No DOI found	No DOI	No full text available
PRJNA1347294	No DOI found	No DOI	No full text available
PRJNA372571	No DOI found	No DOI	No full text available
PRJNA1467209	No DOI found	No DOI	No full text available
PRJNA1065649	NCBI (PMID)	PMC OA	Full text retrieved
PRJNA441173	No DOI found	No DOI	No full text available
PRJNA372584	No DOI found	No DOI	No full text available
PRJNA674747	Web search	Manual PDF	Full text retrieved
PRJNA372573	No DOI found	No DOI	No full text available
PRJNA441166	No DOI found	No DOI	No full text available
PRJEB14623	No DOI found	No DOI	No full text available
PRJNA971132	NCBI (PMID)	PMC OA	Full text retrieved
PRJNA706547	No DOI found	No DOI	No full text available
PRJNA1003258	No DOI found	No DOI	No full text available
PRJNA373360	No DOI found	No DOI	No full text available
PRJNA373358	No DOI found	No DOI	No full text available
PRJNA372578	No DOI found	No DOI	No full text available
PRJDB42575	No DOI found	No DOI	No full text available
PRJNA372586	No DOI found	No DOI	No full text available
PRJNA1088402	No DOI found	No DOI	No full text available
PRJNA1111043	No DOI found	No DOI	No full text available
PRJNA293109	NCBI (PMID)	Unpaywall PDF	Full text retrieved
PRJDB41276	No DOI found	No DOI	No full text available
PRJNA916092	No DOI found	No DOI	No full text available
PRJNA147097	NCBI (PMID)	PMC OA	Full text retrieved
PRJNA956133	NCBI (PMID)	PMC OA	Full text retrieved
PRJNA372575	No DOI found	No DOI	No full text available
PRJNA1389356	No DOI found	No DOI	No full text available
PRJNA441168	No DOI found	No DOI	No full text available
PRJNA372595	No DOI found	No DOI	No full text available
PRJNA631873	Web search	Manual PDF	Full text retrieved
PRJNA1498604	No DOI found	No DOI	No full text available
PRJNA1025922	NCBI (PMID)	PMC OA	Full text retrieved
PRJNA833778	No DOI found	No DOI	No full text available
PRJNA441169	No DOI found	No DOI	No full text available
PRJNA372592	No DOI found	No DOI	No full text available
PRJNA408460	No DOI found	No DOI	No full text available
PRJNA237967	NCBI (PMID)	PMC OA	Full text retrieved
PRJNA373362	No DOI found	No DOI	No full text available
PRJNA372597	No DOI found	No DOI	No full text available
PRJNA372572	No DOI found	No DOI	No full text available
PRJNA441176	No DOI found	No DOI	No full text available
PRJNA295929	No DOI found	No DOI	No full text available
PRJNA373359	No DOI found	No DOI	No full text available
PRJNA906097	No DOI found	No DOI	No full text available
PRJNA492254	No DOI found	No DOI	No full text available
PRJNA809650	NCBI (PMID)	PMC OA	Full text retrieved
PRJNA372594	No DOI found	No DOI	No full text available
PRJNA372588	No DOI found	No DOI	No full text available
PRJNA896582	NCBI (PMID)	PMC OA	Full text retrieved
PRJNA372590	No DOI found	No DOI	No full text available
PRJNA564465	NCBI (PMID)	Manual PDF	Full text retrieved
PRJNA372577	No DOI found	No DOI	No full text available
PRJNA372587	No DOI found	No DOI	No full text available
PRJNA86753	NCBI (PMID)	Unpaywall PDF	Full text retrieved
PRJNA778051	No DOI found	No DOI	No full text available
PRJNA926806	NCBI (PMID)	PMC OA	Full text retrieved
PRJNA1426910	No DOI found	No DOI	No full text available
PRJNA473896	NCBI (PMID)	Unpaywall PDF	Full text retrieved
PRJNA1085399	Web search	Manual PDF	Full text retrieved
PRJNA1237996	NCBI (PMID)	Unpaywall PDF	Full text retrieved
PRJEB44222	NCBI (PMID)	Unpaywall PDF	Full text retrieved
PRJNA1029805	No DOI found	No DOI	No full text available
PRJNA476648	Web search	Unpaywall PDF	Full text retrieved
PRJNA813432	NCBI (PMID)	Manual PDF	Full text retrieved
PRJNA1495917	No DOI found	No DOI	No full text available
PRJEB12497	NCBI (PMID)	PMC OA	Full text retrieved
PRJNA1011491	NCBI (PMID)	PMC OA	Full text retrieved
PRJNA956871	NCBI (DOI only)	PMC OA	Full text retrieved
PRJNA325291	No DOI found	No DOI	No full text available
PRJNA910335	Web search	Manual PDF	Full text retrieved
PRJEB46918	NCBI (PMID)	Unpaywall PDF	Full text retrieved
PRJNA914331	No DOI found	No DOI	No full text available
PRJNA1173795	No DOI found	No DOI	No full text available
PRJNA523226	NCBI (PMID)	PMC OA	Full text retrieved
PRJNA1247000	No DOI found	No DOI	No full text available
PRJNA1338360	NCBI (PMID)	PMC OA	Full text retrieved
PRJNA613154	NCBI (PMID)	PMC OA	Full text retrieved
PRJNA610657	NCBI (PMID)	Manual PDF	Full text retrieved
PRJNA975738	NCBI (PMID)	PMC OA	Full text retrieved
PRJNA344467	NCBI (PMID)	PMC OA	Full text retrieved
PRJEB20188	No DOI found	No DOI	No full text available
PRJNA447872	NCBI (PMID)	Unpaywall PDF	Full text retrieved
PRJNA670341	NCBI (PMID)	PMC OA	Full text retrieved
PRJNA1148379	NCBI (DOI only)	Manual PDF	Full text retrieved
PRJNA831271	No DOI found	No DOI	No full text available
PRJNA1469971	No DOI found	No DOI	No full text available
PRJNA516028	NCBI (PMID)	PMC OA	Full text retrieved
PRJNA694214	NCBI (PMID)	PMC OA	Full text retrieved
PRJNA844585	NCBI (PMID)	PMC OA	Full text retrieved
PRJNA291119	No DOI found	No DOI	No full text available
PRJNA245071	NCBI (PMID)	No OA copy found	No full text available
PRJNA415282	NCBI (PMID)	PMC OA	Full text retrieved
PRJNA1101711	NCBI (PMID)	PMC OA	Full text retrieved
PRJNA1256908	NCBI (PMID)	Unpaywall PDF	Full text retrieved
PRJEB61893	No DOI found	No DOI	No full text available
PRJNA490563	NCBI (PMID)	No OA copy found	No full text available
PRJNA357960	NCBI (PMID)	PMC OA	Full text retrieved
PRJNA1287296	NCBI (PMID)	PMC OA	Full text retrieved
PRJNA1063333	Web search	Manual PDF	Full text retrieved
PRJEB9304	No DOI found	No DOI	No full text available
PRJNA1246341	Web search	Manual PDF	Full text retrieved
PRJNA345005	NCBI (PMID)	PMC OA	Full text retrieved
PRJNA671670	NCBI (PMID)	PMC OA	Full text retrieved
PRJDB15139	No DOI found	No DOI	No full text available
PRJNA1216589	NCBI (PMID)	PMC OA	Full text retrieved
PRJNA672111	NCBI (PMID)	PMC OA	Full text retrieved
PRJNA1272045	NCBI (DOI only)	PMC OA	Full text retrieved
PRJNA853492	NCBI (PMID)	Unpaywall PDF	Full text retrieved
PRJNA664705	NCBI (PMID)	PMC OA	Full text retrieved
PRJNA1328233	No DOI found	No DOI	No full text available
PRJNA373349	No DOI found	No DOI	No full text available
PRJEB30662	No DOI found	No DOI	No full text available
PRJNA532644	No DOI found	No DOI	No full text available
PRJNA854212	Web search	PMC OA	Full text retrieved
PRJNA904717	NCBI (PMID)	PMC OA	Full text retrieved
PRJNA713956	No DOI found	No DOI	No full text available
PRJNA698760	NCBI (PMID)	PMC OA	Full text retrieved
PRJNA938293	No DOI found	No DOI	No full text available
PRJNA352824	NCBI (PMID)	Unpaywall PDF	Full text retrieved
PRJNA574053	No DOI found	No DOI	No full text available
PRJNA938757	NCBI (PMID)	PMC OA	Full text retrieved
PRJNA1122186	No DOI found	No DOI	No full text available
PRJEB11304	NCBI (PMID)	Unpaywall PDF	Full text retrieved
PRJNA1145503	NCBI (PMID)	Manual PDF	Full text retrieved
PRJNA565562	Web search	PMC OA	Full text retrieved
PRJNA527147	Web search	Manual PDF	Full text retrieved
PRJNA944941	NCBI (PMID)	Manual PDF	Full text retrieved
PRJNA371695	NCBI (PMID)	Unpaywall PDF	Full text retrieved
PRJNA789725	No DOI found	No DOI	No full text available
PRJNA387508	No DOI found	No DOI	No full text available
PRJNA870298	NCBI (PMID)	PMC OA	Full text retrieved
PRJEB3069	NCBI (PMID)	Manual PDF	Full text retrieved
PRJNA299335	No DOI found	No DOI	No full text available
PRJEB46991	NCBI (PMID)	Unpaywall PDF	Full text retrieved
PRJNA296778	NCBI (PMID)	PMC OA	Full text retrieved
PRJDB13303	No DOI found	No DOI	No full text available
PRJNA1031822	No DOI found	No DOI	No full text available
PRJNA336478	Web search	Manual PDF	Full text retrieved
PRJNA1452279	No DOI found	No DOI	No full text available
PRJNA297400	NCBI (PMID)	PMC OA	Full text retrieved
PRJEB32362	No DOI found	No DOI	No full text available
PRJNA1108353	No DOI found	No DOI	No full text available
PRJNA441162	No DOI found	No DOI	No full text available
PRJNA739093	No DOI found	No DOI	No full text available
PRJNA383862	NCBI (PMID)	PMC OA	Full text retrieved
PRJNA419480	NCBI (PMID)	Unpaywall PDF	Full text retrieved
PRJNA646633	NCBI (PMID)	Unpaywall PDF	Full text retrieved
PRJNA392846	No DOI found	No DOI	No full text available
PRJNA473305	NCBI (PMID)	PMC OA	Full text retrieved
PRJNA311604	NCBI (PMID)	Unpaywall PDF	Full text retrieved
PRJNA774504	No DOI found	No DOI	No full text available
PRJNA804666	NCBI (PMID)	PMC OA	Full text retrieved
PRJNA408470	No DOI found	No DOI	No full text available
PRJNA1166635	Web search	Manual PDF	Full text retrieved
PRJNA1017666	No DOI found	No DOI	No full text available
PRJNA408469	No DOI found	No DOI	No full text available
PRJNA169154	NCBI (PMID)	PMC OA	Full text retrieved
PRJNA819263	No DOI found	No DOI	No full text available
PRJNA307612	No DOI found	No DOI	No full text available
PRJNA1007488	No DOI found	No DOI	No full text available
PRJNA373353	No DOI found	No DOI	No full text available
PRJNA1435232	No DOI found	No DOI	No full text available
PRJNA373354	No DOI found	No DOI	No full text available
PRJEB39756	Web search	Manual PDF	Full text retrieved
PRJNA985902	NCBI (PMID)	PMC OA	Full text retrieved
PRJNA379426	No DOI found	No DOI	No full text available
PRJNA604447	No DOI found	No DOI	No full text available
PRJNA1111437	NCBI (PMID)	PMC OA	Full text retrieved
PRJNA987192	NCBI (PMID)	PMC OA	Full text retrieved
PRJNA994854	NCBI (PMID)	PMC OA	Full text retrieved
PRJNA1082681	No DOI found	No DOI	No full text available
PRJNA358831	NCBI (PMID)	PMC OA	Full text retrieved
PRJNA296894	NCBI (PMID)	Manual PDF	Full text retrieved
PRJNA408459	No DOI found	No DOI	No full text available
PRJNA329579	NCBI (PMID)	Unpaywall PDF	Full text retrieved
PRJNA552738	NCBI (PMID)	PMC OA	Full text retrieved
PRJNA297402	NCBI (PMID)	PMC OA	Full text retrieved
PRJNA407475	NCBI (PMID)	PMC OA	Full text retrieved
PRJNA325493	NCBI (PMID)	Unpaywall PDF	Full text retrieved
PRJNA320364	No DOI found	No DOI	No full text available
PRJNA1405621	Web search	Manual PDF	Full text retrieved
PRJNA278013	No DOI found	No DOI	No full text available
PRJNA373348	No DOI found	No DOI	No full text available
PRJNA391093	NCBI (PMID)	Manual PDF	Full text retrieved
PRJNA861388	NCBI (PMID)	PMC OA	Full text retrieved
PRJNA230463	No DOI found	No DOI	No full text available
PRJNA296349	NCBI (PMID)	PMC OA	Full text retrieved
PRJNA669466	No DOI found	No DOI	No full text available
PRJNA1110723	No DOI found	No DOI	No full text available
PRJEB19257	Web search	Manual PDF	Full text retrieved
PRJNA637660	Web search	Manual PDF	Full text retrieved
PRJNA408464	No DOI found	No DOI	No full text available
PRJNA373356	No DOI found	No DOI	No full text available
PRJNA587128	NCBI (PMID)	PMC OA	Full text retrieved
PRJNA839570	NCBI (DOI only)	Manual PDF	Full text retrieved
PRJNA764088	NCBI (PMID)	Unpaywall PDF	Full text retrieved
PRJNA294234	NCBI (PMID)	Manual PDF	Full text retrieved
PRJNA373186	No DOI found	No DOI	No full text available
PRJNA408471	No DOI found	No DOI	No full text available
PRJNA749614	NCBI (PMID)	Unpaywall PDF	Full text retrieved
PRJNA1289099	No DOI found	No DOI	No full text available
PRJNA408462	No DOI found	No DOI	No full text available
PRJNA373350	No DOI found	No DOI	No full text available
PRJNA408461	No DOI found	No DOI	No full text available
PRJNA660623	NCBI (PMID)	PMC OA	Full text retrieved
PRJNA373355	No DOI found	No DOI	No full text available
PRJNA373352	No DOI found	No DOI	No full text available
PRJNA350867	Web search	Unpaywall PDF	Full text retrieved
PRJNA810452	NCBI (PMID)	PMC OA	Full text retrieved
PRJNA1205778	No DOI found	No DOI	No full text available
PRJNA877037	No DOI found	No DOI	No full text available
PRJNA441159	No DOI found	No DOI	No full text available
PRJNA1018533	No DOI found	No DOI	No full text available
PRJNA202292	NCBI (PMID)	PMC OA	Full text retrieved
PRJNA373346	No DOI found	No DOI	No full text available
PRJNA1121488	NCBI (PMID)	PMC OA	Full text retrieved
PRJNA234029	No DOI found	No DOI	No full text available
PRJNA1394492	Web search	No OA copy found	No full text available
PRJNA929181	No DOI found	No DOI	No full text available
PRJNA979975	NCBI (PMID)	Unpaywall PDF	Full text retrieved
PRJNA372583	No DOI found	No DOI	No full text available
PRJNA552379	No DOI found	No DOI	No full text available
PRJNA731618	Web search	Manual PDF	Full text retrieved
PRJNA441174	No DOI found	No DOI	No full text available
PRJNA304618	NCBI (PMID)	PMC OA	Full text retrieved
PRJNA441160	No DOI found	No DOI	No full text available
PRJNA408529	No DOI found	No DOI	No full text available
PRJNA441156	No DOI found	No DOI	No full text available
PRJNA372581	No DOI found	No DOI	No full text available
PRJNA373364	No DOI found	No DOI	No full text available
PRJNA279922	NCBI (PMID)	Unpaywall PDF	Full text retrieved
PRJNA373357	No DOI found	No DOI	No full text available
PRJNA595343	NCBI (PMID)	Unpaywall PDF	Full text retrieved
PRJNA318835	NCBI (PMID)	PMC OA	Full text retrieved
PRJNA373351	No DOI found	No DOI	No full text available
PRJNA373347	No DOI found	No DOI	No full text available
PRJNA408458	No DOI found	No DOI	No full text available
PRJNA372570	No DOI found	No DOI	No full text available
PRJEB6937	Web search	Manual PDF	Full text retrieved
PRJNA381081	NCBI (PMID)	PMC OA	Full text retrieved
PRJNA516233	NCBI (PMID)	Unpaywall PDF	Full text retrieved
PRJNA748207	No DOI found	No DOI	No full text available
PRJNA373187	No DOI found	No DOI	No full text available
PRJNA1422174	No DOI found	No DOI	No full text available
PRJNA398030	No DOI found	No DOI	No full text available
PRJNA556551	No DOI found	No DOI	No full text available
PRJNA597539	NCBI (PMID)	PMC OA	Full text retrieved
PRJNA575278	NCBI (PMID)	PMC OA	Full text retrieved
PRJNA601749	NCBI (PMID)	Unpaywall PDF	Full text retrieved
PRJNA811762	Web search	Manual PDF	Full text retrieved
PRJNA1011022	Web search	Manual PDF	Full text retrieved
PRJNA1203667	NCBI (PMID)	PMC OA	Full text retrieved
PRJNA1220327	Web search	Unpaywall PDF	Full text retrieved
PRJNA1263482	Web search	Manual PDF	Full text retrieved
PRJNA1429803	No DOI found	No DOI	No full text available
PRJNA590139	NCBI (PMID)	PMC OA	Full text retrieved
PRJNA576432	No DOI found	No DOI	No full text available
PRJNA951524	No DOI found	No DOI	No full text available
PRJNA892893	No DOI found	No DOI	No full text available
PRJNA802726	NCBI (DOI only)	PMC OA	Full text retrieved
PRJNA1043184	No DOI found	No DOI	No full text available
PRJNA1089140	No DOI found	No DOI	No full text available
PRJNA1183799	No DOI found	No DOI	No full text available
PRJDB18332	No DOI found	No DOI	No full text available
PRJNA1475403	No DOI found	No DOI	No full text available
PRJNA380230	No DOI found	No DOI	No full text available
PRJNA816480	No DOI found	No DOI	No full text available
PRJNA808246	Web search	Manual PDF	Full text retrieved
PRJNA1043087	No DOI found	No DOI	No full text available
PRJNA1081807	NCBI (DOI only)	Manual PDF	Full text retrieved
PRJNA1465229	No DOI found	No DOI	No full text available
PRJEB75479	NCBI (PMID)	PMC OA	Full text retrieved
PRJNA607790	NCBI (PMID)	PMC OA	Full text retrieved
PRJNA791897	No DOI found	No DOI	No full text available
PRJNA773642	Web search	PMC OA	Full text retrieved
PRJNA796936	NCBI (PMID)	PMC OA	Full text retrieved
PRJNA1331714	No DOI found	No DOI	No full text available
PRJNA503094	NCBI (PMID)	PMC OA	Full text retrieved
PRJNA542720	NCBI (PMID)	PMC OA	Full text retrieved
PRJNA861798	No DOI found	No DOI	No full text available
PRJEB9490	NCBI (PMID)	PMC OA	Full text retrieved
PRJNA911975	No DOI found	No DOI	No full text available
PRJNA491634	NCBI (PMID)	PMC OA	Full text retrieved
PRJNA807078	No DOI found	No DOI	No full text available
PRJNA1158682	No DOI found	No DOI	No full text available
PRJNA1170257	No DOI found	No DOI	No full text available
PRJNA910466	No DOI found	No DOI	No full text available
PRJNA1054045	No DOI found	No DOI	No full text available
PRJNA1232637	NCBI (PMID)	PMC OA	Full text retrieved
PRJNA1124355	No DOI found	No DOI	No full text available
PRJNA524397	NCBI (PMID)	PMC OA	Full text retrieved
PRJNA680190	NCBI (PMID)	PMC OA	Full text retrieved
PRJNA961054	Web search	PMC OA	Full text retrieved
PRJNA1394657	NCBI (PMID)	Manual PDF	Full text retrieved
PRJNA388142	No DOI found	No DOI	No full text available
PRJNA606340	Web search	PMC OA	Full text retrieved
PRJNA1237933	Web search	Manual PDF	Full text retrieved
PRJNA525575	NCBI (PMID)	PMC OA	Full text retrieved
PRJNA487146	No DOI found	No DOI	No full text available
PRJDB10741	NCBI (PMID)	No OA copy found	No full text available
PRJNA1290658	No DOI found	No DOI	No full text available
PRJNA802714	No DOI found	No DOI	No full text available
PRJNA605966	No DOI found	No DOI	No full text available
PRJNA271201	No DOI found	No DOI	No full text available
PRJNA287818	No DOI found	No DOI	No full text available
PRJNA530979	No DOI found	No DOI	No full text available
PRJNA1174433	No DOI found	No DOI	No full text available
PRJNA524449	NCBI (PMID)	PMC OA	Full text retrieved
PRJNA996293	NCBI (PMID)	PMC OA	Full text retrieved
PRJDB16961	No DOI found	No DOI	No full text available
PRJNA1055939	Web search	Unpaywall PDF	Full text retrieved
PRJNA707596	No DOI found	No DOI	No full text available
PRJNA1108966	NCBI (PMID)	PMC OA	Full text retrieved
PRJNA1499897	No DOI found	No DOI	No full text available
PRJNA1140405	No DOI found	No DOI	No full text available
PRJNA705878	NCBI (PMID)	PMC OA	Full text retrieved
PRJNA1458989	No DOI found	No DOI	No full text available
PRJNA505891	NCBI (PMID)	Manual PDF	Full text retrieved
PRJNA757692	NCBI (PMID)	PMC OA	Full text retrieved
PRJNA1244272	NCBI (PMID)	PMC OA	Full text retrieved
PRJNA761393	NCBI (PMID)	Unpaywall PDF	Full text retrieved
PRJNA775969	NCBI (PMID)	PMC OA	Full text retrieved
PRJNA527733	NCBI (PMID)	Unpaywall PDF	Full text retrieved
PRJNA472465	No DOI found	No DOI	No full text available
PRJNA1474261	No DOI found	No DOI	No full text available
PRJNA870250	NCBI (PMID)	Manual PDF	Full text retrieved
PRJNA1332781	NCBI (PMID)	PMC OA	Full text retrieved
PRJNA850943	NCBI (PMID)	PMC OA	Full text retrieved
PRJNA1366440	NCBI (PMID)	Manual PDF	Full text retrieved
PRJNA946259	NCBI (PMID)	PMC OA	Full text retrieved
PRJNA977635	NCBI (PMID)	Unpaywall PDF	Full text retrieved
PRJNA641525	NCBI (PMID)	PMC OA	Full text retrieved
PRJNA791339	NCBI (PMID)	PMC OA	Full text retrieved
PRJDB38620	No DOI found	No DOI	No full text available
PRJNA1065005	No DOI found	No DOI	No full text available
PRJNA746402	NCBI (PMID)	Unpaywall PDF	Full text retrieved
PRJNA776741	No DOI found	No DOI	No full text available
PRJNA662919	NCBI (PMID)	PMC OA	Full text retrieved
PRJNA1191549	NCBI (PMID)	PMC OA	Full text retrieved
PRJEB67960	NCBI (PMID)	PMC OA	Full text retrieved
PRJNA1400105	No DOI found	No DOI	No full text available
PRJNA1328502	NCBI (PMID)	PMC OA	Full text retrieved
PRJNA527782	NCBI (PMID)	PMC OA	Full text retrieved
PRJNA1318025	No DOI found	No DOI	No full text available
PRJNA977407	No DOI found	No DOI	No full text available
PRJNA573931	NCBI (PMID)	PMC OA	Full text retrieved
PRJNA372374	No DOI found	No DOI	No full text available
PRJNA514418	No DOI found	No DOI	No full text available
PRJNA1013391	NCBI (PMID)	Unpaywall PDF	Full text retrieved
PRJNA1433507	No DOI found	No DOI	No full text available
PRJDB33989	No DOI found	No DOI	No full text available
PRJNA574559	NCBI (PMID)	PMC OA	Full text retrieved
PRJNA1402133	No DOI found	No DOI	No full text available
PRJNA484520	NCBI (PMID)	Unpaywall PDF	Full text retrieved
PRJNA901343	NCBI (PMID)	PMC OA	Full text retrieved
PRJNA976214	NCBI (PMID)	PMC OA	Full text retrieved
PRJNA577523	Web search	PMC OA	Full text retrieved
PRJNA870262	No DOI found	No DOI	No full text available
PRJNA1335398	NCBI (PMID)	PMC OA	Full text retrieved
PRJNA344473	No DOI found	No DOI	No full text available
PRJNA562779	No DOI found	No DOI	No full text available
PRJNA258891	No DOI found	No DOI	No full text available
PRJNA419139	NCBI (PMID)	PMC OA	Full text retrieved
PRJNA418364	NCBI (PMID)	Unpaywall PDF	Full text retrieved
PRJNA762295	No DOI found	No DOI	No full text available
PRJNA534209	No DOI found	No DOI	No full text available
PRJNA1243574	Web search	Manual PDF	Full text retrieved
PRJEB59062	Web search	PMC OA	Full text retrieved
PRJNA1431145	No DOI found	No DOI	No full text available
PRJNA1183537	NCBI (PMID)	PMC OA	Full text retrieved
PRJDB9515	No DOI found	No DOI	No full text available
PRJNA384934	NCBI (PMID)	Manual PDF	Full text retrieved
PRJNA1189264	No DOI found	No DOI	No full text available
PRJNA589754	NCBI (PMID)	PMC OA	Full text retrieved
PRJNA819185	NCBI (PMID)	PMC OA	Full text retrieved
PRJNA692305	No DOI found	No DOI	No full text available
PRJNA506746	No DOI found	No DOI	No full text available
PRJNA1189193	Web search	Manual PDF	Full text retrieved
PRJNA972519	No DOI found	No DOI	No full text available
PRJNA762492	No DOI found	No DOI	No full text available
PRJNA1156920	No DOI found	No DOI	No full text available
PRJNA689117	NCBI (PMID)	PMC OA	Full text retrieved
PRJNA838764	NCBI (PMID)	PMC OA	Full text retrieved
PRJNA1354640	NCBI (PMID)	PMC OA	Full text retrieved
PRJNA1475220	NCBI (PMID)	Manual PDF	Full text retrieved
PRJNA681878	NCBI (PMID)	PMC OA	Full text retrieved
PRJNA1366519	NCBI (PMID)	Unpaywall PDF	Full text retrieved
PRJNA593073	NCBI (PMID)	PMC OA	Full text retrieved
PRJNA480999	NCBI (PMID)	Manual PDF	Full text retrieved
PRJNA1103978	NCBI (PMID)	PMC OA	Full text retrieved
PRJNA1397330	No DOI found	No DOI	No full text available
PRJNA1092346	NCBI (PMID)	PMC OA	Full text retrieved
PRJNA982974	NCBI (PMID)	PMC OA	Full text retrieved
PRJNA714375	NCBI (PMID)	PMC OA	Full text retrieved
PRJNA1471993	NCBI (PMID)	Manual PDF	Full text retrieved
PRJNA842823	NCBI (PMID)	Unpaywall PDF	Full text retrieved
PRJNA728113	NCBI (PMID)	Unpaywall PDF	Full text retrieved
PRJNA780900	No DOI found	No DOI	No full text available
PRJNA240676	NCBI (PMID)	PMC OA	Full text retrieved
PRJNA1305415	NCBI (PMID)	Unpaywall PDF	Full text retrieved
PRJNA1173312	No DOI found	No DOI	No full text available
PRJNA649398	No DOI found	No DOI	No full text available
PRJNA763773	NCBI (PMID)	PMC OA	Full text retrieved
PRJNA636958	Web search	Unpaywall PDF	Full text retrieved
PRJNA843784	NCBI (PMID)	Unpaywall PDF	Full text retrieved
PRJNA1370671	NCBI (PMID)	PMC OA	Full text retrieved
PRJNA667277	NCBI (PMID)	PMC OA	Full text retrieved
PRJNA1306308	No DOI found	No DOI	No full text available
PRJEB13569	NCBI (PMID)	Unpaywall PDF	Full text retrieved
PRJNA761500	No DOI found	No DOI	No full text available
PRJNA1170567	NCBI (PMID)	PMC OA	Full text retrieved
PRJNA1161467	Web search	Manual PDF	Full text retrieved
PRJNA911587	Web search	Unpaywall PDF	Full text retrieved
PRJNA986440	NCBI (PMID)	PMC OA	Full text retrieved
PRJNA842515	NCBI (PMID)	PMC OA	Full text retrieved
PRJNA577532	NCBI (PMID)	PMC OA	Full text retrieved
PRJNA891124	No DOI found	No DOI	No full text available
PRJNA759756	Web search	Unpaywall PDF	Full text retrieved
PRJNA395908	NCBI (PMID)	PMC OA	Full text retrieved
PRJNA721299	NCBI (PMID)	PMC OA	Full text retrieved
PRJNA816710	No DOI found	No DOI	No full text available
PRJNA412801	NCBI (PMID)	Unpaywall PDF	Full text retrieved
PRJNA1214325	NCBI (PMID)	Manual PDF	Full text retrieved
PRJNA514200	NCBI (PMID)	PMC OA	Full text retrieved
PRJNA706136	NCBI (PMID)	PMC OA	Full text retrieved
PRJNA750086	NCBI (PMID)	Unpaywall PDF	Full text retrieved
PRJNA302556	NCBI (PMID)	PMC OA	Full text retrieved
PRJNA892753	NCBI (PMID)	PMC OA	Full text retrieved
PRJNA834779	No DOI found	No DOI	No full text available
PRJNA630776	NCBI (PMID)	Unpaywall PDF	Full text retrieved
PRJNA926628	NCBI (PMID)	Manual PDF	Full text retrieved
PRJNA513863	NCBI (PMID)	Manual PDF	Full text retrieved
PRJNA1193783	NCBI (PMID)	Unpaywall PDF	Full text retrieved
PRJNA321325	NCBI (PMID)	Manual PDF	Full text retrieved
PRJNA863072	No DOI found	No DOI	No full text available
PRJDB39328	No DOI found	No DOI	No full text available
PRJNA1465031	No DOI found	No DOI	No full text available
PRJNA548433	NCBI (PMID)	PMC OA	Full text retrieved
PRJNA733882	NCBI (PMID)	Manual PDF	Full text retrieved
PRJNA926886	NCBI (PMID)	PMC OA	Full text retrieved
PRJNA975311	No DOI found	No DOI	No full text available
PRJNA1423152	NCBI (PMID)	Manual PDF	Full text retrieved
PRJNA1309984	No DOI found	No DOI	No full text available
PRJNA1080069	NCBI (PMID)	Manual PDF	Full text retrieved
PRJNA450087	NCBI (PMID)	Unpaywall PDF	Full text retrieved
PRJNA896484	NCBI (PMID)	PMC OA	Full text retrieved
PRJNA707414	No DOI found	No DOI	No full text available
PRJNA896566	NCBI (PMID)	Manual PDF	Full text retrieved
PRJNA834642	No DOI found	No DOI	No full text available
PRJNA515188	NCBI (PMID)	PMC OA	Full text retrieved
PRJNA1056156	NCBI (PMID)	PMC OA	Full text retrieved
PRJNA509606	NCBI (PMID)	Unpaywall PDF	Full text retrieved
PRJNA540081	NCBI (PMID)	Manual PDF	Full text retrieved
PRJNA372372	No DOI found	No DOI	No full text available
PRJNA548845	NCBI (PMID)	PMC OA	Full text retrieved
PRJDB39569	No DOI found	No DOI	No full text available
PRJNA552611	NCBI (PMID)	Unpaywall PDF	Full text retrieved
PRJNA720576	NCBI (PMID)	PMC OA	Full text retrieved
PRJNA1392009	NCBI (PMID)	Unpaywall PDF	Full text retrieved
PRJNA531693	NCBI (PMID)	PMC OA	Full text retrieved
PRJNA564795	NCBI (PMID)	Unpaywall PDF	Full text retrieved
PRJNA798863	NCBI (PMID)	PMC OA	Full text retrieved
PRJNA986958	NCBI (PMID)	PMC OA	Full text retrieved
PRJNA1054220	No DOI found	No DOI	No full text available
PRJNA649099	No DOI found	No DOI	No full text available
PRJNA986524	NCBI (PMID)	PMC OA	Full text retrieved
PRJNA1419210	No DOI found	No DOI	No full text available
PRJNA952825	NCBI (PMID)	PMC OA	Full text retrieved
PRJNA1272129	NCBI (PMID)	PMC OA	Full text retrieved
PRJNA1255403	No DOI found	No DOI	No full text available
PRJNA573599	NCBI (PMID)	Manual PDF	Full text retrieved
PRJNA1156254	Web search	Manual PDF	Full text retrieved
PRJNA1133704	NCBI (PMID)	PMC OA	Full text retrieved
PRJNA548392	NCBI (PMID)	PMC OA	Full text retrieved
PRJNA1390310	Web search	Manual PDF	Full text retrieved
PRJNA395311	NCBI (PMID)	Unpaywall PDF	Full text retrieved
PRJNA862687	NCBI (PMID)	PMC OA	Full text retrieved
PRJNA1443087	No DOI found	No DOI	No full text available
PRJEB59238	NCBI (PMID)	Unpaywall PDF	Full text retrieved
PRJNA1055424	Web search	Unpaywall PDF	Full text retrieved
PRJNA912078	No DOI found	No DOI	No full text available
PRJNA516527	Web search	Manual PDF	Full text retrieved
PRJNA415853	NCBI (PMID)	PMC OA	Full text retrieved
PRJNA483762	NCBI (PMID)	PMC OA	Full text retrieved
PRJNA1058883	NCBI (PMID)	PMC OA	Full text retrieved
PRJNA598331	NCBI (PMID)	Unpaywall PDF	Full text retrieved
PRJNA757397	NCBI (PMID)	PMC OA	Full text retrieved
PRJEB48949	NCBI (PMID)	PMC OA	Full text retrieved
PRJDB11138	No DOI found	No DOI	No full text available
PRJNA1245489	NCBI (PMID)	PMC OA	Full text retrieved
PRJNA1106750	No DOI found	No DOI	No full text available
PRJNA437324	NCBI (PMID)	PMC OA	Full text retrieved
PRJNA246444	NCBI (PMID)	Unpaywall PDF	Full text retrieved
PRJNA562045	No DOI found	No DOI	No full text available
PRJNA445615	No DOI found	No DOI	No full text available
PRJNA327437	NCBI (PMID)	PMC OA	Full text retrieved
PRJNA1041741	NCBI (PMID)	PMC OA	Full text retrieved
PRJNA473829	NCBI (PMID)	Unpaywall PDF	Full text retrieved
PRJNA327013	NCBI (PMID)	Unpaywall PDF	Full text retrieved
PRJNA1217477	NCBI (PMID)	PMC OA	Full text retrieved
PRJNA755474	NCBI (PMID)	PMC OA	Full text retrieved
PRJNA721951	NCBI (PMID)	PMC OA	Full text retrieved
PRJNA1188982	NCBI (PMID)	PMC OA	Full text retrieved
PRJNA640476	NCBI (PMID)	PMC OA	Full text retrieved
PRJNA1123450	NCBI (PMID)	Manual PDF	Full text retrieved
PRJNA804213	NCBI (PMID)	PMC OA	Full text retrieved
PRJNA531296	NCBI (PMID)	Unpaywall PDF	Full text retrieved
PRJDB39419	No DOI found	No DOI	No full text available
PRJNA1015022	No DOI found	No DOI	No full text available
PRJNA977839	NCBI (PMID)	Manual PDF	Full text retrieved
PRJNA1129295	Web search	Manual PDF	Full text retrieved
PRJNA1195373	NCBI (PMID)	PMC OA	Full text retrieved
PRJNA918399	NCBI (PMID)	PMC OA	Full text retrieved
PRJNA477359	NCBI (PMID)	Unpaywall PDF	Full text retrieved
PRJNA695871	No DOI found	No DOI	No full text available
PRJEB39308	No DOI found	No DOI	No full text available
PRJNA1424250	No DOI found	No DOI	No full text available
PRJNA1465640	NCBI (PMID)	Manual PDF	Full text retrieved
PRJNA321917	NCBI (PMID)	PMC OA	Full text retrieved
PRJNA508768	Web search	Unpaywall PDF	Full text retrieved
PRJNA733070	No DOI found	No DOI	No full text available
PRJNA1240218	NCBI (PMID)	Manual PDF	Full text retrieved
PRJNA1022321	Web search	PMC OA	Full text retrieved
PRJNA1148431	No DOI found	No DOI	No full text available
PRJNA530033	No DOI found	No DOI	No full text available
PRJNA265955	NCBI (PMID)	PMC OA	Full text retrieved
PRJNA562996	No DOI found	No DOI	No full text available
PRJNA563186	Web search	Unpaywall PDF	Full text retrieved
PRJNA1013336	NCBI (PMID)	PMC OA	Full text retrieved
PRJNA1203349	NCBI (PMID)	PMC OA	Full text retrieved
PRJNA1270936	NCBI (PMID)	Unpaywall PDF	Full text retrieved
PRJNA1265690	Web search	Manual PDF	Full text retrieved
PRJNA1148437	No DOI found	No DOI	No full text available
PRJNA771518	No DOI found	No DOI	No full text available
PRJNA1108053	NCBI (PMID)	PMC OA	Full text retrieved
PRJNA509214	NCBI (PMID)	Unpaywall PDF	Full text retrieved
PRJNA1190367	NCBI (PMID)	PMC OA	Full text retrieved
PRJNA471709	NCBI (PMID)	PMC OA	Full text retrieved
PRJNA1203203	No DOI found	No DOI	No full text available
PRJNA315516	NCBI (PMID)	Unpaywall PDF	Full text retrieved
PRJDB37035	No DOI found	No DOI	No full text available
PRJNA417591	NCBI (PMID)	Manual PDF	Full text retrieved
PRJNA472447	No DOI found	No DOI	No full text available
PRJNA644406	No DOI found	No DOI	No full text available
PRJNA1290040	No DOI found	No DOI	No full text available
PRJNA1363716	NCBI (PMID)	Unpaywall PDF	Full text retrieved
PRJNA541994	No DOI found	No DOI	No full text available
PRJNA1371123	No DOI found	No DOI	No full text available
PRJEB55600	No DOI found	No DOI	No full text available
PRJNA899438	NCBI (PMID)	PMC OA	Full text retrieved
PRJNA830457	No DOI found	No DOI	No full text available
PRJDB38984	No DOI found	No DOI	No full text available
PRJDB5533	No DOI found	No DOI	No full text available
PRJNA308408	NCBI (PMID)	PMC OA	Full text retrieved
PRJNA918425	NCBI (PMID)	PMC OA	Full text retrieved
PRJNA1144135	NCBI (PMID)	PMC OA	Full text retrieved
PRJNA1015113	No DOI found	No DOI	No full text available
PRJNA610066	NCBI (PMID)	PMC OA	Full text retrieved
PRJNA1326257	No DOI found	No DOI	No full text available
PRJNA423161	NCBI (PMID)	PMC OA	Full text retrieved
PRJNA795871	No DOI found	No DOI	No full text available
PRJNA293283	No DOI found	No DOI	No full text available
PRJNA938065	NCBI (PMID)	Unpaywall PDF	Full text retrieved
PRJNA477253	No DOI found	No DOI	No full text available
PRJNA1031966	NCBI (PMID)	Unpaywall PDF	Full text retrieved
PRJNA542779	No DOI found	No DOI	No full text available
PRJNA755600	Web search	Manual PDF	Full text retrieved
PRJNA681568	No DOI found	No DOI	No full text available
PRJNA662936	NCBI (PMID)	Unpaywall PDF	Full text retrieved
PRJNA336471	Web search	Manual PDF	Full text retrieved
PRJNA893349	NCBI (PMID)	Unpaywall PDF	Full text retrieved
PRJDB13419	No DOI found	No DOI	No full text available
PRJNA1194215	No DOI found	No DOI	No full text available
PRJNA1073691	NCBI (PMID)	PMC OA	Full text retrieved
PRJNA324305	No DOI found	No DOI	No full text available
PRJNA738872	No DOI found	No DOI	No full text available
PRJNA1354973	No DOI found	No DOI	No full text available
PRJEB88178	NCBI (PMID)	PMC OA	Full text retrieved
PRJNA510920	NCBI (PMID)	PMC OA	Full text retrieved
PRJNA854090	No DOI found	No DOI	No full text available
PRJNA1394627	NCBI (PMID)	Manual PDF	Full text retrieved
PRJNA495475	NCBI (PMID)	PMC OA	Full text retrieved
PRJNA786267	No DOI found	No DOI	No full text available
PRJNA679433	NCBI (PMID)	PMC OA	Full text retrieved
PRJNA731024	NCBI (PMID)	Unpaywall PDF	Full text retrieved
PRJNA613891	NCBI (PMID)	Manual PDF	Full text retrieved
PRJNA261444	NCBI (PMID)	PMC OA	Full text retrieved
PRJNA1322505	No DOI found	No DOI	No full text available
PRJNA810908	NCBI (PMID)	PMC OA	Full text retrieved
PRJNA907083	No DOI found	No DOI	No full text available
PRJNA714266	No DOI found	No DOI	No full text available
PRJNA644654	NCBI (PMID)	PMC OA	Full text retrieved
PRJNA1120176	No DOI found	No DOI	No full text available
PRJNA1015548	No DOI found	No DOI	No full text available
PRJNA1417095	No DOI found	No DOI	No full text available
PRJNA789389	Web search	Manual PDF	Full text retrieved
PRJNA471653	No DOI found	No DOI	No full text available
PRJNA869950	NCBI (PMID)	Manual PDF	Full text retrieved
PRJNA414570	NCBI (PMID)	PMC OA	Full text retrieved
PRJNA505650	No DOI found	No DOI	No full text available
PRJNA540228	NCBI (PMID)	PMC OA	Full text retrieved
PRJNA759653	NCBI (PMID)	PMC OA	Full text retrieved
PRJNA808784	No DOI found	No DOI	No full text available
PRJNA1177658	NCBI (PMID)	Unpaywall PDF	Full text retrieved
PRJNA861273	No DOI found	No DOI	No full text available
PRJNA1455163	No DOI found	No DOI	No full text available
PRJNA767817	NCBI (PMID)	PMC OA	Full text retrieved
PRJNA605937	NCBI (PMID)	PMC OA	Full text retrieved
PRJNA491716	NCBI (PMID)	No OA copy found	No full text available
PRJNA766564	NCBI (PMID)	Unpaywall PDF	Full text retrieved
PRJNA938603	No DOI found	No DOI	No full text available
PRJNA1321556	NCBI (PMID)	PMC OA	Full text retrieved
PRJNA896583	No DOI found	No DOI	No full text available
PRJNA1414443	No DOI found	No DOI	No full text available
PRJNA884711	NCBI (PMID)	PMC OA	Full text retrieved
PRJNA1101865	NCBI (PMID)	PMC OA	Full text retrieved
PRJNA824616	NCBI (PMID)	PMC OA	Full text retrieved
PRJNA998000	No DOI found	No DOI	No full text available
PRJNA683746	NCBI (PMID)	PMC OA	Full text retrieved
PRJNA623526	NCBI (PMID)	PMC OA	Full text retrieved
PRJNA1255829	Web search	Manual PDF	Full text retrieved
PRJNA930136	No DOI found	No DOI	No full text available
PRJNA281236	NCBI (PMID)	Manual PDF	Full text retrieved
PRJNA819267	NCBI (PMID)	Manual PDF	Full text retrieved
PRJNA1135242	No DOI found	No DOI	No full text available
PRJNA1314400	No DOI found	No DOI	No full text available
PRJNA738667	Web search	Manual PDF	Full text retrieved
PRJNA772299	No DOI found	No DOI	No full text available
PRJNA1094674	No DOI found	No DOI	No full text available
PRJNA1006331	Web search	Manual PDF	Full text retrieved
PRJNA1112547	NCBI (PMID)	PMC OA	Full text retrieved
PRJNA1102319	Web search	Unpaywall PDF	Full text retrieved
PRJNA1470446	No DOI found	No DOI	No full text available
PRJNA1216614	NCBI (PMID)	PMC OA	Full text retrieved
PRJNA1426942	Web search	No OA copy found	No full text available
PRJNA847036	NCBI (PMID)	PMC OA	Full text retrieved
PRJNA832802	NCBI (PMID)	PMC OA	Full text retrieved
PRJNA1142098	No DOI found	No DOI	No full text available
PRJNA808232	NCBI (PMID)	PMC OA	Full text retrieved
PRJNA1211507	NCBI (PMID)	PMC OA	Full text retrieved
PRJDB34659	No DOI found	No DOI	No full text available
PRJEB24521	Web search	Unpaywall PDF	Full text retrieved
PRJNA434179	NCBI (PMID)	Manual PDF	Full text retrieved
PRJNA1135933	NCBI (PMID)	PMC OA	Full text retrieved
PRJEB42393	No DOI found	No DOI	No full text available
PRJNA480740	NCBI (PMID)	Manual PDF	Full text retrieved
PRJNA1171632	NCBI (PMID)	PMC OA	Full text retrieved
PRJNA794002	No DOI found	No DOI	No full text available
PRJDB19723	NCBI (PMID)	PMC OA	Full text retrieved
PRJNA1219206	Web search	Unpaywall PDF	Full text retrieved
PRJNA331148	NCBI (PMID)	PMC OA	Full text retrieved
PRJNA471157	No DOI found	No DOI	No full text available
PRJNA431598	NCBI (PMID)	Manual PDF	Full text retrieved
PRJNA339424	No DOI found	No DOI	No full text available
PRJNA1079030	Web search	PMC OA	Full text retrieved
PRJNA360515	No DOI found	No DOI	No full text available
PRJNA1069975	NCBI (PMID)	PMC OA	Full text retrieved
PRJEB98125	No DOI found	No DOI	No full text available
PRJNA717217	NCBI (PMID)	Unpaywall PDF	Full text retrieved
PRJNA1221348	NCBI (PMID)	PMC OA	Full text retrieved
PRJNA1203036	Web search	Manual PDF	Full text retrieved
PRJNA1226203	NCBI (PMID)	PMC OA	Full text retrieved
PRJNA838787	NCBI (PMID)	PMC OA	Full text retrieved
PRJNA1276321	NCBI (PMID)	PMC OA	Full text retrieved
PRJNA761556	NCBI (PMID)	PMC OA	Full text retrieved
PRJNA1148435	No DOI found	No DOI	No full text available
PRJNA322501	NCBI (PMID)	Manual PDF	Full text retrieved
PRJEB37046	No DOI found	No DOI	No full text available
PRJNA522013	NCBI (PMID)	PMC OA	Full text retrieved
PRJNA1018845	NCBI (PMID)	Unpaywall PDF	Full text retrieved
PRJNA643674	NCBI (PMID)	Unpaywall PDF	Full text retrieved
PRJNA1135931	No DOI found	No DOI	No full text available
PRJNA423270	No DOI found	No DOI	No full text available
PRJNA1100217	Web search	Manual PDF	Full text retrieved
PRJNA632579	NCBI (PMID)	PMC OA	Full text retrieved
PRJNA1143533	No DOI found	No DOI	No full text available
PRJNA1479129	No DOI found	No DOI	No full text available
PRJNA819278	NCBI (PMID)	Manual PDF	Full text retrieved
PRJNA407369	NCBI (PMID)	Manual PDF	Full text retrieved
PRJNA274853	NCBI (PMID)	PMC OA	Full text retrieved
PRJNA868217	No DOI found	No DOI	No full text available
PRJNA886841	NCBI (PMID)	PMC OA	Full text retrieved
PRJNA1428298	NCBI (PMID)	PMC OA	Full text retrieved
PRJNA911470	NCBI (PMID)	PMC OA	Full text retrieved
PRJNA690691	NCBI (PMID)	PMC OA	Full text retrieved
PRJNA595999	NCBI (PMID)	PMC OA	Full text retrieved
PRJNA811718	No DOI found	No DOI	No full text available
PRJNA358683	No DOI found	No DOI	No full text available
PRJEB39398	NCBI (PMID)	PMC OA	Full text retrieved
PRJNA936260	NCBI (PMID)	PMC OA	Full text retrieved
PRJNA689677	Web search	Manual PDF	Full text retrieved
PRJNA633940	NCBI (PMID)	PMC OA	Full text retrieved
PRJDB38457	No DOI found	No DOI	No full text available
PRJNA509070	NCBI (PMID)	PMC OA	Full text retrieved
PRJNA1101972	NCBI (PMID)	PMC OA	Full text retrieved
PRJNA1038948	No DOI found	No DOI	No full text available
PRJNA1265958	NCBI (PMID)	PMC OA	Full text retrieved
PRJNA1122595	Web search	Manual PDF	Full text retrieved
PRJNA1280538	NCBI (PMID)	PMC OA	Full text retrieved
PRJNA893261	NCBI (PMID)	PMC OA	Full text retrieved
PRJNA674985	NCBI (PMID)	Unpaywall PDF	Full text retrieved
PRJNA578698	NCBI (PMID)	PMC OA	Full text retrieved
PRJNA1294153	No DOI found	No DOI	No full text available
PRJNA492913	Web search	Manual PDF	Full text retrieved
PRJNA1255857	No DOI found	No DOI	No full text available
PRJNA1475870	No DOI found	No DOI	No full text available
PRJNA997093	Web search	No OA copy found	No full text available
PRJEB10574	NCBI (PMID)	PMC OA	Full text retrieved
PRJNA434655	NCBI (PMID)	Unpaywall PDF	Full text retrieved
PRJNA836253	NCBI (PMID)	Unpaywall PDF	Full text retrieved
PRJNA987996	No DOI found	No DOI	No full text available
PRJEB36444	NCBI (PMID)	PMC OA	Full text retrieved
PRJNA853857	NCBI (PMID)	PMC OA	Full text retrieved
PRJNA575690	NCBI (PMID)	Unpaywall PDF	Full text retrieved
PRJDB9607	NCBI (PMID)	Manual PDF	Full text retrieved
PRJNA1203410	No DOI found	No DOI	No full text available
PRJNA1402668	No DOI found	No DOI	No full text available
PRJNA762085	NCBI (PMID)	Unpaywall PDF	Full text retrieved
PRJNA369690	NCBI (PMID)	Manual PDF	Full text retrieved
PRJNA1152285	NCBI (PMID)	PMC OA	Full text retrieved
PRJNA957090	No DOI found	No DOI	No full text available
PRJNA1475882	No DOI found	No DOI	No full text available
PRJEB79249	NCBI (PMID)	Unpaywall PDF	Full text retrieved
PRJNA432638	No DOI found	No DOI	No full text available
PRJNA414966	NCBI (PMID)	Unpaywall PDF	Full text retrieved
PRJNA804578	No DOI found	No DOI	No full text available
PRJNA721468	NCBI (PMID)	Unpaywall PDF	Full text retrieved
PRJNA1073425	No DOI found	No DOI	No full text available
PRJNA1390436	NCBI (PMID)	Unpaywall PDF	Full text retrieved
PRJDB42527	No DOI found	No DOI	No full text available
PRJNA1434284	No DOI found	No DOI	No full text available
PRJNA833784	No DOI found	No DOI	No full text available
PRJNA597792	NCBI (PMID)	PMC OA	Full text retrieved
PRJNA841031	No DOI found	No DOI	No full text available
PRJDB36677	No DOI found	No DOI	No full text available
PRJNA819072	NCBI (PMID)	PMC OA	Full text retrieved
PRJNA256033	NCBI (PMID)	PMC OA	Full text retrieved
PRJNA485739	NCBI (PMID)	Unpaywall PDF	Full text retrieved
PRJNA607858	NCBI (PMID)	Unpaywall PDF	Full text retrieved
PRJNA477556	No DOI found	No DOI	No full text available
PRJNA938609	NCBI (PMID)	PMC OA	Full text retrieved
PRJNA294848	NCBI (PMID)	PMC OA	Full text retrieved
PRJNA688902	No DOI found	No DOI	No full text available
PRJNA151401	Web search	Manual PDF	Full text retrieved
PRJEB44745	NCBI (PMID)	PMC OA	Full text retrieved
PRJNA1445478	No DOI found	No DOI	No full text available
PRJNA483957	NCBI (PMID)	Unpaywall PDF	Full text retrieved
PRJNA606032	NCBI (PMID)	Manual PDF	Full text retrieved
PRJNA791784	No DOI found	No DOI	No full text available
PRJNA623421	No DOI found	No DOI	No full text available
PRJNA407898	NCBI (PMID)	Unpaywall PDF	Full text retrieved
PRJNA839510	No DOI found	No DOI	No full text available
PRJEB23306	No DOI found	No DOI	No full text available
PRJNA506031	No DOI found	No DOI	No full text available
PRJNA1462868	No DOI found	No DOI	No full text available
PRJNA810958	NCBI (PMID)	Manual PDF	Full text retrieved
PRJNA906119	No DOI found	No DOI	No full text available
PRJNA1250220	NCBI (PMID)	PMC OA	Full text retrieved
PRJNA1416819	Web search	Manual PDF	Full text retrieved
PRJEB21223	NCBI (PMID)	PMC OA	Full text retrieved
PRJNA1425155	No DOI found	No DOI	No full text available
PRJNA306542	NCBI (PMID)	PMC OA	Full text retrieved
PRJEB64683	Web search	Unpaywall PDF	Full text retrieved
PRJDB13025	No DOI found	No DOI	No full text available
PRJNA1478021	No DOI found	No DOI	No full text available
PRJNA549565	No DOI found	No DOI	No full text available
PRJEB24686	NCBI (PMID)	PMC OA	Full text retrieved
PRJNA787359	NCBI (PMID)	PMC OA	Full text retrieved
PRJNA1039328	No DOI found	No DOI	No full text available
PRJNA740181	NCBI (PMID)	Manual PDF	Full text retrieved
PRJNA1452953	No DOI found	No DOI	No full text available
PRJNA1132728	No DOI found	No DOI	No full text available
PRJNA524268	No DOI found	No DOI	No full text available
PRJNA1139942	Web search	Manual PDF	Full text retrieved
PRJNA1245285	NCBI (PMID)	PMC OA	Full text retrieved
PRJNA641462	No DOI found	No DOI	No full text available
PRJNA742147	NCBI (PMID)	PMC OA	Full text retrieved
PRJNA376075	NCBI (PMID)	Unpaywall PDF	Full text retrieved
PRJNA1264741	No DOI found	No DOI	No full text available
PRJNA523972	No DOI found	No DOI	No full text available
PRJNA1215988	NCBI (PMID)	PMC OA	Full text retrieved
PRJDB36401	No DOI found	No DOI	No full text available
PRJNA1113349	NCBI (PMID)	PMC OA	Full text retrieved
PRJNA1464005	No DOI found	No DOI	No full text available
PRJEB47779	NCBI (PMID)	Unpaywall PDF	Full text retrieved
PRJNA1414147	Web search	Unpaywall PDF	Full text retrieved
PRJNA793045	NCBI (PMID)	PMC OA	Full text retrieved
PRJNA739552	NCBI (PMID)	PMC OA	Full text retrieved
PRJNA322439	NCBI (PMID)	PMC OA	Full text retrieved
PRJNA700112	NCBI (PMID)	PMC OA	Full text retrieved
PRJNA1477694	No DOI found	No DOI	No full text available
PRJNA550997	NCBI (PMID)	PMC OA	Full text retrieved
PRJNA526380	No DOI found	No DOI	No full text available
PRJDB9318	No DOI found	No DOI	No full text available
PRJNA1108929	No DOI found	No DOI	No full text available
PRJNA667351	NCBI (PMID)	PMC OA	Full text retrieved
PRJNA1147428	No DOI found	No DOI	No full text available
PRJNA1242805	NCBI (PMID)	Manual PDF	Full text retrieved
PRJNA579047	No DOI found	No DOI	No full text available
PRJEB88084	NCBI (PMID)	PMC OA	Full text retrieved
PRJNA1052939	Web search	Unpaywall PDF	Full text retrieved
PRJNA1036172	NCBI (PMID)	Manual PDF	Full text retrieved
PRJNA1197544	No DOI found	No DOI	No full text available
PRJNA541959	No DOI found	No DOI	No full text available
PRJNA957941	No DOI found	No DOI	No full text available
PRJNA641330	NCBI (PMID)	Manual PDF	Full text retrieved
PRJNA276444	NCBI (PMID)	PMC OA	Full text retrieved
PRJNA1038810	No DOI found	No DOI	No full text available
PRJEB13048	NCBI (PMID)	Unpaywall PDF	Full text retrieved
PRJNA289545	NCBI (PMID)	Unpaywall PDF	Full text retrieved
PRJNA415716	NCBI (PMID)	PMC OA	Full text retrieved
PRJNA1187339	No DOI found	No DOI	No full text available
PRJNA782344	NCBI (PMID)	PMC OA	Full text retrieved
PRJNA1158526	No DOI found	No DOI	No full text available
PRJNA432224	NCBI (PMID)	PMC OA	Full text retrieved
PRJNA739851	NCBI (PMID)	Manual PDF	Full text retrieved
PRJNA209313	NCBI (PMID)	Manual PDF	Full text retrieved
PRJNA782220	Web search	Manual PDF	Full text retrieved
PRJNA799026	NCBI (PMID)	Unpaywall PDF	Full text retrieved
PRJNA419281	No DOI found	No DOI	No full text available
PRJNA1286949	No DOI found	No DOI	No full text available
PRJNA1416783	No DOI found	No DOI	No full text available
PRJNA780342	NCBI (PMID)	Unpaywall PDF	Full text retrieved
PRJNA1153365	NCBI (PMID)	PMC OA	Full text retrieved
PRJNA1200603	Web search	Manual PDF	Full text retrieved
PRJNA1139870	NCBI (PMID)	Manual PDF	Full text retrieved
PRJNA757130	NCBI (PMID)	PMC OA	Full text retrieved
PRJNA979257	NCBI (PMID)	Manual PDF	Full text retrieved
PRJNA1460992	No DOI found	No DOI	No full text available
PRJNA841838	NCBI (PMID)	Manual PDF	Full text retrieved
PRJNA1182403	No DOI found	No DOI	No full text available
PRJNA596609	No DOI found	No DOI	No full text available
PRJNA1137117	No DOI found	No DOI	No full text available
PRJNA376551	Web search	Unpaywall PDF	Full text retrieved
PRJNA1203070	NCBI (PMID)	PMC OA	Full text retrieved
PRJNA1038947	No DOI found	No DOI	No full text available
PRJNA953858	NCBI (PMID)	PMC OA	Full text retrieved
PRJNA590671	NCBI (PMID)	PMC OA	Full text retrieved
PRJNA983310	NCBI (PMID)	Unpaywall PDF	Full text retrieved
PRJNA1367956	Web search	PMC OA	Full text retrieved
PRJNA437780	No DOI found	No DOI	No full text available
PRJDB39205	No DOI found	No DOI	No full text available
PRJNA700696	No DOI found	No DOI	No full text available
PRJNA976033	Web search	Manual PDF	Full text retrieved
PRJNA1347427	NCBI (PMID)	PMC OA	Full text retrieved
PRJEB55781	NCBI (PMID)	PMC OA	Full text retrieved
PRJNA553311	NCBI (PMID)	Manual PDF	Full text retrieved
PRJNA1103823	No DOI found	No DOI	No full text available
PRJNA1426573	NCBI (PMID)	PMC OA	Full text retrieved
PRJDB12449	No DOI found	No DOI	No full text available
PRJNA1274172	No DOI found	No DOI	No full text available
PRJNA231064	NCBI (PMID)	PMC OA	Full text retrieved
PRJNA1006160	NCBI (PMID)	PMC OA	Full text retrieved
PRJNA477791	No DOI found	No DOI	No full text available
PRJDB39299	No DOI found	No DOI	No full text available
PRJNA1222764	No DOI found	No DOI	No full text available
PRJNA418121	NCBI (PMID)	Unpaywall PDF	Full text retrieved
PRJNA916485	No DOI found	No DOI	No full text available
PRJNA1312333	No DOI found	No DOI	No full text available
PRJNA892450	NCBI (PMID)	PMC OA	Full text retrieved
PRJNA1136561	No DOI found	No DOI	No full text available
PRJNA956666	NCBI (PMID)	PMC OA	Full text retrieved
PRJNA819211	No DOI found	No DOI	No full text available
PRJNA575568	No DOI found	No DOI	No full text available
PRJNA1018308	NCBI (PMID)	PMC OA	Full text retrieved
PRJNA1181513	Web search	Manual PDF	Full text retrieved
PRJNA749126	NCBI (PMID)	PMC OA	Full text retrieved
PRJNA960823	No DOI found	No DOI	No full text available
PRJNA869553	No DOI found	No DOI	No full text available
PRJNA735336	NCBI (PMID)	PMC OA	Full text retrieved
PRJNA1177454	No DOI found	No DOI	No full text available
PRJDB16420	Web search	No OA copy found	No full text available
PRJNA265627	No DOI found	No DOI	No full text available
PRJNA355905	NCBI (PMID)	PMC OA	Full text retrieved
PRJNA701852	NCBI (PMID)	Unpaywall PDF	Full text retrieved
PRJNA715112	NCBI (PMID)	PMC OA	Full text retrieved
PRJNA1405827	No DOI found	No DOI	No full text available
PRJNA1263823	No DOI found	No DOI	No full text available
PRJNA1307747	Web search	Manual PDF	Full text retrieved
PRJNA1160434	NCBI (PMID)	Manual PDF	Full text retrieved
PRJNA1143388	NCBI (PMID)	Unpaywall PDF	Full text retrieved
PRJNA818435	Web search	Manual PDF	Full text retrieved
PRJNA850847	No DOI found	No DOI	No full text available
PRJNA339565	NCBI (PMID)	Unpaywall PDF	Full text retrieved
PRJNA378698	No DOI found	No DOI	No full text available
PRJNA574280	NCBI (PMID)	Manual PDF	Full text retrieved
PRJNA646588	NCBI (PMID)	PMC OA	Full text retrieved
PRJDB6779	Web search	Unpaywall PDF	Full text retrieved
PRJNA1400237	No DOI found	No DOI	No full text available
PRJNA352773	No DOI found	No DOI	No full text available
PRJNA957932	NCBI (PMID)	Manual PDF	Full text retrieved
PRJNA304266	No DOI found	No DOI	No full text available
PRJNA698070	No DOI found	No DOI	No full text available
PRJNA665613	NCBI (PMID)	PMC OA	Full text retrieved
PRJNA528563	NCBI (PMID)	PMC OA	Full text retrieved
PRJNA980895	NCBI (PMID)	PMC OA	Full text retrieved
PRJNA730918	NCBI (PMID)	PMC OA	Full text retrieved
PRJNA1028178	NCBI (PMID)	PMC OA	Full text retrieved
PRJNA541021	NCBI (PMID)	PMC OA	Full text retrieved
PRJNA1251656	NCBI (PMID)	PMC OA	Full text retrieved
PRJNA415355	NCBI (PMID)	Manual PDF	Full text retrieved
PRJNA764923	NCBI (PMID)	PMC OA	Full text retrieved
PRJNA1029904	No DOI found	No DOI	No full text available
PRJNA727473	NCBI (PMID)	PMC OA	Full text retrieved
PRJNA908908	NCBI (PMID)	PMC OA	Full text retrieved
PRJNA1160431	No DOI found	No DOI	No full text available
PRJNA1468456	No DOI found	No DOI	No full text available
PRJNA240125	NCBI (PMID)	Manual PDF	Full text retrieved
PRJNA976954	No DOI found	No DOI	No full text available
PRJNA868504	NCBI (PMID)	PMC OA	Full text retrieved
PRJNA744887	NCBI (PMID)	Unpaywall PDF	Full text retrieved
PRJDB36112	No DOI found	No DOI	No full text available
PRJDB12891	NCBI (PMID)	Unpaywall PDF	Full text retrieved
PRJNA960915	NCBI (PMID)	PMC OA	Full text retrieved
PRJNA1417981	No DOI found	No DOI	No full text available
PRJNA556349	No DOI found	No DOI	No full text available
PRJNA574764	NCBI (PMID)	PMC OA	Full text retrieved
PRJNA859548	NCBI (PMID)	PMC OA	Full text retrieved
PRJNA934741	NCBI (PMID)	PMC OA	Full text retrieved
PRJNA1193267	No DOI found	No DOI	No full text available
PRJNA836737	NCBI (PMID)	PMC OA	Full text retrieved
PRJNA1276679	No DOI found	No DOI	No full text available
PRJNA1088814	No DOI found	No DOI	No full text available
PRJNA904271	NCBI (PMID)	PMC OA	Full text retrieved
PRJNA1337793	No DOI found	No DOI	No full text available
PRJNA432496	NCBI (PMID)	PMC OA	Full text retrieved
PRJNA361024	No DOI found	No DOI	No full text available
PRJNA383416	NCBI (PMID)	Manual PDF	Full text retrieved
PRJNA730711	NCBI (PMID)	PMC OA	Full text retrieved
PRJNA1039520	Web search	Manual PDF	Full text retrieved
PRJNA649944	NCBI (PMID)	Unpaywall PDF	Full text retrieved
PRJNA1066067	No DOI found	No DOI	No full text available
PRJNA176022	No DOI found	No DOI	No full text available
PRJEB34899	No DOI found	No DOI	No full text available
PRJNA852375	No DOI found	No DOI	No full text available
PRJNA763324	NCBI (PMID)	PMC OA	Full text retrieved
PRJNA1344827	NCBI (PMID)	Manual PDF	Full text retrieved
PRJNA1356531	NCBI (PMID)	Unpaywall PDF	Full text retrieved
PRJNA315041	NCBI (PMID)	Unpaywall PDF	Full text retrieved
PRJNA1277021	No DOI found	No DOI	No full text available
PRJNA737303	NCBI (PMID)	PMC OA	Full text retrieved
PRJNA271927	NCBI (PMID)	PMC OA	Full text retrieved
PRJNA753546	NCBI (PMID)	PMC OA	Full text retrieved
PRJNA757744	NCBI (PMID)	PMC OA	Full text retrieved
PRJNA787080	NCBI (PMID)	PMC OA	Full text retrieved
PRJNA566021	No DOI found	No DOI	No full text available
PRJNA907016	No DOI found	No DOI	No full text available
PRJEB39262	NCBI (PMID)	PMC OA	Full text retrieved
PRJNA828454	NCBI (PMID)	Manual PDF	Full text retrieved
PRJNA545871	NCBI (PMID)	PMC OA	Full text retrieved
PRJNA1072674	NCBI (PMID)	PMC OA	Full text retrieved
PRJNA539945	NCBI (PMID)	Unpaywall PDF	Full text retrieved
PRJNA961939	NCBI (PMID)	Unpaywall PDF	Full text retrieved
PRJNA935025	NCBI (PMID)	PMC OA	Full text retrieved
PRJDB12902	NCBI (PMID)	Unpaywall PDF	Full text retrieved
PRJNA1402980	No DOI found	No DOI	No full text available
PRJNA611672	NCBI (PMID)	Unpaywall PDF	Full text retrieved
PRJNA900521	NCBI (PMID)	PMC OA	Full text retrieved
PRJNA279009	No DOI found	No DOI	No full text available
PRJNA470527	No DOI found	No DOI	No full text available
PRJNA988279	NCBI (PMID)	Unpaywall PDF	Full text retrieved
PRJNA1006415	No DOI found	No DOI	No full text available
PRJEB88172	NCBI (PMID)	PMC OA	Full text retrieved
PRJNA246735	NCBI (PMID)	Unpaywall PDF	Full text retrieved
PRJNA1374450	No DOI found	No DOI	No full text available
PRJNA1014593	No DOI found	No DOI	No full text available
PRJDB2278	NCBI (PMID)	PMC OA	Full text retrieved
PRJNA589993	NCBI (PMID)	PMC OA	Full text retrieved
PRJNA548085	No DOI found	No DOI	No full text available
PRJNA384626	No DOI found	No DOI	No full text available
PRJNA1115892	NCBI (PMID)	PMC OA	Full text retrieved
PRJNA716122	No DOI found	No DOI	No full text available
PRJNA1038808	No DOI found	No DOI	No full text available
PRJNA265628	No DOI found	No DOI	No full text available
PRJNA1274897	NCBI (PMID)	Manual PDF	Full text retrieved
PRJNA329199	NCBI (PMID)	PMC OA	Full text retrieved
PRJNA391797	No DOI found	No DOI	No full text available
PRJNA1113399	No DOI found	No DOI	No full text available
PRJNA307989	Web search	Manual PDF	Full text retrieved
PRJNA858969	NCBI (PMID)	PMC OA	Full text retrieved
PRJNA1010139	No DOI found	No DOI	No full text available
PRJNA490074	No DOI found	No DOI	No full text available
PRJNA476679	NCBI (PMID)	PMC OA	Full text retrieved
PRJDB38806	No DOI found	No DOI	No full text available
PRJNA273659	NCBI (PMID)	PMC OA	Full text retrieved
PRJNA544386	No DOI found	No DOI	No full text available
PRJNA937310	No DOI found	No DOI	No full text available
PRJNA998097	No DOI found	No DOI	No full text available
PRJNA1128586	NCBI (DOI only)	Manual PDF	Full text retrieved
PRJNA476551	No DOI found	No DOI	No full text available
PRJNA589748	No DOI found	No DOI	No full text available
PRJNA1247987	NCBI (PMID)	PMC OA	Full text retrieved
PRJNA695320	NCBI (PMID)	Unpaywall PDF	Full text retrieved
PRJNA309643	No DOI found	No DOI	No full text available
PRJNA1261096	NCBI (PMID)	Unpaywall PDF	Full text retrieved
PRJEB86173	NCBI (PMID)	PMC OA	Full text retrieved
PRJNA477951	NCBI (PMID)	PMC OA	Full text retrieved
PRJNA515933	Web search	Manual PDF	Full text retrieved
PRJNA1211198	Web search	No OA copy found	No full text available
PRJNA307634	No DOI found	No DOI	No full text available
PRJNA839539	NCBI (PMID)	Unpaywall PDF	Full text retrieved
PRJNA1077452	NCBI (PMID)	PMC OA	Full text retrieved
PRJNA371984	No DOI found	No DOI	No full text available
PRJNA1240083	No DOI found	No DOI	No full text available
PRJNA707066	NCBI (PMID)	PMC OA	Full text retrieved
PRJNA1018253	Web search	Manual PDF	Full text retrieved
PRJNA692674	No DOI found	No DOI	No full text available
PRJNA1266229	Web search	No OA copy found	No full text available
PRJNA1221773	No DOI found	No DOI	No full text available
PRJNA1314945	NCBI (PMID)	Manual PDF	Full text retrieved
PRJNA936832	NCBI (PMID)	Unpaywall PDF	Full text retrieved
PRJNA391024	NCBI (PMID)	Unpaywall PDF	Full text retrieved
PRJNA667164	No DOI found	No DOI	No full text available
PRJNA629966	NCBI (PMID)	PMC OA	Full text retrieved
PRJNA906029	NCBI (PMID)	PMC OA	Full text retrieved
PRJNA625627	NCBI (PMID)	Unpaywall PDF	Full text retrieved
PRJEB34944	No DOI found	No DOI	No full text available
PRJNA1262333	No DOI found	No DOI	No full text available
PRJNA1088419	No DOI found	No DOI	No full text available
PRJNA563868	NCBI (PMID)	PMC OA	Full text retrieved
PRJNA715088	No DOI found	No DOI	No full text available
PRJNA745147	NCBI (PMID)	PMC OA	Full text retrieved
PRJNA776278	NCBI (PMID)	PMC OA	Full text retrieved
PRJNA294128	No DOI found	No DOI	No full text available
PRJEB10406	NCBI (PMID)	PMC OA	Full text retrieved
PRJNA533801	No DOI found	No DOI	No full text available
PRJNA349155	NCBI (PMID)	Manual PDF	Full text retrieved
PRJNA357594	NCBI (PMID)	Unpaywall PDF	Full text retrieved
PRJEB21682	NCBI (PMID)	Unpaywall PDF	Full text retrieved
PRJNA887919	No DOI found	No DOI	No full text available
PRJNA1462132	No DOI found	No DOI	No full text available
PRJNA730888	NCBI (PMID)	PMC OA	Full text retrieved
PRJNA725619	Web search	Unpaywall PDF	Full text retrieved
PRJNA778182	NCBI (PMID)	Manual PDF	Full text retrieved
PRJNA438132	No DOI found	No DOI	No full text available
PRJNA504749	NCBI (PMID)	Unpaywall PDF	Full text retrieved
PRJNA517178	NCBI (PMID)	PMC OA	Full text retrieved
PRJNA971242	NCBI (PMID)	PMC OA	Full text retrieved
PRJEB51973	Web search	Unpaywall PDF	Full text retrieved
PRJNA378602	NCBI (PMID)	Manual PDF	Full text retrieved
PRJNA1207602	No DOI found	No DOI	No full text available
PRJNA980182	NCBI (PMID)	Unpaywall PDF	Full text retrieved
PRJNA576276	No DOI found	No DOI	No full text available
PRJDB5677	No DOI found	No DOI	No full text available
PRJNA450305	NCBI (PMID)	PMC OA	Full text retrieved
PRJNA1008994	No DOI found	No DOI	No full text available
PRJNA1218812	No DOI found	No DOI	No full text available
PRJNA1031710	No DOI found	No DOI	No full text available
PRJEB107162	No DOI found	No DOI	No full text available
PRJEB107075	No DOI found	No DOI	No full text available
