species	neighbour	relationship	containment_a_in_b	containment_b_in_a	shared_kmers	kmers_a	kmers_b	n_acc_a	n_acc_b
Alternaria alternata	Alternaria tenuissima	unknown	0.62899	0.74688	102540000	163023000	137292000	4	5
Alternaria alternata	Alternaria postmessia	unknown	0.46509	0.90241	75821000	163023000	84021000	4	2
Alternaria alternata	Alternaria sp.	unknown	0.45149	0.29737	73603000	163023000	247510000	4	4
Alternaria alternata	Alternaria arborescens	unknown	0.38133	0.58817	62165000	163023000	105693000	4	4
Alternaria alternata	Alternaria burnsii	unknown	0.28684	0.46985	46762000	163023000	99525000	4	3
Alternaria alternata	Alternaria dauci	unknown	0.03485	0.07738	5682000	163023000	73427000	4	2
Alternaria alternata	Alternaria panax	genus	0.02096	0.04294	3417000	163023000	79585000	4	1
Alternaria alternata	Alternaria atra	unknown	0.01928	0.03657	3143000	163023000	85950000	4	2
Alternaria panax	Alternaria sp.	unknown	0.0464	0.01492	3693000	79585000	247510000	1	4
Alternaria panax	Alternaria alternata	genus	0.04294	0.02096	3417000	79585000	163023000	1	4
Alternaria panax	Alternaria tenuissima	unknown	0.04125	0.02391	3283000	79585000	137292000	1	5
Alternaria panax	Alternaria arborescens	unknown	0.03521	0.02651	2802000	79585000	105693000	1	4
Alternaria panax	Alternaria postmessia	unknown	0.03342	0.03166	2660000	79585000	84021000	1	2
Alternaria panax	Alternaria atra	unknown	0.03222	0.02983	2564000	79585000	85950000	1	2
Alternaria panax	Alternaria burnsii	unknown	0.0318	0.02543	2531000	79585000	99525000	1	3
Alternaria panax	Alternaria dauci	unknown	0.0274	0.0297	2181000	79585000	73427000	1	2
Alternaria panax	Alternaria arbusti	unknown	0.01445	0.01408	1150000	79585000	81657000	1	2
Alternaria panax	Alternaria novae-zelandiae	unknown	0.0144	0.01456	1146000	79585000	78693000	1	2
Alternaria panax	Alternaria infectoria	unknown	0.01437	0.01454	1144000	79585000	78698000	1	2
Alternaria panax	Alternaria triticimaculans	unknown	0.01434	0.0142	1141000	79585000	80354000	1	2
Alternaria panax	Alternaria conjuncta	unknown	0.01429	0.01399	1137000	79585000	81299000	1	2
Alternaria panax	Alternaria viburni	unknown	0.01421	0.01383	1131000	79585000	81763000	1	2
Alternaria panax	Alternaria incomplexa	unknown	0.01417	0.01442	1128000	79585000	78237000	1	2
Alternaria panax	Alternaria ethzedia	unknown	0.01411	0.01404	1123000	79585000	79970000	1	2
Alternaria panax	Alternaria metachromatica	unknown	0.01411	0.01429	1123000	79585000	78588000	1	2
Alternaria panax	Alternaria hordeiaustralica	unknown	0.01397	0.01411	1112000	79585000	78827000	1	2
Alternaria panax	Alternaria rosae	unknown	0.01363	0.01381	1085000	79585000	78565000	1	1
Alternaria panax	Alternaria ventricosa	unknown	0.01308	0.01334	1041000	79585000	78014000	1	2
Bipolaris maydis	Bipolaris sorokiniana	genus	0.145	0.15238	13298000	91711000	87268000	7	3
Bipolaris maydis	Bipolaris zeicola	genus	0.114	0.1297	10455000	91711000	80611000	7	2
Bipolaris maydis	Bipolaris victoriae	genus	0.11355	0.12845	10414000	91711000	81073000	7	2
Bipolaris maydis	Bipolaris sivanesaniana	unknown	0.11125	0.13795	10203000	91711000	73959000	7	1
Bipolaris maydis	Bipolaris oryzae	genus	0.10185	0.11911	9341000	91711000	78426000	7	2
Bipolaris sorokiniana	Bipolaris maydis	genus	0.15238	0.145	13298000	87268000	91711000	3	7
Bipolaris sorokiniana	Bipolaris victoriae	genus	0.14069	0.15144	12278000	87268000	81073000	3	2
Bipolaris sorokiniana	Bipolaris zeicola	genus	0.13854	0.14998	12090000	87268000	80611000	3	2
Bipolaris sorokiniana	Bipolaris sivanesaniana	unknown	0.13684	0.16147	11942000	87268000	73959000	3	1
Bipolaris sorokiniana	Bipolaris oryzae	genus	0.1254	0.13953	10943000	87268000	78426000	3	2
Bipolaris victoriae	Bipolaris zeicola	genus	0.76855	0.77296	62309000	81073000	80611000	2	2
Bipolaris victoriae	Bipolaris sivanesaniana	unknown	0.52983	0.58079	42955000	81073000	73959000	2	1
Bipolaris victoriae	Bipolaris sorokiniana	genus	0.15144	0.14069	12278000	81073000	87268000	2	3
Bipolaris victoriae	Bipolaris oryzae	genus	0.13281	0.13729	10767000	81073000	78426000	2	2
Bipolaris victoriae	Bipolaris maydis	genus	0.12845	0.11355	10414000	81073000	91711000	2	7
Bipolaris zeicola	Bipolaris victoriae	genus	0.77296	0.76855	62309000	80611000	81073000	2	2
Bipolaris zeicola	Bipolaris sivanesaniana	unknown	0.5284	0.57593	42595000	80611000	73959000	2	1
Bipolaris zeicola	Bipolaris sorokiniana	genus	0.14998	0.13854	12090000	80611000	87268000	2	3
Bipolaris zeicola	Bipolaris oryzae	genus	0.13316	0.13687	10734000	80611000	78426000	2	2
Bipolaris zeicola	Bipolaris maydis	genus	0.1297	0.114	10455000	80611000	91711000	2	7
Blumeria graminis	Blumeria hordei	unknown	0.13918	0.15871	7245000	52055000	45649000	3	1
Botryosphaeria dothidea	Neofusicoccum parvum	unknown	0.0118	0.00816	1058000	89650000	129697000	1	4
Botryosphaeria dothidea	Neofusicoccum ribis	unknown	0.01044	0.01058	936000	89650000	88500000	1	1
Botrytis cinerea	Botryotinia calthae	unknown	0.20748	0.32754	27363000	131882000	83541000	12	1
Botrytis cinerea	Botryotinia convoluta	unknown	0.08492	0.13202	11200000	131882000	84835000	12	1
Botrytis cinerea	Botrytis paeoniae	unknown	0.07556	0.11911	9965000	131882000	83660000	12	1
Botrytis cinerea	Botrytis elliptica	genus	0.06609	0.09948	8716000	131882000	87616000	12	1
Botrytis cinerea	Botrytis tulipae	unknown	0.06322	0.09582	8338000	131882000	87014000	12	1
Botrytis cinerea	Botrytis hyacinthi	unknown	0.06219	0.09661	8202000	131882000	84898000	12	1
Botrytis cinerea	Botrytis galanthina	unknown	0.06199	0.0933	8176000	131882000	87627000	12	1
Botrytis cinerea	Botrytis porri	unknown	0.05476	0.09135	7222000	131882000	79055000	12	1
Botrytis cinerea	Botryotinia narcissicola	unknown	0.05171	0.08432	6819000	131882000	80874000	12	1
Cercospora beticola	Cercospora berteroae	unknown	0.11596	0.13718	11826000	101987000	86205000	5	1
Cercospora zeae-maydis	Cercospora beticola	genus	0.01139	0.00828	844000	74108000	101987000	1	5
Cercospora zeae-maydis	Cercospora berteroae	unknown	0.01127	0.00969	835000	74108000	86205000	1	1
Colletotrichum asianum	Colletotrichum sp.	unknown	0.67765	0.24148	90849000	134065000	376216000	2	11
Colletotrichum asianum	Colletotrichum siamense	genus	0.4106	0.30194	55047000	134065000	182311000	2	4
Colletotrichum asianum	Colletotrichum gloeosporioides	genus	0.40254	0.26379	53966000	134065000	204580000	2	3
Colletotrichum asianum	Colletotrichum chrysophilum	unknown	0.3364	0.3415	45100000	134065000	132065000	2	2
Colletotrichum asianum	Colletotrichum fructicola	genus	0.32876	0.36275	44075000	134065000	121502000	2	4
Colletotrichum asianum	Colletotrichum tropicale	unknown	0.29296	0.37888	39276000	134065000	103663000	2	1
Colletotrichum asianum	Colletotrichum viniferum	unknown	0.28267	0.38039	37896000	134065000	99624000	2	1
Colletotrichum asianum	Colletotrichum noveboracense	unknown	0.27929	0.40292	37443000	134065000	92930000	2	1
Colletotrichum asianum	Colletotrichum kahawae	unknown	0.13857	0.15423	18577000	134065000	120447000	2	1
Colletotrichum asianum	Colletotrichum camelliae	genus	0.12481	0.15603	16733000	134065000	107245000	2	1
Colletotrichum asianum	Colletotrichum karsti	unknown	0.01094	0.01451	1467000	134065000	101115000	2	2
Colletotrichum fructicola	Colletotrichum sp.	unknown	0.75066	0.24243	91207000	121502000	376216000	4	11
Colletotrichum fructicola	Colletotrichum chrysophilum	unknown	0.63651	0.5856	77337000	121502000	132065000	4	2
Colletotrichum fructicola	Colletotrichum siamense	genus	0.54654	0.36425	66406000	121502000	182311000	4	4
Colletotrichum fructicola	Colletotrichum gloeosporioides	genus	0.53717	0.31903	65267000	121502000	204580000	4	3
Colletotrichum fructicola	Colletotrichum noveboracense	unknown	0.43284	0.56592	52591000	121502000	92930000	4	1
Colletotrichum fructicola	Colletotrichum viniferum	unknown	0.36959	0.45075	44906000	121502000	99624000	4	1
Colletotrichum fructicola	Colletotrichum asianum	genus	0.36275	0.32876	44075000	121502000	134065000	4	2
Colletotrichum fructicola	Colletotrichum tropicale	unknown	0.34943	0.40957	42457000	121502000	103663000	4	1
Colletotrichum fructicola	Colletotrichum kahawae	unknown	0.14866	0.14996	18062000	121502000	120447000	4	1
Colletotrichum fructicola	Colletotrichum camelliae	genus	0.1345	0.15238	16342000	121502000	107245000	4	1
Colletotrichum fructicola	Colletotrichum karsti	unknown	0.01221	0.01467	1483000	121502000	101115000	4	2
Colletotrichum gloeosporioides	Colletotrichum noveboracense	unknown	0.42586	0.93751	87123000	204580000	92930000	3	1
Colletotrichum gloeosporioides	Colletotrichum sp.	unknown	0.42217	0.22957	86367000	204580000	376216000	3	11
Colletotrichum gloeosporioides	Colletotrichum chrysophilum	unknown	0.34501	0.53445	70582000	204580000	132065000	3	2
Colletotrichum gloeosporioides	Colletotrichum siamense	genus	0.3443	0.38635	70436000	204580000	182311000	3	4
Colletotrichum gloeosporioides	Colletotrichum fructicola	genus	0.31903	0.53717	65267000	204580000	121502000	3	4
Colletotrichum gloeosporioides	Colletotrichum asianum	genus	0.26379	0.40254	53966000	204580000	134065000	3	2
Colletotrichum gloeosporioides	Colletotrichum viniferum	unknown	0.25793	0.52967	52768000	204580000	99624000	3	1
Colletotrichum gloeosporioides	Colletotrichum tropicale	unknown	0.23621	0.46615	48323000	204580000	103663000	3	1
Colletotrichum gloeosporioides	Colletotrichum kahawae	unknown	0.12009	0.20398	24569000	204580000	120447000	3	1
Colletotrichum gloeosporioides	Colletotrichum camelliae	genus	0.10748	0.20504	21989000	204580000	107245000	3	1
Colletotrichum graminicola	Colletotrichum somersetense	unknown	0.08653	0.08461	7787000	89994000	92034000	3	1
Colletotrichum graminicola	Colletotrichum zoysiae	unknown	0.08453	0.08222	7607000	89994000	92517000	3	1
Colletotrichum graminicola	Colletotrichum caudatum	unknown	0.08333	0.08389	7499000	89994000	89386000	3	1
Colletotrichum graminicola	Colletotrichum sublineola	unknown	0.06968	0.0611	6271000	89994000	102639000	3	2
Colletotrichum graminicola	Colletotrichum eremochloae	unknown	0.06887	0.0664	6198000	89994000	93339000	3	1
Colletotrichum graminicola	Colletotrichum cereale	unknown	0.06504	0.06026	5853000	89994000	97123000	3	1
Colletotrichum graminicola	Colletotrichum falcatum	unknown	0.06338	0.06357	5704000	89994000	89724000	3	1
Colletotrichum graminicola	Colletotrichum tofieldiae	unknown	0.02631	0.0254	2368000	89994000	93210000	3	1
Colletotrichum graminicola	Colletotrichum incanum	unknown	0.02437	0.02171	2193000	89994000	101001000	3	2
Colletotrichum graminicola	Colletotrichum tabaci	unknown	0.01467	0.01401	1320000	89994000	94221000	3	1
Colletotrichum graminicola	Colletotrichum higginsianum	genus	0.01451	0.01266	1306000	89994000	103133000	3	3
Colletotrichum graminicola	Colletotrichum destructivum	unknown	0.01383	0.01192	1245000	89994000	104454000	3	2
Colletotrichum graminicola	Colletotrichum shisoi	unknown	0.0135	0.01474	1215000	89994000	82404000	3	1
Colletotrichum graminicola	Colletotrichum tanaceti	unknown	0.01281	0.01327	1153000	89994000	86870000	3	2
Colletotrichum graminicola	Colletotrichum sp.	unknown	0.01218	0.00291	1096000	89994000	376216000	3	11
Colletotrichum siamense	Colletotrichum sp.	unknown	0.61617	0.29859	112334000	182311000	376216000	4	11
Colletotrichum siamense	Colletotrichum gloeosporioides	genus	0.38635	0.3443	70436000	182311000	204580000	4	3
Colletotrichum siamense	Colletotrichum fructicola	genus	0.36425	0.54654	66406000	182311000	121502000	4	4
Colletotrichum siamense	Colletotrichum chrysophilum	unknown	0.34802	0.48043	63448000	182311000	132065000	4	2
Colletotrichum siamense	Colletotrichum tropicale	unknown	0.31916	0.5613	58186000	182311000	103663000	4	1
Colletotrichum siamense	Colletotrichum asianum	genus	0.30194	0.4106	55047000	182311000	134065000	4	2
Colletotrichum siamense	Colletotrichum viniferum	unknown	0.28565	0.52274	52077000	182311000	99624000	4	1
Colletotrichum siamense	Colletotrichum noveboracense	unknown	0.28489	0.55889	51938000	182311000	92930000	4	1
Colletotrichum siamense	Colletotrichum kahawae	unknown	0.11915	0.18034	21722000	182311000	120447000	4	1
Colletotrichum siamense	Colletotrichum camelliae	genus	0.1099	0.18682	20036000	182311000	107245000	4	1
Fusarium avenaceum	Fusarium acuminatum	unknown	0.13163	0.29993	24472000	185916000	81593000	3	1
Fusarium avenaceum	Fusarium torulosum	unknown	0.09079	0.17586	16879000	185916000	95978000	3	1
Fusarium avenaceum	Fusarium lateritium	unknown	0.08135	0.02607	15125000	185916000	580214000	3	15
Fusarium avenaceum	Fusarium sp.	unknown	0.0112	0.00353	2083000	185916000	590183000	3	6
Fusarium culmorum	Fusarium graminearum	genus	0.50188	0.37281	51330000	102276000	137685000	8	31
Fusarium culmorum	Fusarium austroamericanum	unknown	0.4454	0.50729	45554000	102276000	89798000	8	1
Fusarium culmorum	Fusarium pseudograminearum	genus	0.37598	0.27482	38454000	102276000	139926000	8	5
Fusarium culmorum	Fusarium lateritium	unknown	0.07309	0.01288	7475000	102276000	580214000	8	15
Fusarium culmorum	Fusarium langsethiae	unknown	0.06216	0.06535	6357000	102276000	97282000	8	3
Fusarium culmorum	Fusarium sporotrichioides	genus	0.05972	0.068	6108000	102276000	89828000	8	1
Fusarium culmorum	Fusarium sp.	unknown	0.0581	0.01007	5942000	102276000	590183000	8	6
Fusarium culmorum	Fusarium venenatum	unknown	0.05243	0.05723	5362000	102276000	93687000	8	2
Fusarium culmorum	Fusarium sambucinum	genus	0.05116	0.05177	5232000	102276000	101061000	8	3
Fusarium culmorum	Fusarium poae	unknown	0.04894	0.04475	5005000	102276000	111833000	8	4
Fusarium culmorum	Fusarium longipes	unknown	0.01984	0.02352	2029000	102276000	86279000	8	1
Fusarium culmorum	Fusarium equiseti	unknown	0.01864	0.01192	1906000	102276000	159897000	8	2
Fusarium culmorum	Fusarium flagelliforme	unknown	0.01525	0.01624	1560000	102276000	96034000	8	1
Fusarium culmorum	Fusarium oxysporum	genus	0.01469	0.00258	1502000	102276000	582477000	8	57
Fusarium culmorum	Fusarium irregulare	unknown	0.01389	0.0158	1421000	102276000	89931000	8	2
Fusarium fujikuroi	Fusarium proliferatum	genus	0.55044	0.35251	88528000	160831000	251136000	18	9
Fusarium fujikuroi	Fusarium globosum	unknown	0.39089	0.58589	62867000	160831000	107301000	18	1
Fusarium fujikuroi	Fusarium annulatum	unknown	0.36743	0.62206	59094000	160831000	94998000	18	1
Fusarium fujikuroi	Fusarium sp.	unknown	0.29448	0.08025	47362000	160831000	590183000	18	6
Fusarium fujikuroi	Fusarium mangiferae	unknown	0.28487	0.40848	45816000	160831000	112163000	18	2
Fusarium fujikuroi	Fusarium chuoi	unknown	0.26144	0.32596	42048000	160831000	128999000	18	2
Fusarium fujikuroi	Fusarium oxysporum	genus	0.15834	0.04372	25466000	160831000	582477000	18	57
Fusarium fujikuroi	Fusarium acutatum	unknown	0.12119	0.18836	19491000	160831000	103475000	18	1
Fusarium fujikuroi	Fusarium nygamai	unknown	0.10961	0.16477	17628000	160831000	106983000	18	1
Fusarium fujikuroi	Fusarium phyllophilum	unknown	0.1087	0.167	17482000	160831000	104684000	18	1
Fusarium fujikuroi	Fusarium odoratissimum	genus	0.10639	0.13128	17111000	160831000	130339000	18	4
Fusarium fujikuroi	Fusarium mundagurra	unknown	0.10427	0.14624	16770000	160831000	114676000	18	1
Fusarium fujikuroi	Fusarium agapanthi	unknown	0.10348	0.17326	16642000	160831000	96054000	18	1
Fusarium fujikuroi	Fusarium denticulatum	unknown	0.09793	0.15209	15750000	160831000	103559000	18	1
Fusarium fujikuroi	Fusarium mexicanum	unknown	0.09672	0.14538	15556000	160831000	107006000	18	1
Fusarium fujikuroi	Fusarium anthophilum	unknown	0.09601	0.14242	15442000	160831000	108426000	18	1
Fusarium fujikuroi	Fusarium pseudocircinatum	unknown	0.09557	0.14549	15371000	160831000	105653000	18	1
Fusarium fujikuroi	Fusarium bulbicola	unknown	0.09532	0.14663	15330000	160831000	104548000	18	1
Fusarium fujikuroi	Fusarium circinatum	unknown	0.09394	0.14838	15108000	160831000	101817000	18	1
Fusarium fujikuroi	Fusarium verticillioides	genus	0.09312	0.12157	14976000	160831000	123188000	18	4
Fusarium fujikuroi	Fusarium pseudoanthophilum	unknown	0.09169	0.14166	14747000	160831000	104102000	18	1
Fusarium fujikuroi	Fusarium tjaetaba	unknown	0.09101	0.13844	14638000	160831000	105737000	18	2
Fusarium fujikuroi	Fusarium napiforme	unknown	0.08937	0.14099	14373000	160831000	101946000	18	1
Fusarium fujikuroi	Fusarium coicis	unknown	0.08584	0.13589	13806000	160831000	101598000	18	1
Fusarium fujikuroi	Fusarium musae	unknown	0.08411	0.14383	13528000	160831000	94056000	18	2
Fusarium fujikuroi	Fusarium gaditjirri	unknown	0.06384	0.10202	10268000	160831000	100644000	18	1
Fusarium fujikuroi	Fusarium beomiforme	unknown	0.0127	0.01911	2042000	160831000	106883000	18	1
Fusarium fujikuroi	Fusarium lateritium	unknown	0.01101	0.00305	1770000	160831000	580214000	18	15
Fusarium graminearum	Fusarium austroamericanum	unknown	0.46869	0.71864	64532000	137685000	89798000	31	1
Fusarium graminearum	Fusarium culmorum	genus	0.37281	0.50188	51330000	137685000	102276000	31	8
Fusarium graminearum	Fusarium pseudograminearum	genus	0.27492	0.27051	37852000	137685000	139926000	31	5
Fusarium graminearum	Fusarium lateritium	unknown	0.05416	0.01285	7457000	137685000	580214000	31	15
Fusarium graminearum	Fusarium langsethiae	unknown	0.04655	0.06588	6409000	137685000	97282000	31	3
Fusarium graminearum	Fusarium sporotrichioides	genus	0.04519	0.06927	6222000	137685000	89828000	31	1
Fusarium graminearum	Fusarium sp.	unknown	0.0432	0.01008	5948000	137685000	590183000	31	6
Fusarium graminearum	Fusarium venenatum	unknown	0.03871	0.05689	5330000	137685000	93687000	31	2
Fusarium graminearum	Fusarium sambucinum	genus	0.03798	0.05174	5229000	137685000	101061000	31	3
Fusarium graminearum	Fusarium poae	unknown	0.03699	0.04554	5093000	137685000	111833000	31	4
Fusarium graminearum	Fusarium longipes	unknown	0.0145	0.02313	1996000	137685000	86279000	31	1
Fusarium graminearum	Fusarium equiseti	unknown	0.014	0.01206	1928000	137685000	159897000	31	2
Fusarium graminearum	Fusarium flagelliforme	unknown	0.01088	0.0156	1498000	137685000	96034000	31	1
Fusarium graminearum	Fusarium oxysporum	genus	0.0108	0.00255	1487000	137685000	582477000	31	57
Fusarium graminearum	Fusarium irregulare	unknown	0.01061	0.01625	1461000	137685000	89931000	31	2
Fusarium odoratissimum	Fusarium oxysporum	genus	0.92632	0.20728	120735000	130339000	582477000	4	57
Fusarium odoratissimum	Fusarium proliferatum	genus	0.16468	0.08547	21464000	130339000	251136000	4	9
Fusarium odoratissimum	Fusarium acutatum	unknown	0.14801	0.18643	19291000	130339000	103475000	4	1
Fusarium odoratissimum	Fusarium gaditjirri	unknown	0.13857	0.17945	18061000	130339000	100644000	4	1
Fusarium odoratissimum	Fusarium nygamai	unknown	0.13264	0.1616	17288000	130339000	106983000	4	1
Fusarium odoratissimum	Fusarium chuoi	unknown	0.13202	0.13339	17207000	130339000	128999000	4	2
Fusarium odoratissimum	Fusarium fujikuroi	genus	0.13128	0.10639	17111000	130339000	160831000	4	18
Fusarium odoratissimum	Fusarium phyllophilum	unknown	0.13031	0.16224	16984000	130339000	104684000	4	1
Fusarium odoratissimum	Fusarium mundagurra	unknown	0.12761	0.14504	16633000	130339000	114676000	4	1
Fusarium odoratissimum	Fusarium sp.	unknown	0.12597	0.02782	16419000	130339000	590183000	4	6
Fusarium odoratissimum	Fusarium agapanthi	unknown	0.12385	0.16806	16143000	130339000	96054000	4	1
Fusarium odoratissimum	Fusarium mangiferae	unknown	0.12219	0.14199	15926000	130339000	112163000	4	2
Fusarium odoratissimum	Fusarium globosum	unknown	0.11831	0.14372	15421000	130339000	107301000	4	1
Fusarium odoratissimum	Fusarium mexicanum	unknown	0.11596	0.14124	15114000	130339000	107006000	4	1
Fusarium odoratissimum	Fusarium annulatum	unknown	0.11568	0.15872	15078000	130339000	94998000	4	1
Fusarium odoratissimum	Fusarium denticulatum	unknown	0.11563	0.14553	15071000	130339000	103559000	4	1
Fusarium odoratissimum	Fusarium anthophilum	unknown	0.1143	0.1374	14898000	130339000	108426000	4	1
Fusarium odoratissimum	Fusarium bulbicola	unknown	0.11408	0.14222	14869000	130339000	104548000	4	1
Fusarium odoratissimum	Fusarium pseudocircinatum	unknown	0.11241	0.13868	14652000	130339000	105653000	4	1
Fusarium odoratissimum	Fusarium circinatum	unknown	0.1123	0.14376	14637000	130339000	101817000	4	1
Fusarium odoratissimum	Fusarium verticillioides	genus	0.11005	0.11644	14344000	130339000	123188000	4	4
Fusarium odoratissimum	Fusarium tjaetaba	unknown	0.10892	0.13426	14196000	130339000	105737000	4	2
Fusarium odoratissimum	Fusarium pseudoanthophilum	unknown	0.10872	0.13613	14171000	130339000	104102000	4	1
Fusarium odoratissimum	Fusarium napiforme	unknown	0.10613	0.13569	13833000	130339000	101946000	4	1
Fusarium odoratissimum	Fusarium musae	unknown	0.10092	0.13985	13154000	130339000	94056000	4	2
Fusarium odoratissimum	Fusarium coicis	unknown	0.09982	0.12805	13010000	130339000	101598000	4	1
Fusarium odoratissimum	Fusarium beomiforme	unknown	0.02172	0.02649	2831000	130339000	106883000	4	1
Fusarium odoratissimum	Fusarium lateritium	unknown	0.016	0.00359	2085000	130339000	580214000	4	15
Fusarium odoratissimum	Fusarium austroafricanum	unknown	0.01201	0.01457	1565000	130339000	107424000	4	1
Fusarium oxysporum	Fusarium odoratissimum	genus	0.20728	0.92632	120735000	582477000	130339000	57	4
Fusarium oxysporum	Fusarium proliferatum	genus	0.06737	0.15626	39243000	582477000	251136000	57	9
Fusarium oxysporum	Fusarium acutatum	unknown	0.0478	0.26907	27842000	582477000	103475000	57	1
Fusarium oxysporum	Fusarium nygamai	unknown	0.04644	0.25286	27052000	582477000	106983000	57	1
Fusarium oxysporum	Fusarium gaditjirri	unknown	0.04567	0.26429	26599000	582477000	100644000	57	1
Fusarium oxysporum	Fusarium mundagurra	unknown	0.0453	0.23007	26384000	582477000	114676000	57	1
Fusarium oxysporum	Fusarium fujikuroi	genus	0.04372	0.15834	25466000	582477000	160831000	57	18
Fusarium oxysporum	Fusarium chuoi	unknown	0.04229	0.19096	24634000	582477000	128999000	57	2
Fusarium oxysporum	Fusarium phyllophilum	unknown	0.04158	0.23134	24218000	582477000	104684000	57	1
Fusarium oxysporum	Fusarium sp.	unknown	0.0412	0.04066	23997000	582477000	590183000	57	6
Fusarium oxysporum	Fusarium agapanthi	unknown	0.03922	0.23782	22844000	582477000	96054000	57	1
Fusarium oxysporum	Fusarium mangiferae	unknown	0.0388	0.20152	22603000	582477000	112163000	57	2
Fusarium oxysporum	Fusarium globosum	unknown	0.03775	0.20493	21989000	582477000	107301000	57	1
Fusarium oxysporum	Fusarium anthophilum	unknown	0.03771	0.20259	21966000	582477000	108426000	57	1
Fusarium oxysporum	Fusarium denticulatum	unknown	0.0368	0.20699	21436000	582477000	103559000	57	1
Fusarium oxysporum	Fusarium mexicanum	unknown	0.03658	0.1991	21305000	582477000	107006000	57	1
Fusarium oxysporum	Fusarium bulbicola	unknown	0.03628	0.20211	21130000	582477000	104548000	57	1
Fusarium oxysporum	Fusarium annulatum	unknown	0.03612	0.22148	21040000	582477000	94998000	57	1
Fusarium oxysporum	Fusarium pseudocircinatum	unknown	0.03545	0.19541	20646000	582477000	105653000	57	1
Fusarium oxysporum	Fusarium circinatum	unknown	0.03525	0.20164	20530000	582477000	101817000	57	1
Fusarium oxysporum	Fusarium verticillioides	genus	0.0352	0.16642	20501000	582477000	123188000	57	4
Fusarium oxysporum	Fusarium pseudoanthophilum	unknown	0.03394	0.18989	19768000	582477000	104102000	57	1
Fusarium oxysporum	Fusarium tjaetaba	unknown	0.03394	0.18699	19772000	582477000	105737000	57	2
Fusarium oxysporum	Fusarium napiforme	unknown	0.03326	0.19005	19375000	582477000	101946000	57	1
Fusarium oxysporum	Fusarium coicis	unknown	0.0317	0.18177	18467000	582477000	101598000	57	1
Fusarium oxysporum	Fusarium musae	unknown	0.03167	0.19614	18448000	582477000	94056000	57	2
Fusarium oxysporum	Fusarium beomiforme	unknown	0.01055	0.05749	6145000	582477000	106883000	57	1
Fusarium proliferatum	Fusarium fujikuroi	genus	0.35251	0.55044	88528000	251136000	160831000	9	18
Fusarium proliferatum	Fusarium annulatum	unknown	0.35068	0.92706	88069000	251136000	94998000	9	1
Fusarium proliferatum	Fusarium globosum	unknown	0.30742	0.71952	77205000	251136000	107301000	9	1
Fusarium proliferatum	Fusarium mangiferae	unknown	0.29484	0.66015	74044000	251136000	112163000	9	2
Fusarium proliferatum	Fusarium sp.	unknown	0.2527	0.10753	63462000	251136000	590183000	9	6
Fusarium proliferatum	Fusarium chuoi	unknown	0.21631	0.42112	54324000	251136000	128999000	9	2
Fusarium proliferatum	Fusarium oxysporum	genus	0.15626	0.06737	39243000	251136000	582477000	9	57
Fusarium proliferatum	Fusarium acutatum	unknown	0.0956	0.23202	24008000	251136000	103475000	9	1
Fusarium proliferatum	Fusarium nygamai	unknown	0.0885	0.20775	22226000	251136000	106983000	9	1
Fusarium proliferatum	Fusarium phyllophilum	unknown	0.08607	0.20649	21616000	251136000	104684000	9	1
Fusarium proliferatum	Fusarium odoratissimum	genus	0.08547	0.16468	21464000	251136000	130339000	9	4
Fusarium proliferatum	Fusarium mundagurra	unknown	0.08481	0.18572	21298000	251136000	114676000	9	1
Fusarium proliferatum	Fusarium agapanthi	unknown	0.08141	0.21286	20446000	251136000	96054000	9	1
Fusarium proliferatum	Fusarium denticulatum	unknown	0.07754	0.18804	19473000	251136000	103559000	9	1
Fusarium proliferatum	Fusarium anthophilum	unknown	0.07668	0.17761	19257000	251136000	108426000	9	1
Fusarium proliferatum	Fusarium mexicanum	unknown	0.07633	0.17913	19168000	251136000	107006000	9	1
Fusarium proliferatum	Fusarium bulbicola	unknown	0.07498	0.1801	18829000	251136000	104548000	9	1
Fusarium proliferatum	Fusarium pseudocircinatum	unknown	0.07498	0.17822	18830000	251136000	105653000	9	1
Fusarium proliferatum	Fusarium circinatum	unknown	0.07371	0.1818	18510000	251136000	101817000	9	1
Fusarium proliferatum	Fusarium verticillioides	genus	0.07336	0.14955	18423000	251136000	123188000	9	4
Fusarium proliferatum	Fusarium pseudoanthophilum	unknown	0.07211	0.17395	18109000	251136000	104102000	9	1
Fusarium proliferatum	Fusarium tjaetaba	unknown	0.07177	0.17047	18025000	251136000	105737000	9	2
Fusarium proliferatum	Fusarium napiforme	unknown	0.06999	0.17241	17577000	251136000	101946000	9	1
Fusarium proliferatum	Fusarium coicis	unknown	0.06733	0.16644	16910000	251136000	101598000	9	1
Fusarium proliferatum	Fusarium musae	unknown	0.06629	0.17701	16649000	251136000	94056000	9	2
Fusarium proliferatum	Fusarium gaditjirri	unknown	0.05024	0.12537	12618000	251136000	100644000	9	1
Fusarium proliferatum	Fusarium beomiforme	unknown	0.01155	0.02714	2901000	251136000	106883000	9	1
Fusarium pseudograminearum	Fusarium culmorum	genus	0.27482	0.37598	38454000	139926000	102276000	5	8
Fusarium pseudograminearum	Fusarium graminearum	genus	0.27051	0.27492	37852000	139926000	137685000	5	31
Fusarium pseudograminearum	Fusarium austroamericanum	unknown	0.24208	0.37721	33873000	139926000	89798000	5	1
Fusarium pseudograminearum	Fusarium lateritium	unknown	0.06303	0.0152	8820000	139926000	580214000	5	15
Fusarium pseudograminearum	Fusarium langsethiae	unknown	0.05139	0.07392	7191000	139926000	97282000	5	3
Fusarium pseudograminearum	Fusarium sporotrichioides	genus	0.05126	0.07985	7173000	139926000	89828000	5	1
Fusarium pseudograminearum	Fusarium sp.	unknown	0.0497	0.01178	6954000	139926000	590183000	5	6
Fusarium pseudograminearum	Fusarium venenatum	unknown	0.04486	0.067	6277000	139926000	93687000	5	2
Fusarium pseudograminearum	Fusarium sambucinum	genus	0.04398	0.06089	6154000	139926000	101061000	5	3
Fusarium pseudograminearum	Fusarium poae	unknown	0.04137	0.05176	5789000	139926000	111833000	5	4
Fusarium pseudograminearum	Fusarium longipes	unknown	0.01683	0.0273	2355000	139926000	86279000	5	1
Fusarium pseudograminearum	Fusarium equiseti	unknown	0.01567	0.01372	2193000	139926000	159897000	5	2
Fusarium pseudograminearum	Fusarium flagelliforme	unknown	0.01251	0.01822	1750000	139926000	96034000	5	1
Fusarium pseudograminearum	Fusarium irregulare	unknown	0.01135	0.01766	1588000	139926000	89931000	5	2
Fusarium sporotrichioides	Fusarium langsethiae	unknown	0.50309	0.46455	45192000	89828000	97282000	1	3
Fusarium sporotrichioides	Fusarium lateritium	unknown	0.09918	0.01535	8909000	89828000	580214000	1	15
Fusarium sporotrichioides	Fusarium pseudograminearum	genus	0.07985	0.05126	7173000	89828000	139926000	1	5
Fusarium sporotrichioides	Fusarium sp.	unknown	0.07738	0.01178	6951000	89828000	590183000	1	6
Fusarium sporotrichioides	Fusarium venenatum	unknown	0.07248	0.0695	6511000	89828000	93687000	1	2
Fusarium sporotrichioides	Fusarium sambucinum	genus	0.07031	0.0625	6316000	89828000	101061000	1	3
Fusarium sporotrichioides	Fusarium graminearum	genus	0.06927	0.04519	6222000	89828000	137685000	1	31
Fusarium sporotrichioides	Fusarium culmorum	genus	0.068	0.05972	6108000	89828000	102276000	1	8
Fusarium sporotrichioides	Fusarium poae	unknown	0.06752	0.05423	6065000	89828000	111833000	1	4
Fusarium sporotrichioides	Fusarium austroamericanum	unknown	0.06388	0.0639	5738000	89828000	89798000	1	1
Fusarium sporotrichioides	Fusarium longipes	unknown	0.02461	0.02563	2211000	89828000	86279000	1	1
Fusarium sporotrichioides	Fusarium equiseti	unknown	0.02064	0.01159	1854000	89828000	159897000	1	2
Fusarium sporotrichioides	Fusarium flagelliforme	unknown	0.01704	0.01594	1531000	89828000	96034000	1	1
Fusarium sporotrichioides	Fusarium irregulare	unknown	0.0155	0.01548	1392000	89828000	89931000	1	2
Fusarium verticillioides	Fusarium musae	unknown	0.58873	0.77107	72524000	123188000	94056000	4	2
Fusarium verticillioides	Fusarium coicis	unknown	0.33657	0.4081	41462000	123188000	101598000	4	1
Fusarium verticillioides	Fusarium tjaetaba	unknown	0.25716	0.2996	31679000	123188000	105737000	4	2
Fusarium verticillioides	Fusarium napiforme	unknown	0.25411	0.30705	31303000	123188000	101946000	4	1
Fusarium verticillioides	Fusarium pseudoanthophilum	unknown	0.24085	0.28501	29670000	123188000	104102000	4	1
Fusarium verticillioides	Fusarium nygamai	unknown	0.23856	0.2747	29388000	123188000	106983000	4	1
Fusarium verticillioides	Fusarium denticulatum	unknown	0.22135	0.26331	27268000	123188000	103559000	4	1
Fusarium verticillioides	Fusarium pseudocircinatum	unknown	0.21453	0.25014	26428000	123188000	105653000	4	1
Fusarium verticillioides	Fusarium oxysporum	genus	0.16642	0.0352	20501000	123188000	582477000	4	57
Fusarium verticillioides	Fusarium mundagurra	unknown	0.16489	0.17713	20313000	123188000	114676000	4	1
Fusarium verticillioides	Fusarium acutatum	unknown	0.15211	0.18109	18738000	123188000	103475000	4	1
Fusarium verticillioides	Fusarium proliferatum	genus	0.14955	0.07336	18423000	123188000	251136000	4	9
Fusarium verticillioides	Fusarium phyllophilum	unknown	0.14492	0.17054	17853000	123188000	104684000	4	1
Fusarium verticillioides	Fusarium fujikuroi	genus	0.12157	0.09312	14976000	123188000	160831000	4	18
Fusarium verticillioides	Fusarium chuoi	unknown	0.1212	0.11575	14931000	123188000	128999000	4	2
Fusarium verticillioides	Fusarium agapanthi	unknown	0.1199	0.15377	14770000	123188000	96054000	4	1
Fusarium verticillioides	Fusarium odoratissimum	genus	0.11644	0.11005	14344000	123188000	130339000	4	4
Fusarium verticillioides	Fusarium sp.	unknown	0.11476	0.02395	14137000	123188000	590183000	4	6
Fusarium verticillioides	Fusarium mexicanum	unknown	0.1137	0.1309	14007000	123188000	107006000	4	1
Fusarium verticillioides	Fusarium mangiferae	unknown	0.11198	0.12298	13794000	123188000	112163000	4	2
Fusarium verticillioides	Fusarium bulbicola	unknown	0.11118	0.131	13696000	123188000	104548000	4	1
Fusarium verticillioides	Fusarium circinatum	unknown	0.11074	0.13399	13642000	123188000	101817000	4	1
Fusarium verticillioides	Fusarium anthophilum	unknown	0.11055	0.12561	13619000	123188000	108426000	4	1
Fusarium verticillioides	Fusarium globosum	unknown	0.1094	0.1256	13477000	123188000	107301000	4	1
Fusarium verticillioides	Fusarium annulatum	unknown	0.10647	0.13807	13116000	123188000	94998000	4	1
Fusarium verticillioides	Fusarium gaditjirri	unknown	0.072	0.08812	8869000	123188000	100644000	4	1
Fusarium verticillioides	Fusarium beomiforme	unknown	0.01503	0.01732	1851000	123188000	106883000	4	1
Fusarium verticillioides	Fusarium lateritium	unknown	0.01395	0.00296	1718000	123188000	580214000	4	15
Penicillium digitatum	Penicillium expansum	genus	0.06686	0.05573	4596000	68743000	82471000	6	1
Penicillium digitatum	Penicillium camemberti	unknown	0.0543	0.0317	3733000	68743000	117753000	6	2
Penicillium digitatum	Penicillium solitum	unknown	0.04946	0.04078	3400000	68743000	83384000	6	2
Penicillium digitatum	Penicillium biforme	unknown	0.04876	0.03737	3352000	68743000	89695000	6	1
Penicillium digitatum	Penicillium viridicatum	unknown	0.04779	0.04014	3285000	68743000	81832000	6	1
Penicillium digitatum	Penicillium palitans	unknown	0.04771	0.03869	3280000	68743000	84772000	6	1
Penicillium digitatum	Penicillium freii	unknown	0.04674	0.0416	3213000	68743000	77233000	6	1
Penicillium digitatum	Penicillium polonicum	unknown	0.04638	0.04168	3188000	68743000	76481000	6	1
Penicillium digitatum	Penicillium discolor	unknown	0.0461	0.03597	3169000	68743000	88099000	6	1
Penicillium digitatum	Penicillium crustosum	unknown	0.04396	0.03256	3022000	68743000	92807000	6	3
Penicillium digitatum	Penicillium thymicola	unknown	0.04251	0.0369	2922000	68743000	79194000	6	1
Penicillium digitatum	Penicillium nordicum	unknown	0.04037	0.03549	2775000	68743000	78196000	6	1
Penicillium digitatum	Penicillium egyptiacum	unknown	0.03891	0.0345	2675000	68743000	77531000	6	1
Penicillium digitatum	Penicillium chrysogenum	unknown	0.03682	0.02498	2531000	68743000	101315000	6	2
Penicillium digitatum	Penicillium nalgiovense	unknown	0.03605	0.02789	2478000	68743000	88860000	6	4
Penicillium digitatum	Penicillium rubens	unknown	0.03561	0.02556	2448000	68743000	95767000	6	4
Penicillium digitatum	Penicillium flavigenum	unknown	0.03362	0.03045	2311000	68743000	75904000	6	1
Penicillium digitatum	Aspergillus destruens	unknown	0.03357	0.01361	2308000	68743000	169543000	6	2
Penicillium digitatum	Penicillium roqueforti	unknown	0.03229	0.02725	2220000	68743000	81476000	6	4
Penicillium digitatum	Penicillium taurinense	unknown	0.03177	0.03008	2184000	68743000	72599000	6	1
Penicillium digitatum	Penicillium vulpinum	unknown	0.02595	0.02412	1784000	68743000	73952000	6	1
Penicillium digitatum	Penicillium coprophilum	unknown	0.0197	0.02026	1354000	68743000	66833000	6	1
Penicillium expansum	Penicillium camemberti	unknown	0.08854	0.06201	7302000	82471000	117753000	1	2
Penicillium expansum	Penicillium solitum	unknown	0.08068	0.0798	6654000	82471000	83384000	1	2
Penicillium expansum	Penicillium biforme	unknown	0.07966	0.07325	6570000	82471000	89695000	1	1
Penicillium expansum	Penicillium palitans	unknown	0.07745	0.07534	6387000	82471000	84772000	1	1
Penicillium expansum	Penicillium discolor	unknown	0.07548	0.07066	6225000	82471000	88099000	1	1
Penicillium expansum	Penicillium viridicatum	unknown	0.07467	0.07525	6158000	82471000	81832000	1	1
Penicillium expansum	Penicillium freii	unknown	0.07318	0.07814	6035000	82471000	77233000	1	1
Penicillium expansum	Penicillium polonicum	unknown	0.07275	0.07845	6000000	82471000	76481000	1	1
Penicillium expansum	Penicillium crustosum	unknown	0.06882	0.06116	5676000	82471000	92807000	1	3
Penicillium expansum	Penicillium thymicola	unknown	0.06507	0.06776	5366000	82471000	79194000	1	1
Penicillium expansum	Penicillium nordicum	unknown	0.06161	0.06498	5081000	82471000	78196000	1	1
Penicillium expansum	Penicillium egyptiacum	unknown	0.05581	0.05937	4603000	82471000	77531000	1	1
Penicillium expansum	Penicillium digitatum	genus	0.05573	0.06686	4596000	82471000	68743000	1	6
Penicillium expansum	Penicillium chrysogenum	unknown	0.05326	0.04335	4392000	82471000	101315000	1	2
Penicillium expansum	Penicillium nalgiovense	unknown	0.05169	0.04797	4263000	82471000	88860000	1	4
Penicillium expansum	Penicillium rubens	unknown	0.04958	0.0427	4089000	82471000	95767000	1	4
Penicillium expansum	Aspergillus destruens	unknown	0.04902	0.02385	4043000	82471000	169543000	1	2
Penicillium expansum	Penicillium flavigenum	unknown	0.04745	0.05155	3913000	82471000	75904000	1	1
Penicillium expansum	Penicillium taurinense	unknown	0.04576	0.05198	3774000	82471000	72599000	1	1
Penicillium expansum	Penicillium roqueforti	unknown	0.04341	0.04394	3580000	82471000	81476000	1	4
Penicillium expansum	Penicillium vulpinum	unknown	0.03624	0.04042	2989000	82471000	73952000	1	1
Penicillium expansum	Penicillium coprophilum	unknown	0.02692	0.03322	2220000	82471000	66833000	1	1
Phytophthora infestans	Phytophthora cactorum	genus	0.01536	0.01249	2323000	151251000	185973000	4	18
Phytophthora infestans	Phytophthora nicotianae	genus	0.01472	0.013	2227000	151251000	171325000	4	8
Phytophthora infestans	Phytophthora idaei	unknown	0.01457	0.01623	2203000	151251000	135739000	4	3
Phytophthora infestans	Phytophthora aleatoria	unknown	0.01365	0.01997	2065000	151251000	103431000	4	1
Pyrenophora teres	Pyrenophora tritici-repentis	genus	0.09812	0.0955	10300000	104972000	107854000	6	24
Pyrenophora teres	Pyrenophora seminiperda	unknown	0.01136	0.01877	1192000	104972000	63517000	6	1
Pyrenophora tritici-repentis	Pyrenophora teres	genus	0.0955	0.09812	10300000	107854000	104972000	24	6
Pyrenophora tritici-repentis	Pyrenophora seminiperda	unknown	0.01145	0.01944	1235000	107854000	63517000	24	1
Pyricularia oryzae	Pyricularia grisea	unknown	0.66271	0.49966	83450000	125922000	167013000	45	4
Pyricularia oryzae	Pyricularia sp.	unknown	0.07032	0.10527	8855000	125922000	84115000	45	1
Pyricularia oryzae	Pyricularia pennisetigena	unknown	0.05425	0.0866	6831000	125922000	78878000	45	2
Sclerotinia sclerotiorum	Ciborinia camelliae	unknown	0.01151	0.01184	945000	82068000	79815000	3	1
Sclerotinia sclerotiorum	Botryotinia convoluta	unknown	0.01092	0.01056	896000	82068000	84835000	3	1
Sclerotinia sclerotiorum	Botrytis cinerea	family	0.01053	0.00655	864000	82068000	131882000	3	12
Sclerotinia sclerotiorum	Botrytis paeoniae	unknown	0.01027	0.01008	843000	82068000	83660000	3	1
Trichoderma virens	Trichoderma harzianum	unknown	0.06865	0.03026	7936000	115599000	262250000	4	4
Trichoderma virens	Trichoderma sp.	unknown	0.06813	0.02247	7876000	115599000	350497000	4	6
Trichoderma virens	Trichoderma velutinum	unknown	0.04096	0.05062	4735000	115599000	93542000	4	1
Trichoderma virens	Trichoderma afarasin	unknown	0.03856	0.04859	4458000	115599000	91738000	4	1
Trichoderma virens	Trichoderma lentiforme	unknown	0.03849	0.04811	4449000	115599000	92478000	4	1
Trichoderma virens	Trichoderma pleuroticola	unknown	0.03845	0.05004	4445000	115599000	88827000	4	1
Trichoderma virens	Trichoderma camerunense	unknown	0.03797	0.04717	4389000	115599000	93038000	4	2
Trichoderma virens	Trichoderma breve	unknown	0.03778	0.05098	4367000	115599000	85664000	4	2
Trichoderma virens	Trichoderma cf.	unknown	0.03743	0.04819	4327000	115599000	89787000	4	1
Trichoderma virens	Trichoderma guizhouense	unknown	0.03738	0.05178	4321000	115599000	83457000	4	1
Trichoderma virens	Trichoderma simmonsii	unknown	0.03651	0.04567	4221000	115599000	92429000	4	1
Trichoderma virens	Trichoderma compactum	unknown	0.03642	0.05197	4210000	115599000	81008000	4	1
Trichoderma virens	Trichoderma semiorbis	unknown	0.0358	0.05445	4139000	115599000	76009000	4	1
Trichoderma virens	Trichoderma aggressivum	unknown	0.03553	0.04842	4107000	115599000	84817000	4	2
Trichoderma virens	Trichoderma barbatum	unknown	0.03491	0.04767	4035000	115599000	84639000	4	1
Trichoderma virens	Trichoderma chlorosporum	unknown	0.03227	0.04382	3730000	115599000	85121000	4	1
Trichoderma virens	Trichoderma viride	unknown	0.01493	0.00761	1726000	115599000	226684000	4	4
Trichoderma virens	Trichoderma arundinaceum	unknown	0.01029	0.0152	1190000	115599000	78310000	4	1
