host	species	n_biosamples	class
Malus domestica	Alternaria alternata	7	Dothideomycetes
Malus domestica	Penicillium digitatum	3	Eurotiomycetes
Triticum aestivum	Zymoseptoria tritici	338	Dothideomycetes
Triticum aestivum	Puccinia graminis	132	Pucciniomycetes
Triticum aestivum	Alternaria alternata	47	Dothideomycetes
Triticum aestivum	Fusarium avenaceum	8	Sordariomycetes
Triticum aestivum	Puccinia striiformis	979	Pucciniomycetes
Triticum aestivum	Stemphylium lycopersici	34	Dothideomycetes
Triticum aestivum	Puccinia triticina	315	Pucciniomycetes
Triticum aestivum	Parastagonospora nodorum	69	Dothideomycetes
Triticum aestivum	Bipolaris sorokiniana	8	Dothideomycetes
Triticum aestivum	Pyrenophora tritici-repentis	45	Dothideomycetes
Triticum aestivum	Fusarium graminearum	121	Sordariomycetes
Triticum aestivum	Blumeria graminis	171	Leotiomycetes
Triticum aestivum	Pyrenophora teres	19	Dothideomycetes
Triticum aestivum	Pyricularia oryzae	6	Sordariomycetes
Triticum aestivum	Fusarium pseudograminearum	14	Sordariomycetes
Triticum aestivum	Fusarium culmorum	14	Sordariomycetes
Triticum aestivum	Cercospora beticola	2	Dothideomycetes
Triticum aestivum	Botrytis cinerea	1	Leotiomycetes
Triticum aestivum	Fusarium proliferatum	2	Sordariomycetes
Ipomoea batatas	Puccinia triticina	9	Pucciniomycetes
Ipomoea batatas	Puccinia striiformis	18	Pucciniomycetes
Ipomoea batatas	Alternaria alternata	5	Dothideomycetes
Ipomoea batatas	Puccinia graminis	4	Pucciniomycetes
Ipomoea batatas	Pyrenophora tritici-repentis	1	Dothideomycetes
Ipomoea batatas	Zymoseptoria tritici	2	Dothideomycetes
Hordeum vulgare	Bipolaris sorokiniana	6	Dothideomycetes
Hordeum vulgare	Alternaria alternata	3	Dothideomycetes
Hordeum vulgare	Pyricularia oryzae	2	Sordariomycetes
Hordeum vulgare	Pyrenophora tritici-repentis	2	Dothideomycetes
Hordeum vulgare	Puccinia striiformis	39	Pucciniomycetes
Hordeum vulgare	Zymoseptoria tritici	12	Dothideomycetes
Hordeum vulgare	Puccinia graminis	29	Pucciniomycetes
Hordeum vulgare	Parastagonospora nodorum	5	Dothideomycetes
Hordeum vulgare	Puccinia triticina	4	Pucciniomycetes
Hordeum vulgare	Pyrenophora teres	15	Dothideomycetes
Vitis vinifera	Botryosphaeria dothidea	4	Dothideomycetes
Vitis vinifera	Alternaria alternata	53	Dothideomycetes
Vitis vinifera	Botrytis cinerea	62	Leotiomycetes
Vitis vinifera	Stemphylium lycopersici	1	Dothideomycetes
Vitis vinifera	Penicillium expansum	2	Eurotiomycetes
Zea mays	Exserohilum turcicum	64	Dothideomycetes
Zea mays	Bipolaris zeicola	46	Dothideomycetes
Zea mays	Alternaria alternata	56	Dothideomycetes
Zea mays	Fusarium avenaceum	11	Sordariomycetes
Zea mays	Cercospora zeae-maydis	21	Dothideomycetes
Zea mays	Fusarium verticillioides	28	Sordariomycetes
Zea mays	Stemphylium lycopersici	2	Dothideomycetes
Zea mays	Bipolaris sorokiniana	16	Dothideomycetes
Zea mays	Bipolaris victoriae	5	Dothideomycetes
Zea mays	Pyrenophora tritici-repentis	2	Dothideomycetes
Zea mays	Bipolaris maydis	32	Dothideomycetes
Zea mays	Fusarium sporotrichioides	10	Sordariomycetes
Zea mays	Fusarium fujikuroi	3	Sordariomycetes
Zea mays	Alternaria panax	2	Dothideomycetes
Zea mays	Cercospora beticola	27	Dothideomycetes
Zea mays	Fusarium graminearum	19	Sordariomycetes
Zea mays	Rhizoctonia solani	5	Agaricomycetes
Zea mays	Colletotrichum graminicola	38	Sordariomycetes
Zea mays	Fusarium culmorum	3	Sordariomycetes
Zea mays	Fusarium pseudograminearum	2	Sordariomycetes
Zea mays	Trichoderma virens	1	Sordariomycetes
Zea mays	Mycosarcoma maydis	18	Ustilaginomycetes
Arabidopsis thaliana	Alternaria alternata	6	Dothideomycetes
Brassica napus	Plenodomus lingam	49	Dothideomycetes
Brassica napus	Botrytis cinerea	2	Leotiomycetes
Brassica napus	Sclerotinia sclerotiorum	11	Leotiomycetes
Oryza sativa	Pyricularia oryzae	70	Sordariomycetes
Oryza sativa	Rhizoctonia solani	24	Agaricomycetes
Eleusine coracana	Pyricularia oryzae	15	Sordariomycetes
Musa acuminata	Fusarium oxysporum	9	Sordariomycetes
Musa acuminata	Fusarium odoratissimum	4	Sordariomycetes
Mangifera indica	Colletotrichum siamense	4	Sordariomycetes
Mangifera indica	Colletotrichum asianum	7	Sordariomycetes
Mangifera indica	Colletotrichum gloeosporioides	4	Sordariomycetes
Mangifera indica	Colletotrichum fructicola	7	Sordariomycetes
Mangifera indica	Fusarium proliferatum	1	Sordariomycetes
Mangifera indica	Fusarium fujikuroi	1	Sordariomycetes
Glycine max	Phakopsora pachyrhizi	44	Pucciniomycetes
Glycine max	Botrytis cinerea	127	Leotiomycetes
Glycine max	Sclerotinia sclerotiorum	2	Leotiomycetes
Nicotiana tabacum	Rhizoctonia solani	12	Agaricomycetes
Solanum lycopersicum	Botrytis cinerea	22	Leotiomycetes
Solanum lycopersicum	Sclerotinia sclerotiorum	3	Leotiomycetes
Solanum lycopersicum	Phytophthora infestans	12	Peronosporomycetes
Lactuca sativa	Botrytis cinerea	35	Leotiomycetes
Cucumis sativus	Botrytis cinerea	51	Leotiomycetes
Cucurbita pepo	Botrytis cinerea	46	Leotiomycetes
Populus x canadensis	Colletotrichum fructicola	3	Sordariomycetes
