species	n	slope
Alternaria alternata	984	0.709
Bipolaris maydis	576	0.829
Bipolaris sorokiniana	675	0.635
Pyrenophora tritici-repentis	691	0.838
Ascochyta rabiei	476	0.501
Plenodomus lingam	716	0.721
Pyricularia oryzae	494	0.817
Fusarium graminearum	364	0.717
Fusarium pseudograminearum	243	0.639
Fusarium culmorum	216	0.499
Fusarium oxysporum	539	0.629
Trichoderma virens	312	0.236
Puccinia striiformis	1835	0.876
Fusarium fujikuroi	250	0.718
Fusarium avenaceum	281	0.813
Fusarium sporotrichioides	95	1.008
Fusarium verticillioides	160	0.555
Puccinia triticina	1361	0.887
Puccinia graminis	1458	0.795
Phakopsora pachyrhizi	1642	0.111
Melampsora laricis-populina	1371	0.134
Rhizoctonia solani	353	0.848
Cryphonectria parasitica	213	0.215
Blumeria graminis	415	0.683
Pyrenophora teres	632	0.807
Zymoseptoria tritici	898	0.8
Cercospora zeae-maydis	837	0.67
Bipolaris zeicola	248	1.24
Stemphylium lycopersici	376	0.756
Ascochyta lentis	341	0.545
Parastagonospora nodorum	761	0.903
Exserohilum turcicum	368	0.994
Mycosarcoma maydis	55	0.755
Botrytis cinerea	537	0.752
Colletotrichum asianum	96	0.789
Alternaria panax	174	0.918
Bipolaris victoriae	113	1.269
Aspergillus carbonarius	92	0.031
Cercospora beticola	143	0.857
Dothistroma septosporum	57	0.314
Botryosphaeria dothidea	104	1.15
Penicillium digitatum	40	0.683
Phytophthora nicotianae	73	0.349
Bipolaris oryzae	91	0.964
Pseudocercospora fijiensis	51	0.511
Pseudocercospora fuligena	30	0.767
Aspergillus niger	142	0.733
Sclerotinia sclerotiorum	549	0.934
Fusarium proliferatum	132	0.741
Phytophthora infestans	65	0.773
Phytophthora sojae	61	0.527
Verticillium longisporum	34	1.152
Colletotrichum graminicola	118	1.092
Phytophthora cactorum	100	0.211
Fulvia fulva	83	0.792
Botrytis elliptica	279	0.227
Penicillium expansum	55	0.74
Fusarium odoratissimum	35	0.719
Colletotrichum higginsianum	63	0.007
Colletotrichum gloeosporioides	127	0.861
Colletotrichum fructicola	114	0.831
Colletotrichum camelliae	64	0.709
Colletotrichum siamense	66	0.698
Phytophthora capsici	41	0.33
